RJ,5,0,0.3306970757509053,0
RJ,5,1,0.23819284705565133,0
RJ,5,2,0.37870270436913883,0
RJ,5,3,0.18345395226479558,0
RJ,5,4,0.5348050386699857,0
RJ,5,5,0.4943292292136479,0
RJ,5,6,0.41373052545061584,0
RJ,5,7,0.47398202480996904,0
RJ,5,8,0.02787692984207984,0
RJ,5,9,0.3952312567772022,0
RJ,5,10,0.5686987232594541,0
RJ,5,11,0.19063194623374355,0
RJ,5,12,0.3967418998093071,0
RJ,5,13,0.12916678420130742,0
RJ,5,14,0.22801276052581745,0
RJ,5,15,0.27097427041939065,0
RJ,5,16,0.4454679337390243,0
RJ,5,17,0.476793488378183,0
RJ,5,18,0.517515663816621,0
RJ,5,19,0.22786611417800506,0
RJ,5,20,0.4987812280480664,0
RJ,5,21,0.19706236557217932,0
RJ,5,22,0.4986466452392001,0
RJ,5,23,0.31620655688498306,0
RJ,5,24,0.5033396551039078,0
RJ,5,25,0.18886537126776598,0
RJ,5,26,0.788702062811891,0
RJ,5,27,1.0,0
RJ,5,28,0.07134797530378247,0
RJ,5,29,0.5074534994445775,0
RJ,5,30,1.0,0
RJ,5,31,0.3687318901296299,0
RJ,5,32,0.16224483576826973,0
RJ,10,0,0.27609173167629103,0
RJ,10,1,0.32764368582486614,0
RJ,10,2,0.4602877389805002,0
RJ,10,3,0.1429311269565608,0
RJ,10,4,0.3011350400253859,0
RJ,10,5,0.22814950323017752,0
RJ,10,6,0.560801747195318,0
RJ,10,7,0.3486893174705287,0
RJ,10,8,0.5135922050478036,0
RJ,10,9,0.2870182486491837,0
RJ,10,10,0.48829852016543834,0
RJ,10,11,0.3719319070228869,0
RJ,10,12,0.567475504317527,0
RJ,10,13,0.14839024441642537,0
RJ,10,14,0.30622380087894674,0
RJ,10,15,0.3288158433789101,0
RJ,10,16,0.491886035727536,0
RJ,10,17,0.46442769368381553,0
RJ,10,18,0.21911156761972342,0
RJ,10,19,0.04577201334430334,0
RJ,10,20,0.13045541628298035,0
RJ,10,21,0.6043620739320902,0
RJ,10,22,0.354135665080382,0
RJ,10,23,0.4488759431897359,0
RJ,10,24,0.1408293548385793,0
RJ,10,25,0.43117989572885107,0
RJ,10,26,0.43845599401973745,0
RJ,10,27,0.3866340622952153,0
RJ,10,28,0.8566202580906461,0
RJ,10,29,1.0,0
RJ,10,30,0.7306091874000397,0
RJ,10,31,0.564680047686106,0
RJ,10,32,0.1005235433059484,0
RJ,15,0,0.3380014578965725,0
RJ,15,1,0.43215211765450756,0
RJ,15,2,0.0186233298474183,0
RJ,15,3,0.1670077228719814,0
RJ,15,4,0.22821071183835787,0
RJ,15,5,0.3266880493385723,0
RJ,15,6,0.21452639240803792,0
RJ,15,7,0.3141042713818229,0
RJ,15,8,0.5052605030550459,0
RJ,15,9,0.18241945503680795,0
RJ,15,10,0.4576209186326699,0
RJ,15,11,0.4185589190636522,0
RJ,15,12,0.24413654136605314,0
RJ,15,13,0.2706844283030305,0
RJ,15,14,0.18709788870832947,0
RJ,15,15,0.4287718732320908,0
RJ,15,16,0.4345142569508533,0
RJ,15,17,0.2157129422974596,0
RJ,15,18,0.2128702487370482,0
RJ,15,19,0.3645824711183085,0
RJ,15,20,0.4057661896374773,0
RJ,15,21,0.4653638756180843,0
RJ,15,22,0.17087926544938187,0
RJ,15,23,0.30775058501413655,0
RJ,15,24,0.14459985677614612,0
RJ,15,25,0.327622063460464,0
RJ,15,26,0.13005518541322278,0
RJ,15,27,0.33281836455432856,0
RJ,15,28,0.19070640322617138,0
RJ,15,29,0.2524664552281533,0
RJ,15,30,0.28897025792855136,0
RJ,15,31,0.21795623467543096,0
RJ,15,32,0.3454809467428634,0
RJ,20,0,0.2949767907228553,0
RJ,20,1,0.5077949515297366,0
RJ,20,2,0.4279396933325746,0
RJ,20,3,0.15306734614410444,0
RJ,20,4,0.2514354459400126,0
RJ,20,5,0.31935003388461314,0
RJ,20,6,0.3204309270613207,0
RJ,20,7,0.2716684697584916,0
RJ,20,8,0.5102202074473261,0
RJ,20,9,0.21646144420818214,0
RJ,20,10,0.27425500166938177,0
RJ,20,11,0.40309830865404717,0
RJ,20,12,0.18528106192242508,0
RJ,20,13,0.0514017044259575,0
RJ,20,14,0.5101179338211194,0
RJ,20,15,0.2673430970571886,0
RJ,20,16,0.323149512281179,0
RJ,20,17,0.13053425603177468,0
RJ,20,18,0.18326035991602338,0
RJ,20,19,0.41704376532821236,0
RJ,20,20,0.38745228189500436,0
RJ,20,21,0.13819743326773545,0
RJ,20,22,0.6253818238390458,0
RJ,20,23,0.2921281170396084,0
RJ,20,24,0.3821152414915201,0
RJ,20,25,0.1986777434646961,0
RJ,20,26,0.3590624169285581,0
RJ,20,27,0.20782804070531227,0
RJ,20,28,0.21922431614148077,0
RJ,20,29,0.15523749104100612,0
RJ,20,30,0.3320102981140037,0
RJ,20,31,0.2694545380562042,0
RJ,20,32,0.5055184378605359,0
RJ,25,0,0.2681290281958742,0
RJ,25,1,0.32604018338355883,0
RJ,25,2,0.4995554229317176,0
RJ,25,3,0.2138357833326747,0
RJ,25,4,0.2291765962854194,0
RJ,25,5,0.06705232866696016,0
RJ,25,6,0.0718681614573675,0
RJ,25,7,0.3255582295255034,0
RJ,25,8,0.20535794393871257,0
RJ,25,9,0.22254146119022955,0
RJ,25,10,0.26034540246899085,0
RJ,25,11,0.470354242691511,0
RJ,25,12,0.1703930404193034,0
RJ,25,13,0.027154634687428018,0
RJ,25,14,0.42053356559036975,0
RJ,25,15,0.13771906411727997,0
RJ,25,16,0.2929401033704752,0
RJ,25,17,0.19111379888475177,0
RJ,25,18,0.27083578713392037,0
RJ,25,19,0.1992302327061354,0
RJ,25,20,0.1675109544220867,0
RJ,25,21,0.3262389858611923,0
RJ,25,22,0.18395163886737037,0
RJ,25,23,0.3990901122402323,0
RJ,25,24,0.06493601689639085,0
RJ,25,25,0.4261818897933705,0
RJ,25,26,0.20758883958626984,0
RJ,25,27,0.3557202522571236,0
RJ,25,28,0.15324976010427127,0
RJ,25,29,0.24845584395846543,0
RJ,25,30,0.6751496964040755,0
RJ,25,31,0.3150911267527756,0
RJ,25,32,0.0672397050968634,0
RJ,30,0,0.25677016367841876,0
RJ,30,1,0.41035705030798314,0
RJ,30,2,0.14713932767529203,0
RJ,30,3,0.19019488227684833,0
RJ,30,4,0.1967116409026759,0
RJ,30,5,0.23320761663415834,0
RJ,30,6,0.42414005453951054,0
RJ,30,7,0.39595534725992043,0
RJ,30,8,0.09433849039779693,0
RJ,30,9,0.21734964621331726,0
RJ,30,10,0.23556438951266015,0
RJ,30,11,0.4233364780880986,0
RJ,30,12,0.36186119393448446,0
RJ,30,13,0.05846460138262103,0
RJ,30,14,0.28724630136870505,0
RJ,30,15,0.165659475780834,0
RJ,30,16,0.5351045721587455,0
RJ,30,17,0.22698979425884966,0
RJ,30,18,0.010367127055953643,0
RJ,30,19,0.29845710115881185,0
RJ,30,20,0.2169816542602223,0
RJ,30,21,0.37878247739117077,0
RJ,30,22,0.3022638862780764,0
RJ,30,23,0.3014439613788165,0
RJ,30,24,0.011059692725396305,0
RJ,30,25,0.2615875632595093,0
RJ,30,26,0.27303648235831246,0
RJ,30,27,0.4137168391703284,0
RJ,30,28,0.505934432992232,0
RJ,30,29,0.16797846749612397,0
RJ,30,30,0.23956373034773573,0
RJ,30,31,0.09544005508184003,0
RJ,30,32,0.05506392439491211,0
RJ,35,0,0.25190583617205986,0
RJ,35,1,0.11817159965242055,0
RJ,35,2,0.3382524872237317,0
RJ,35,3,0.2068313461268015,0
RJ,35,4,0.1352979342154705,0
RJ,35,5,0.25200834189530624,0
RJ,35,6,0.2226250016773405,0
RJ,35,7,0.2723521478424096,0
RJ,35,8,0.4612008691460296,0
RJ,35,9,0.18425624822098421,0
RJ,35,10,0.29328444788275787,0
RJ,35,11,0.3569611016167323,0
RJ,35,12,0.4264983567807248,0
RJ,35,13,0.03362320960592064,0
RJ,35,14,0.1790206849677259,0
RJ,35,15,0.10138149237020311,0
RJ,35,16,0.4473911071980564,0
RJ,35,17,0.1513314295697652,0
RJ,35,18,0.04692545555067324,0
RJ,35,19,0.21711241739274142,0
RJ,35,20,0.20700891979616273,0
RJ,35,21,0.043434769202201226,0
RJ,35,22,0.28100738145292037,0
RJ,35,23,0.23247498113047624,0
RJ,35,24,0.19025649549558588,0
RJ,35,25,0.3075237157434688,0
RJ,35,26,0.13351078967251193,0
RJ,35,27,0.21186921202316455,0
RJ,35,28,0.2918469339934489,0
RJ,35,29,0.4386956833365184,0
RJ,35,30,0.286255833010465,0
RJ,35,31,0.2062045738081856,0
RJ,35,32,0.062321321787684,0
RJ,40,0,0.207464568975242,0
RJ,40,1,0.29462987958866504,0
RJ,40,2,0.26399445530488,0
RJ,40,3,0.18287410797404757,0
RJ,40,4,0.17563455654242494,0
RJ,40,5,0.22450903010787798,0
RJ,40,6,0.30732303066231415,0
RJ,40,7,0.2393210127640927,0
RJ,40,8,0.22512451983597404,0
RJ,40,9,0.22086797173054132,0
RJ,40,10,0.2099579945426111,0
RJ,40,11,0.2514761945931813,0
RJ,40,12,0.38646591969847705,0
RJ,40,13,0.1492918764162815,0
RJ,40,14,0.3732772552019082,0
RJ,40,15,0.33173424901736037,0
RJ,40,16,0.19966633172166628,0
RJ,40,17,0.19900244941838854,0
RJ,40,18,0.13081952433313565,0
RJ,40,19,0.21458562709327306,0
RJ,40,20,0.2565188207697513,0
RJ,40,21,0.6284860852630952,0
RJ,40,22,0.1393402242229921,0
RJ,40,23,0.32266289553315397,0
RJ,40,24,0.19035201258978166,0
RJ,40,25,0.35368069234869753,0
RJ,40,26,0.18683165412080743,0
RJ,40,27,0.23666578314580752,0
RJ,40,28,0.12860175826128206,0
RJ,40,29,0.37772414985813707,0
RJ,40,30,0.12835687890822559,0
RJ,40,31,0.016447633889219295,0
RJ,40,32,0.1134155819116479,0
BFS,5,0,0.3306970757509053,1
BFS,5,1,0.23819284705565133,1
BFS,5,2,0.37870270436913883,1
BFS,5,3,0.18345395226479558,1
BFS,5,4,0.5348050386699857,1
BFS,5,5,0.4943292292136479,1
BFS,5,6,0.41373052545061584,1
BFS,5,7,0.47398202480996904,1
BFS,5,8,0.02787692984207984,1
BFS,5,9,0.3952312567772022,1
BFS,5,10,0.5686987232594541,1
BFS,5,11,0.19063194623374355,1
BFS,5,12,0.3967418998093071,1
BFS,5,13,0.12916678420130742,1
BFS,5,14,0.22801276052581745,1
BFS,5,15,0.27097427041939065,1
BFS,5,16,0.4454679337390243,1
BFS,5,17,0.476793488378183,1
BFS,5,18,0.517515663816621,1
BFS,5,19,0.22786611417800506,1
BFS,5,20,0.4987812280480664,1
BFS,5,21,0.19706236557217932,1
BFS,5,22,0.4986466452392001,1
BFS,5,23,0.31620655688498306,1
BFS,5,24,0.5033396551039078,1
BFS,5,25,0.18886537126776598,1
BFS,5,26,0.788702062811891,1
BFS,5,27,1.0,1
BFS,5,28,0.07134797530378247,1
BFS,5,29,0.5074534994445775,1
BFS,5,30,1.0,1
BFS,5,31,0.3687318901296299,1
BFS,5,32,0.16224483576826973,1
BFS,10,0,0.27609173167629103,1
BFS,10,1,0.32764368582486614,1
BFS,10,2,0.4602877389805002,1
BFS,10,3,0.1429311269565608,1
BFS,10,4,0.3011350400253859,1
BFS,10,5,0.22814950323017752,1
BFS,10,6,0.560801747195318,1
BFS,10,7,0.3486893174705287,1
BFS,10,8,0.5135922050478036,1
BFS,10,9,0.2870182486491837,1
BFS,10,10,0.48829852016543834,1
BFS,10,11,0.3719319070228869,1
BFS,10,12,0.567475504317527,1
BFS,10,13,0.14839024441642537,1
BFS,10,14,0.30622380087894674,1
BFS,10,15,0.3288158433789101,1
BFS,10,16,0.491886035727536,1
BFS,10,17,0.46442769368381553,1
BFS,10,18,0.21911156761972342,1
BFS,10,19,0.04577201334430334,1
BFS,10,20,0.13045541628298035,1
BFS,10,21,0.6043620739320902,1
BFS,10,22,0.354135665080382,1
BFS,10,23,0.4488759431897359,1
BFS,10,24,0.1408293548385793,1
BFS,10,25,0.43117989572885107,1
BFS,10,26,0.43845599401973745,1
BFS,10,27,0.3866340622952153,1
BFS,10,28,0.8566202580906461,1
BFS,10,29,1.0,1
BFS,10,30,0.7306091874000397,1
BFS,10,31,0.564680047686106,1
BFS,10,32,0.1005235433059484,1
BFS,15,0,0.3380014578965725,1
BFS,15,1,0.43215211765450756,1
BFS,15,2,0.0186233298474183,1
BFS,15,3,0.1670077228719814,1
BFS,15,4,0.22821071183835787,1
BFS,15,5,0.3266880493385723,1
BFS,15,6,0.21452639240803792,1
BFS,15,7,0.3141042713818229,1
BFS,15,8,0.5052605030550459,1
BFS,15,9,0.18241945503680795,1
BFS,15,10,0.4576209186326699,1
BFS,15,11,0.4185589190636522,1
BFS,15,12,0.24413654136605314,1
BFS,15,13,0.2706844283030305,1
BFS,15,14,0.18709788870832947,1
BFS,15,15,0.4287718732320908,1
BFS,15,16,0.4345142569508533,1
BFS,15,17,0.2157129422974596,1
BFS,15,18,0.2128702487370482,1
BFS,15,19,0.3645824711183085,1
BFS,15,20,0.4057661896374773,1
BFS,15,21,0.4653638756180843,1
BFS,15,22,0.17087926544938187,1
BFS,15,23,0.30775058501413655,1
BFS,15,24,0.14459985677614612,1
BFS,15,25,0.327622063460464,1
BFS,15,26,0.13005518541322278,1
BFS,15,27,0.33281836455432856,1
BFS,15,28,0.19070640322617138,1
BFS,15,29,0.2524664552281533,1
BFS,15,30,0.28897025792855136,1
BFS,15,31,0.21795623467543096,1
BFS,15,32,0.3454809467428634,1
BFS,20,0,0.2949767907228553,1
BFS,20,1,0.5077949515297366,1
BFS,20,2,0.4279396933325746,1
BFS,20,3,0.15306734614410444,1
BFS,20,4,0.2514354459400126,1
BFS,20,5,0.31935003388461314,1
BFS,20,6,0.3204309270613207,1
BFS,20,7,0.2716684697584916,1
BFS,20,8,0.5102202074473261,1
BFS,20,9,0.21646144420818214,1
BFS,20,10,0.27425500166938177,1
BFS,20,11,0.40309830865404717,1
BFS,20,12,0.18528106192242508,1
BFS,20,13,0.0514017044259575,1
BFS,20,14,0.5101179338211194,1
BFS,20,15,0.2673430970571886,1
BFS,20,16,0.323149512281179,1
BFS,20,17,0.13053425603177468,1
BFS,20,18,0.18326035991602338,1
BFS,20,19,0.41704376532821236,1
BFS,20,20,0.38745228189500436,1
BFS,20,21,0.13819743326773545,1
BFS,20,22,0.6253818238390458,1
BFS,20,23,0.2921281170396084,1
BFS,20,24,0.3821152414915201,1
BFS,20,25,0.1986777434646961,1
BFS,20,26,0.3590624169285581,1
BFS,20,27,0.20782804070531227,1
BFS,20,28,0.21922431614148077,1
BFS,20,29,0.15523749104100612,1
BFS,20,30,0.3320102981140037,1
BFS,20,31,0.2694545380562042,1
BFS,20,32,0.5055184378605359,1
BFS,25,0,0.2681290281958742,1
BFS,25,1,0.32604018338355883,1
BFS,25,2,0.4995554229317176,1
BFS,25,3,0.2138357833326747,1
BFS,25,4,0.2291765962854194,1
BFS,25,5,0.06705232866696016,1
BFS,25,6,0.0718681614573675,1
BFS,25,7,0.3255582295255034,1
BFS,25,8,0.20535794393871257,1
BFS,25,9,0.22254146119022955,1
BFS,25,10,0.26034540246899085,1
BFS,25,11,0.470354242691511,1
BFS,25,12,0.1703930404193034,1
BFS,25,13,0.027154634687428018,1
BFS,25,14,0.42053356559036975,1
BFS,25,15,0.13771906411727997,1
BFS,25,16,0.2929401033704752,1
BFS,25,17,0.19111379888475177,1
BFS,25,18,0.27083578713392037,1
BFS,25,19,0.1992302327061354,1
BFS,25,20,0.1675109544220867,1
BFS,25,21,0.3262389858611923,1
BFS,25,22,0.18395163886737037,1
BFS,25,23,0.3990901122402323,1
BFS,25,24,0.06493601689639085,1
BFS,25,25,0.4261818897933705,1
BFS,25,26,0.20758883958626984,1
BFS,25,27,0.3557202522571236,1
BFS,25,28,0.15324976010427127,1
BFS,25,29,0.24845584395846543,1
BFS,25,30,0.6751496964040755,1
BFS,25,31,0.3150911267527756,1
BFS,25,32,0.0672397050968634,1
BFS,30,0,0.25677016367841876,1
BFS,30,1,0.41035705030798314,1
BFS,30,2,0.14713932767529203,1
BFS,30,3,0.19019488227684833,1
BFS,30,4,0.1967116409026759,1
BFS,30,5,0.23320761663415834,1
BFS,30,6,0.42414005453951054,1
BFS,30,7,0.39595534725992043,1
BFS,30,8,0.09433849039779693,1
BFS,30,9,0.21734964621331726,1
BFS,30,10,0.23556438951266015,1
BFS,30,11,0.4233364780880986,1
BFS,30,12,0.36186119393448446,1
BFS,30,13,0.05846460138262103,1
BFS,30,14,0.28724630136870505,1
BFS,30,15,0.165659475780834,1
BFS,30,16,0.5351045721587455,1
BFS,30,17,0.22698979425884966,1
BFS,30,18,0.010367127055953643,1
BFS,30,19,0.29845710115881185,1
BFS,30,20,0.2169816542602223,1
BFS,30,21,0.37878247739117077,1
BFS,30,22,0.3022638862780764,1
BFS,30,23,0.3014439613788165,1
BFS,30,24,0.011059692725396305,1
BFS,30,25,0.2615875632595093,1
BFS,30,26,0.27303648235831246,1
BFS,30,27,0.4137168391703284,1
BFS,30,28,0.505934432992232,1
BFS,30,29,0.16797846749612397,1
BFS,30,30,0.23956373034773573,1
BFS,30,31,0.09544005508184003,1
BFS,30,32,0.05506392439491211,1
BFS,35,0,0.25190583617205986,1
BFS,35,1,0.11817159965242055,1
BFS,35,2,0.3382524872237317,1
BFS,35,3,0.2068313461268015,1
BFS,35,4,0.1352979342154705,1
BFS,35,5,0.25200834189530624,1
BFS,35,6,0.2226250016773405,1
BFS,35,7,0.2723521478424096,1
BFS,35,8,0.4612008691460296,1
BFS,35,9,0.18425624822098421,1
BFS,35,10,0.29328444788275787,1
BFS,35,11,0.3569611016167323,1
BFS,35,12,0.4264983567807248,1
BFS,35,13,0.03362320960592064,1
BFS,35,14,0.1790206849677259,1
BFS,35,15,0.10138149237020311,1
BFS,35,16,0.4473911071980564,1
BFS,35,17,0.1513314295697652,1
BFS,35,18,0.04692545555067324,1
BFS,35,19,0.21711241739274142,1
BFS,35,20,0.20700891979616273,1
BFS,35,21,0.043434769202201226,1
BFS,35,22,0.28100738145292037,1
BFS,35,23,0.23247498113047624,1
BFS,35,24,0.19025649549558588,1
BFS,35,25,0.3075237157434688,1
BFS,35,26,0.13351078967251193,1
BFS,35,27,0.21186921202316455,1
BFS,35,28,0.2918469339934489,1
BFS,35,29,0.4386956833365184,1
BFS,35,30,0.286255833010465,1
BFS,35,31,0.2062045738081856,1
BFS,35,32,0.062321321787684,1
BFS,40,0,0.207464568975242,1
BFS,40,1,0.29462987958866504,1
BFS,40,2,0.26399445530488,1
BFS,40,3,0.18287410797404757,1
BFS,40,4,0.17563455654242494,1
BFS,40,5,0.22450903010787798,1
BFS,40,6,0.30732303066231415,1
BFS,40,7,0.2393210127640927,1
BFS,40,8,0.22512451983597404,1
BFS,40,9,0.22086797173054132,1
BFS,40,10,0.2099579945426111,1
BFS,40,11,0.2514761945931813,1
BFS,40,12,0.38646591969847705,1
BFS,40,13,0.1492918764162815,1
BFS,40,14,0.3732772552019082,1
BFS,40,15,0.33173424901736037,1
BFS,40,16,0.19966633172166628,1
BFS,40,17,0.19900244941838854,1
BFS,40,18,0.13081952433313565,1
BFS,40,19,0.21458562709327306,1
BFS,40,20,0.2565188207697513,1
BFS,40,21,0.6284860852630952,1
BFS,40,22,0.1393402242229921,1
BFS,40,23,0.32266289553315397,1
BFS,40,24,0.19035201258978166,1
BFS,40,25,0.35368069234869753,1
BFS,40,26,0.18683165412080743,1
BFS,40,27,0.23666578314580752,1
BFS,40,28,0.12860175826128206,1
BFS,40,29,0.37772414985813707,1
BFS,40,30,0.12835687890822559,1
BFS,40,31,0.016447633889219295,1
BFS,40,32,0.1134155819116479,1
DFS,5,0,0.3306970757509053,2
DFS,5,1,0.23819284705565133,2
DFS,5,2,0.37870270436913883,2
DFS,5,3,0.18345395226479558,2
DFS,5,4,0.5348050386699857,2
DFS,5,5,0.4943292292136479,2
DFS,5,6,0.41373052545061584,2
DFS,5,7,0.47398202480996904,2
DFS,5,8,0.02787692984207984,2
DFS,5,9,0.3952312567772022,2
DFS,5,10,0.5686987232594541,2
DFS,5,11,0.19063194623374355,2
DFS,5,12,0.3967418998093071,2
DFS,5,13,0.12916678420130742,2
DFS,5,14,0.22801276052581745,2
DFS,5,15,0.27097427041939065,2
DFS,5,16,0.4454679337390243,2
DFS,5,17,0.476793488378183,2
DFS,5,18,0.517515663816621,2
DFS,5,19,0.22786611417800506,2
DFS,5,20,0.4987812280480664,2
DFS,5,21,0.19706236557217932,2
DFS,5,22,0.4986466452392001,2
DFS,5,23,0.31620655688498306,2
DFS,5,24,0.5033396551039078,2
DFS,5,25,0.18886537126776598,2
DFS,5,26,0.788702062811891,2
DFS,5,27,1.0,2
DFS,5,28,0.07134797530378247,2
DFS,5,29,0.5074534994445775,2
DFS,5,30,1.0,2
DFS,5,31,0.3687318901296299,2
DFS,5,32,0.16224483576826973,2
DFS,10,0,0.27609173167629103,2
DFS,10,1,0.32764368582486614,2
DFS,10,2,0.4602877389805002,2
DFS,10,3,0.1429311269565608,2
DFS,10,4,0.3011350400253859,2
DFS,10,5,0.22814950323017752,2
DFS,10,6,0.560801747195318,2
DFS,10,7,0.3486893174705287,2
DFS,10,8,0.5135922050478036,2
DFS,10,9,0.2870182486491837,2
DFS,10,10,0.48829852016543834,2
DFS,10,11,0.3719319070228869,2
DFS,10,12,0.567475504317527,2
DFS,10,13,0.14839024441642537,2
DFS,10,14,0.30622380087894674,2
DFS,10,15,0.3288158433789101,2
DFS,10,16,0.491886035727536,2
DFS,10,17,0.46442769368381553,2
DFS,10,18,0.21911156761972342,2
DFS,10,19,0.04577201334430334,2
DFS,10,20,0.13045541628298035,2
DFS,10,21,0.6043620739320902,2
DFS,10,22,0.354135665080382,2
DFS,10,23,0.4488759431897359,2
DFS,10,24,0.1408293548385793,2
DFS,10,25,0.43117989572885107,2
DFS,10,26,0.43845599401973745,2
DFS,10,27,0.3866340622952153,2
DFS,10,28,0.8566202580906461,2
DFS,10,29,1.0,2
DFS,10,30,0.7306091874000397,2
DFS,10,31,0.564680047686106,2
DFS,10,32,0.1005235433059484,2
DFS,15,0,0.3380014578965725,2
DFS,15,1,0.43215211765450756,2
DFS,15,2,0.0186233298474183,2
DFS,15,3,0.1670077228719814,2
DFS,15,4,0.22821071183835787,2
DFS,15,5,0.3266880493385723,2
DFS,15,6,0.21452639240803792,2
DFS,15,7,0.3141042713818229,2
DFS,15,8,0.5052605030550459,2
DFS,15,9,0.18241945503680795,2
DFS,15,10,0.4576209186326699,2
DFS,15,11,0.4185589190636522,2
DFS,15,12,0.24413654136605314,2
DFS,15,13,0.2706844283030305,2
DFS,15,14,0.18709788870832947,2
DFS,15,15,0.4287718732320908,2
DFS,15,16,0.4345142569508533,2
DFS,15,17,0.2157129422974596,2
DFS,15,18,0.2128702487370482,2
DFS,15,19,0.3645824711183085,2
DFS,15,20,0.4057661896374773,2
DFS,15,21,0.4653638756180843,2
DFS,15,22,0.17087926544938187,2
DFS,15,23,0.30775058501413655,2
DFS,15,24,0.14459985677614612,2
DFS,15,25,0.327622063460464,2
DFS,15,26,0.13005518541322278,2
DFS,15,27,0.33281836455432856,2
DFS,15,28,0.19070640322617138,2
DFS,15,29,0.2524664552281533,2
DFS,15,30,0.28897025792855136,2
DFS,15,31,0.21795623467543096,2
DFS,15,32,0.3454809467428634,2
DFS,20,0,0.2949767907228553,2
DFS,20,1,0.5077949515297366,2
DFS,20,2,0.4279396933325746,2
DFS,20,3,0.15306734614410444,2
DFS,20,4,0.2514354459400126,2
DFS,20,5,0.31935003388461314,2
DFS,20,6,0.3204309270613207,2
DFS,20,7,0.2716684697584916,2
DFS,20,8,0.5102202074473261,2
DFS,20,9,0.21646144420818214,2
DFS,20,10,0.27425500166938177,2
DFS,20,11,0.40309830865404717,2
DFS,20,12,0.18528106192242508,2
DFS,20,13,0.0514017044259575,2
DFS,20,14,0.5101179338211194,2
DFS,20,15,0.2673430970571886,2
DFS,20,16,0.323149512281179,2
DFS,20,17,0.13053425603177468,2
DFS,20,18,0.18326035991602338,2
DFS,20,19,0.41704376532821236,2
DFS,20,20,0.38745228189500436,2
DFS,20,21,0.13819743326773545,2
DFS,20,22,0.6253818238390458,2
DFS,20,23,0.2921281170396084,2
DFS,20,24,0.3821152414915201,2
DFS,20,25,0.1986777434646961,2
DFS,20,26,0.3590624169285581,2
DFS,20,27,0.20782804070531227,2
DFS,20,28,0.21922431614148077,2
DFS,20,29,0.15523749104100612,2
DFS,20,30,0.3320102981140037,2
DFS,20,31,0.2694545380562042,2
DFS,20,32,0.5055184378605359,2
DFS,25,0,0.2681290281958742,2
DFS,25,1,0.32604018338355883,2
DFS,25,2,0.4995554229317176,2
DFS,25,3,0.2138357833326747,2
DFS,25,4,0.2291765962854194,2
DFS,25,5,0.06705232866696016,2
DFS,25,6,0.0718681614573675,2
DFS,25,7,0.3255582295255034,2
DFS,25,8,0.20535794393871257,2
DFS,25,9,0.22254146119022955,2
DFS,25,10,0.26034540246899085,2
DFS,25,11,0.470354242691511,2
DFS,25,12,0.1703930404193034,2
DFS,25,13,0.027154634687428018,2
DFS,25,14,0.42053356559036975,2
DFS,25,15,0.13771906411727997,2
DFS,25,16,0.2929401033704752,2
DFS,25,17,0.19111379888475177,2
DFS,25,18,0.27083578713392037,2
DFS,25,19,0.1992302327061354,2
DFS,25,20,0.1675109544220867,2
DFS,25,21,0.3262389858611923,2
DFS,25,22,0.18395163886737037,2
DFS,25,23,0.3990901122402323,2
DFS,25,24,0.06493601689639085,2
DFS,25,25,0.4261818897933705,2
DFS,25,26,0.20758883958626984,2
DFS,25,27,0.3557202522571236,2
DFS,25,28,0.15324976010427127,2
DFS,25,29,0.24845584395846543,2
DFS,25,30,0.6751496964040755,2
DFS,25,31,0.3150911267527756,2
DFS,25,32,0.0672397050968634,2
DFS,30,0,0.25677016367841876,2
DFS,30,1,0.41035705030798314,2
DFS,30,2,0.14713932767529203,2
DFS,30,3,0.19019488227684833,2
DFS,30,4,0.1967116409026759,2
DFS,30,5,0.23320761663415834,2
DFS,30,6,0.42414005453951054,2
DFS,30,7,0.39595534725992043,2
DFS,30,8,0.09433849039779693,2
DFS,30,9,0.21734964621331726,2
DFS,30,10,0.23556438951266015,2
DFS,30,11,0.4233364780880986,2
DFS,30,12,0.36186119393448446,2
DFS,30,13,0.05846460138262103,2
DFS,30,14,0.28724630136870505,2
DFS,30,15,0.165659475780834,2
DFS,30,16,0.5351045721587455,2
DFS,30,17,0.22698979425884966,2
DFS,30,18,0.010367127055953643,2
DFS,30,19,0.29845710115881185,2
DFS,30,20,0.2169816542602223,2
DFS,30,21,0.37878247739117077,2
DFS,30,22,0.3022638862780764,2
DFS,30,23,0.3014439613788165,2
DFS,30,24,0.011059692725396305,2
DFS,30,25,0.2615875632595093,2
DFS,30,26,0.27303648235831246,2
DFS,30,27,0.4137168391703284,2
DFS,30,28,0.505934432992232,2
DFS,30,29,0.16797846749612397,2
DFS,30,30,0.23956373034773573,2
DFS,30,31,0.09544005508184003,2
DFS,30,32,0.05506392439491211,2
DFS,35,0,0.25190583617205986,2
DFS,35,1,0.11817159965242055,2
DFS,35,2,0.3382524872237317,2
DFS,35,3,0.2068313461268015,2
DFS,35,4,0.1352979342154705,2
DFS,35,5,0.25200834189530624,2
DFS,35,6,0.2226250016773405,2
DFS,35,7,0.2723521478424096,2
DFS,35,8,0.4612008691460296,2
DFS,35,9,0.18425624822098421,2
DFS,35,10,0.29328444788275787,2
DFS,35,11,0.3569611016167323,2
DFS,35,12,0.4264983567807248,2
DFS,35,13,0.03362320960592064,2
DFS,35,14,0.1790206849677259,2
DFS,35,15,0.10138149237020311,2
DFS,35,16,0.4473911071980564,2
DFS,35,17,0.1513314295697652,2
DFS,35,18,0.04692545555067324,2
DFS,35,19,0.21711241739274142,2
DFS,35,20,0.20700891979616273,2
DFS,35,21,0.043434769202201226,2
DFS,35,22,0.28100738145292037,2
DFS,35,23,0.23247498113047624,2
DFS,35,24,0.19025649549558588,2
DFS,35,25,0.3075237157434688,2
DFS,35,26,0.13351078967251193,2
DFS,35,27,0.21186921202316455,2
DFS,35,28,0.2918469339934489,2
DFS,35,29,0.4386956833365184,2
DFS,35,30,0.286255833010465,2
DFS,35,31,0.2062045738081856,2
DFS,35,32,0.062321321787684,2
DFS,40,0,0.207464568975242,2
DFS,40,1,0.29462987958866504,2
DFS,40,2,0.26399445530488,2
DFS,40,3,0.18287410797404757,2
DFS,40,4,0.17563455654242494,2
DFS,40,5,0.22450903010787798,2
DFS,40,6,0.30732303066231415,2
DFS,40,7,0.2393210127640927,2
DFS,40,8,0.22512451983597404,2
DFS,40,9,0.22086797173054132,2
DFS,40,10,0.2099579945426111,2
DFS,40,11,0.2514761945931813,2
DFS,40,12,0.38646591969847705,2
DFS,40,13,0.1492918764162815,2
DFS,40,14,0.3732772552019082,2
DFS,40,15,0.33173424901736037,2
DFS,40,16,0.19966633172166628,2
DFS,40,17,0.19900244941838854,2
DFS,40,18,0.13081952433313565,2
DFS,40,19,0.21458562709327306,2
DFS,40,20,0.2565188207697513,2
DFS,40,21,0.6284860852630952,2
DFS,40,22,0.1393402242229921,2
DFS,40,23,0.32266289553315397,2
DFS,40,24,0.19035201258978166,2
DFS,40,25,0.35368069234869753,2
DFS,40,26,0.18683165412080743,2
DFS,40,27,0.23666578314580752,2
DFS,40,28,0.12860175826128206,2
DFS,40,29,0.37772414985813707,2
DFS,40,30,0.12835687890822559,2
DFS,40,31,0.016447633889219295,2
DFS,40,32,0.1134155819116479,2
RN,5,0,0.3306970757509053,3
RN,5,1,0.23819284705565133,3
RN,5,2,0.37870270436913883,3
RN,5,3,0.18345395226479558,3
RN,5,4,0.5348050386699857,3
RN,5,5,0.4943292292136479,3
RN,5,6,0.41373052545061584,3
RN,5,7,0.47398202480996904,3
RN,5,8,0.02787692984207984,3
RN,5,9,0.3952312567772022,3
RN,5,10,0.5686987232594541,3
RN,5,11,0.19063194623374355,3
RN,5,12,0.3967418998093071,3
RN,5,13,0.12916678420130742,3
RN,5,14,0.22801276052581745,3
RN,5,15,0.27097427041939065,3
RN,5,16,0.4454679337390243,3
RN,5,17,0.476793488378183,3
RN,5,18,0.517515663816621,3
RN,5,19,0.22786611417800506,3
RN,5,20,0.4987812280480664,3
RN,5,21,0.19706236557217932,3
RN,5,22,0.4986466452392001,3
RN,5,23,0.31620655688498306,3
RN,5,24,0.5033396551039078,3
RN,5,25,0.18886537126776598,3
RN,5,26,0.788702062811891,3
RN,5,27,1.0,3
RN,5,28,0.07134797530378247,3
RN,5,29,0.5074534994445775,3
RN,5,30,1.0,3
RN,5,31,0.3687318901296299,3
RN,5,32,0.16224483576826973,3
RN,10,0,0.27609173167629103,3
RN,10,1,0.32764368582486614,3
RN,10,2,0.4602877389805002,3
RN,10,3,0.1429311269565608,3
RN,10,4,0.3011350400253859,3
RN,10,5,0.22814950323017752,3
RN,10,6,0.560801747195318,3
RN,10,7,0.3486893174705287,3
RN,10,8,0.5135922050478036,3
RN,10,9,0.2870182486491837,3
RN,10,10,0.48829852016543834,3
RN,10,11,0.3719319070228869,3
RN,10,12,0.567475504317527,3
RN,10,13,0.14839024441642537,3
RN,10,14,0.30622380087894674,3
RN,10,15,0.3288158433789101,3
RN,10,16,0.491886035727536,3
RN,10,17,0.46442769368381553,3
RN,10,18,0.21911156761972342,3
RN,10,19,0.04577201334430334,3
RN,10,20,0.13045541628298035,3
RN,10,21,0.6043620739320902,3
RN,10,22,0.354135665080382,3
RN,10,23,0.4488759431897359,3
RN,10,24,0.1408293548385793,3
RN,10,25,0.43117989572885107,3
RN,10,26,0.43845599401973745,3
RN,10,27,0.3866340622952153,3
RN,10,28,0.8566202580906461,3
RN,10,29,1.0,3
RN,10,30,0.7306091874000397,3
RN,10,31,0.564680047686106,3
RN,10,32,0.1005235433059484,3
RN,15,0,0.3380014578965725,3
RN,15,1,0.43215211765450756,3
RN,15,2,0.0186233298474183,3
RN,15,3,0.1670077228719814,3
RN,15,4,0.22821071183835787,3
RN,15,5,0.3266880493385723,3
RN,15,6,0.21452639240803792,3
RN,15,7,0.3141042713818229,3
RN,15,8,0.5052605030550459,3
RN,15,9,0.18241945503680795,3
RN,15,10,0.4576209186326699,3
RN,15,11,0.4185589190636522,3
RN,15,12,0.24413654136605314,3
RN,15,13,0.2706844283030305,3
RN,15,14,0.18709788870832947,3
RN,15,15,0.4287718732320908,3
RN,15,16,0.4345142569508533,3
RN,15,17,0.2157129422974596,3
RN,15,18,0.2128702487370482,3
RN,15,19,0.3645824711183085,3
RN,15,20,0.4057661896374773,3
RN,15,21,0.4653638756180843,3
RN,15,22,0.17087926544938187,3
RN,15,23,0.30775058501413655,3
RN,15,24,0.14459985677614612,3
RN,15,25,0.327622063460464,3
RN,15,26,0.13005518541322278,3
RN,15,27,0.33281836455432856,3
RN,15,28,0.19070640322617138,3
RN,15,29,0.2524664552281533,3
RN,15,30,0.28897025792855136,3
RN,15,31,0.21795623467543096,3
RN,15,32,0.3454809467428634,3
RN,20,0,0.2949767907228553,3
RN,20,1,0.5077949515297366,3
RN,20,2,0.4279396933325746,3
RN,20,3,0.15306734614410444,3
RN,20,4,0.2514354459400126,3
RN,20,5,0.31935003388461314,3
RN,20,6,0.3204309270613207,3
RN,20,7,0.2716684697584916,3
RN,20,8,0.5102202074473261,3
RN,20,9,0.21646144420818214,3
RN,20,10,0.27425500166938177,3
RN,20,11,0.40309830865404717,3
RN,20,12,0.18528106192242508,3
RN,20,13,0.0514017044259575,3
RN,20,14,0.5101179338211194,3
RN,20,15,0.2673430970571886,3
RN,20,16,0.323149512281179,3
RN,20,17,0.13053425603177468,3
RN,20,18,0.18326035991602338,3
RN,20,19,0.41704376532821236,3
RN,20,20,0.38745228189500436,3
RN,20,21,0.13819743326773545,3
RN,20,22,0.6253818238390458,3
RN,20,23,0.2921281170396084,3
RN,20,24,0.3821152414915201,3
RN,20,25,0.1986777434646961,3
RN,20,26,0.3590624169285581,3
RN,20,27,0.20782804070531227,3
RN,20,28,0.21922431614148077,3
RN,20,29,0.15523749104100612,3
RN,20,30,0.3320102981140037,3
RN,20,31,0.2694545380562042,3
RN,20,32,0.5055184378605359,3
RN,25,0,0.2681290281958742,3
RN,25,1,0.32604018338355883,3
RN,25,2,0.4995554229317176,3
RN,25,3,0.2138357833326747,3
RN,25,4,0.2291765962854194,3
RN,25,5,0.06705232866696016,3
RN,25,6,0.0718681614573675,3
RN,25,7,0.3255582295255034,3
RN,25,8,0.20535794393871257,3
RN,25,9,0.22254146119022955,3
RN,25,10,0.26034540246899085,3
RN,25,11,0.470354242691511,3
RN,25,12,0.1703930404193034,3
RN,25,13,0.027154634687428018,3
RN,25,14,0.42053356559036975,3
RN,25,15,0.13771906411727997,3
RN,25,16,0.2929401033704752,3
RN,25,17,0.19111379888475177,3
RN,25,18,0.27083578713392037,3
RN,25,19,0.1992302327061354,3
RN,25,20,0.1675109544220867,3
RN,25,21,0.3262389858611923,3
RN,25,22,0.18395163886737037,3
RN,25,23,0.3990901122402323,3
RN,25,24,0.06493601689639085,3
RN,25,25,0.4261818897933705,3
RN,25,26,0.20758883958626984,3
RN,25,27,0.3557202522571236,3
RN,25,28,0.15324976010427127,3
RN,25,29,0.24845584395846543,3
RN,25,30,0.6751496964040755,3
RN,25,31,0.3150911267527756,3
RN,25,32,0.0672397050968634,3
RN,30,0,0.25677016367841876,3
RN,30,1,0.41035705030798314,3
RN,30,2,0.14713932767529203,3
RN,30,3,0.19019488227684833,3
RN,30,4,0.1967116409026759,3
RN,30,5,0.23320761663415834,3
RN,30,6,0.42414005453951054,3
RN,30,7,0.39595534725992043,3
RN,30,8,0.09433849039779693,3
RN,30,9,0.21734964621331726,3
RN,30,10,0.23556438951266015,3
RN,30,11,0.4233364780880986,3
RN,30,12,0.36186119393448446,3
RN,30,13,0.05846460138262103,3
RN,30,14,0.28724630136870505,3
RN,30,15,0.165659475780834,3
RN,30,16,0.5351045721587455,3
RN,30,17,0.22698979425884966,3
RN,30,18,0.010367127055953643,3
RN,30,19,0.29845710115881185,3
RN,30,20,0.2169816542602223,3
RN,30,21,0.37878247739117077,3
RN,30,22,0.3022638862780764,3
RN,30,23,0.3014439613788165,3
RN,30,24,0.011059692725396305,3
RN,30,25,0.2615875632595093,3
RN,30,26,0.27303648235831246,3
RN,30,27,0.4137168391703284,3
RN,30,28,0.505934432992232,3
RN,30,29,0.16797846749612397,3
RN,30,30,0.23956373034773573,3
RN,30,31,0.09544005508184003,3
RN,30,32,0.05506392439491211,3
RN,35,0,0.25190583617205986,3
RN,35,1,0.11817159965242055,3
RN,35,2,0.3382524872237317,3
RN,35,3,0.2068313461268015,3
RN,35,4,0.1352979342154705,3
RN,35,5,0.25200834189530624,3
RN,35,6,0.2226250016773405,3
RN,35,7,0.2723521478424096,3
RN,35,8,0.4612008691460296,3
RN,35,9,0.18425624822098421,3
RN,35,10,0.29328444788275787,3
RN,35,11,0.3569611016167323,3
RN,35,12,0.4264983567807248,3
RN,35,13,0.03362320960592064,3
RN,35,14,0.1790206849677259,3
RN,35,15,0.10138149237020311,3
RN,35,16,0.4473911071980564,3
RN,35,17,0.1513314295697652,3
RN,35,18,0.04692545555067324,3
RN,35,19,0.21711241739274142,3
RN,35,20,0.20700891979616273,3
RN,35,21,0.043434769202201226,3
RN,35,22,0.28100738145292037,3
RN,35,23,0.23247498113047624,3
RN,35,24,0.19025649549558588,3
RN,35,25,0.3075237157434688,3
RN,35,26,0.13351078967251193,3
RN,35,27,0.21186921202316455,3
RN,35,28,0.2918469339934489,3
RN,35,29,0.4386956833365184,3
RN,35,30,0.286255833010465,3
RN,35,31,0.2062045738081856,3
RN,35,32,0.062321321787684,3
RN,40,0,0.207464568975242,3
RN,40,1,0.29462987958866504,3
RN,40,2,0.26399445530488,3
RN,40,3,0.18287410797404757,3
RN,40,4,0.17563455654242494,3
RN,40,5,0.22450903010787798,3
RN,40,6,0.30732303066231415,3
RN,40,7,0.2393210127640927,3
RN,40,8,0.22512451983597404,3
RN,40,9,0.22086797173054132,3
RN,40,10,0.2099579945426111,3
RN,40,11,0.2514761945931813,3
RN,40,12,0.38646591969847705,3
RN,40,13,0.1492918764162815,3
RN,40,14,0.3732772552019082,3
RN,40,15,0.33173424901736037,3
RN,40,16,0.19966633172166628,3
RN,40,17,0.19900244941838854,3
RN,40,18,0.13081952433313565,3
RN,40,19,0.21458562709327306,3
RN,40,20,0.2565188207697513,3
RN,40,21,0.6284860852630952,3
RN,40,22,0.1393402242229921,3
RN,40,23,0.32266289553315397,3
RN,40,24,0.19035201258978166,3
RN,40,25,0.35368069234869753,3
RN,40,26,0.18683165412080743,3
RN,40,27,0.23666578314580752,3
RN,40,28,0.12860175826128206,3
RN,40,29,0.37772414985813707,3
RN,40,30,0.12835687890822559,3
RN,40,31,0.016447633889219295,3
RN,40,32,0.1134155819116479,3
RE,5,0,0.3306970757509053,4
RE,5,1,0.23819284705565133,4
RE,5,2,0.37870270436913883,4
RE,5,3,0.18345395226479558,4
RE,5,4,0.5348050386699857,4
RE,5,5,0.4943292292136479,4
RE,5,6,0.41373052545061584,4
RE,5,7,0.47398202480996904,4
RE,5,8,0.02787692984207984,4
RE,5,9,0.3952312567772022,4
RE,5,10,0.5686987232594541,4
RE,5,11,0.19063194623374355,4
RE,5,12,0.3967418998093071,4
RE,5,13,0.12916678420130742,4
RE,5,14,0.22801276052581745,4
RE,5,15,0.27097427041939065,4
RE,5,16,0.4454679337390243,4
RE,5,17,0.476793488378183,4
RE,5,18,0.517515663816621,4
RE,5,19,0.22786611417800506,4
RE,5,20,0.4987812280480664,4
RE,5,21,0.19706236557217932,4
RE,5,22,0.4986466452392001,4
RE,5,23,0.31620655688498306,4
RE,5,24,0.5033396551039078,4
RE,5,25,0.18886537126776598,4
RE,5,26,0.788702062811891,4
RE,5,27,1.0,4
RE,5,28,0.07134797530378247,4
RE,5,29,0.5074534994445775,4
RE,5,30,1.0,4
RE,5,31,0.3687318901296299,4
RE,5,32,0.16224483576826973,4
RE,10,0,0.27609173167629103,4
RE,10,1,0.32764368582486614,4
RE,10,2,0.4602877389805002,4
RE,10,3,0.1429311269565608,4
RE,10,4,0.3011350400253859,4
RE,10,5,0.22814950323017752,4
RE,10,6,0.560801747195318,4
RE,10,7,0.3486893174705287,4
RE,10,8,0.5135922050478036,4
RE,10,9,0.2870182486491837,4
RE,10,10,0.48829852016543834,4
RE,10,11,0.3719319070228869,4
RE,10,12,0.567475504317527,4
RE,10,13,0.14839024441642537,4
RE,10,14,0.30622380087894674,4
RE,10,15,0.3288158433789101,4
RE,10,16,0.491886035727536,4
RE,10,17,0.46442769368381553,4
RE,10,18,0.21911156761972342,4
RE,10,19,0.04577201334430334,4
RE,10,20,0.13045541628298035,4
RE,10,21,0.6043620739320902,4
RE,10,22,0.354135665080382,4
RE,10,23,0.4488759431897359,4
RE,10,24,0.1408293548385793,4
RE,10,25,0.43117989572885107,4
RE,10,26,0.43845599401973745,4
RE,10,27,0.3866340622952153,4
RE,10,28,0.8566202580906461,4
RE,10,29,1.0,4
RE,10,30,0.7306091874000397,4
RE,10,31,0.564680047686106,4
RE,10,32,0.1005235433059484,4
RE,15,0,0.3380014578965725,4
RE,15,1,0.43215211765450756,4
RE,15,2,0.0186233298474183,4
RE,15,3,0.1670077228719814,4
RE,15,4,0.22821071183835787,4
RE,15,5,0.3266880493385723,4
RE,15,6,0.21452639240803792,4
RE,15,7,0.3141042713818229,4
RE,15,8,0.5052605030550459,4
RE,15,9,0.18241945503680795,4
RE,15,10,0.4576209186326699,4
RE,15,11,0.4185589190636522,4
RE,15,12,0.24413654136605314,4
RE,15,13,0.2706844283030305,4
RE,15,14,0.18709788870832947,4
RE,15,15,0.4287718732320908,4
RE,15,16,0.4345142569508533,4
RE,15,17,0.2157129422974596,4
RE,15,18,0.2128702487370482,4
RE,15,19,0.3645824711183085,4
RE,15,20,0.4057661896374773,4
RE,15,21,0.4653638756180843,4
RE,15,22,0.17087926544938187,4
RE,15,23,0.30775058501413655,4
RE,15,24,0.14459985677614612,4
RE,15,25,0.327622063460464,4
RE,15,26,0.13005518541322278,4
RE,15,27,0.33281836455432856,4
RE,15,28,0.19070640322617138,4
RE,15,29,0.2524664552281533,4
RE,15,30,0.28897025792855136,4
RE,15,31,0.21795623467543096,4
RE,15,32,0.3454809467428634,4
RE,20,0,0.2949767907228553,4
RE,20,1,0.5077949515297366,4
RE,20,2,0.4279396933325746,4
RE,20,3,0.15306734614410444,4
RE,20,4,0.2514354459400126,4
RE,20,5,0.31935003388461314,4
RE,20,6,0.3204309270613207,4
RE,20,7,0.2716684697584916,4
RE,20,8,0.5102202074473261,4
RE,20,9,0.21646144420818214,4
RE,20,10,0.27425500166938177,4
RE,20,11,0.40309830865404717,4
RE,20,12,0.18528106192242508,4
RE,20,13,0.0514017044259575,4
RE,20,14,0.5101179338211194,4
RE,20,15,0.2673430970571886,4
RE,20,16,0.323149512281179,4
RE,20,17,0.13053425603177468,4
RE,20,18,0.18326035991602338,4
RE,20,19,0.41704376532821236,4
RE,20,20,0.38745228189500436,4
RE,20,21,0.13819743326773545,4
RE,20,22,0.6253818238390458,4
RE,20,23,0.2921281170396084,4
RE,20,24,0.3821152414915201,4
RE,20,25,0.1986777434646961,4
RE,20,26,0.3590624169285581,4
RE,20,27,0.20782804070531227,4
RE,20,28,0.21922431614148077,4
RE,20,29,0.15523749104100612,4
RE,20,30,0.3320102981140037,4
RE,20,31,0.2694545380562042,4
RE,20,32,0.5055184378605359,4
RE,25,0,0.2681290281958742,4
RE,25,1,0.32604018338355883,4
RE,25,2,0.4995554229317176,4
RE,25,3,0.2138357833326747,4
RE,25,4,0.2291765962854194,4
RE,25,5,0.06705232866696016,4
RE,25,6,0.0718681614573675,4
RE,25,7,0.3255582295255034,4
RE,25,8,0.20535794393871257,4
RE,25,9,0.22254146119022955,4
RE,25,10,0.26034540246899085,4
RE,25,11,0.470354242691511,4
RE,25,12,0.1703930404193034,4
RE,25,13,0.027154634687428018,4
RE,25,14,0.42053356559036975,4
RE,25,15,0.13771906411727997,4
RE,25,16,0.2929401033704752,4
RE,25,17,0.19111379888475177,4
RE,25,18,0.27083578713392037,4
RE,25,19,0.1992302327061354,4
RE,25,20,0.1675109544220867,4
RE,25,21,0.3262389858611923,4
RE,25,22,0.18395163886737037,4
RE,25,23,0.3990901122402323,4
RE,25,24,0.06493601689639085,4
RE,25,25,0.4261818897933705,4
RE,25,26,0.20758883958626984,4
RE,25,27,0.3557202522571236,4
RE,25,28,0.15324976010427127,4
RE,25,29,0.24845584395846543,4
RE,25,30,0.6751496964040755,4
RE,25,31,0.3150911267527756,4
RE,25,32,0.0672397050968634,4
RE,30,0,0.25677016367841876,4
RE,30,1,0.41035705030798314,4
RE,30,2,0.14713932767529203,4
RE,30,3,0.19019488227684833,4
RE,30,4,0.1967116409026759,4
RE,30,5,0.23320761663415834,4
RE,30,6,0.42414005453951054,4
RE,30,7,0.39595534725992043,4
RE,30,8,0.09433849039779693,4
RE,30,9,0.21734964621331726,4
RE,30,10,0.23556438951266015,4
RE,30,11,0.4233364780880986,4
RE,30,12,0.36186119393448446,4
RE,30,13,0.05846460138262103,4
RE,30,14,0.28724630136870505,4
RE,30,15,0.165659475780834,4
RE,30,16,0.5351045721587455,4
RE,30,17,0.22698979425884966,4
RE,30,18,0.010367127055953643,4
RE,30,19,0.29845710115881185,4
RE,30,20,0.2169816542602223,4
RE,30,21,0.37878247739117077,4
RE,30,22,0.3022638862780764,4
RE,30,23,0.3014439613788165,4
RE,30,24,0.011059692725396305,4
RE,30,25,0.2615875632595093,4
RE,30,26,0.27303648235831246,4
RE,30,27,0.4137168391703284,4
RE,30,28,0.505934432992232,4
RE,30,29,0.16797846749612397,4
RE,30,30,0.23956373034773573,4
RE,30,31,0.09544005508184003,4
RE,30,32,0.05506392439491211,4
RE,35,0,0.25190583617205986,4
RE,35,1,0.11817159965242055,4
RE,35,2,0.3382524872237317,4
RE,35,3,0.2068313461268015,4
RE,35,4,0.1352979342154705,4
RE,35,5,0.25200834189530624,4
RE,35,6,0.2226250016773405,4
RE,35,7,0.2723521478424096,4
RE,35,8,0.4612008691460296,4
RE,35,9,0.18425624822098421,4
RE,35,10,0.29328444788275787,4
RE,35,11,0.3569611016167323,4
RE,35,12,0.4264983567807248,4
RE,35,13,0.03362320960592064,4
RE,35,14,0.1790206849677259,4
RE,35,15,0.10138149237020311,4
RE,35,16,0.4473911071980564,4
RE,35,17,0.1513314295697652,4
RE,35,18,0.04692545555067324,4
RE,35,19,0.21711241739274142,4
RE,35,20,0.20700891979616273,4
RE,35,21,0.043434769202201226,4
RE,35,22,0.28100738145292037,4
RE,35,23,0.23247498113047624,4
RE,35,24,0.19025649549558588,4
RE,35,25,0.3075237157434688,4
RE,35,26,0.13351078967251193,4
RE,35,27,0.21186921202316455,4
RE,35,28,0.2918469339934489,4
RE,35,29,0.4386956833365184,4
RE,35,30,0.286255833010465,4
RE,35,31,0.2062045738081856,4
RE,35,32,0.062321321787684,4
RE,40,0,0.207464568975242,4
RE,40,1,0.29462987958866504,4
RE,40,2,0.26399445530488,4
RE,40,3,0.18287410797404757,4
RE,40,4,0.17563455654242494,4
RE,40,5,0.22450903010787798,4
RE,40,6,0.30732303066231415,4
RE,40,7,0.2393210127640927,4
RE,40,8,0.22512451983597404,4
RE,40,9,0.22086797173054132,4
RE,40,10,0.2099579945426111,4
RE,40,11,0.2514761945931813,4
RE,40,12,0.38646591969847705,4
RE,40,13,0.1492918764162815,4
RE,40,14,0.3732772552019082,4
RE,40,15,0.33173424901736037,4
RE,40,16,0.19966633172166628,4
RE,40,17,0.19900244941838854,4
RE,40,18,0.13081952433313565,4
RE,40,19,0.21458562709327306,4
RE,40,20,0.2565188207697513,4
RE,40,21,0.6284860852630952,4
RE,40,22,0.1393402242229921,4
RE,40,23,0.32266289553315397,4
RE,40,24,0.19035201258978166,4
RE,40,25,0.35368069234869753,4
RE,40,26,0.18683165412080743,4
RE,40,27,0.23666578314580752,4
RE,40,28,0.12860175826128206,4
RE,40,29,0.37772414985813707,4
RE,40,30,0.12835687890822559,4
RE,40,31,0.016447633889219295,4
RE,40,32,0.1134155819116479,4
RW,5,0,0.3306970757509053,5
RW,5,1,0.23819284705565133,5
RW,5,2,0.37870270436913883,5
RW,5,3,0.18345395226479558,5
RW,5,4,0.5348050386699857,5
RW,5,5,0.4943292292136479,5
RW,5,6,0.41373052545061584,5
RW,5,7,0.47398202480996904,5
RW,5,8,0.02787692984207984,5
RW,5,9,0.3952312567772022,5
RW,5,10,0.5686987232594541,5
RW,5,11,0.19063194623374355,5
RW,5,12,0.3967418998093071,5
RW,5,13,0.12916678420130742,5
RW,5,14,0.22801276052581745,5
RW,5,15,0.27097427041939065,5
RW,5,16,0.4454679337390243,5
RW,5,17,0.476793488378183,5
RW,5,18,0.517515663816621,5
RW,5,19,0.22786611417800506,5
RW,5,20,0.4987812280480664,5
RW,5,21,0.19706236557217932,5
RW,5,22,0.4986466452392001,5
RW,5,23,0.31620655688498306,5
RW,5,24,0.5033396551039078,5
RW,5,25,0.18886537126776598,5
RW,5,26,0.788702062811891,5
RW,5,27,1.0,5
RW,5,28,0.07134797530378247,5
RW,5,29,0.5074534994445775,5
RW,5,30,1.0,5
RW,5,31,0.3687318901296299,5
RW,5,32,0.16224483576826973,5
RW,10,0,0.27609173167629103,5
RW,10,1,0.32764368582486614,5
RW,10,2,0.4602877389805002,5
RW,10,3,0.1429311269565608,5
RW,10,4,0.3011350400253859,5
RW,10,5,0.22814950323017752,5
RW,10,6,0.560801747195318,5
RW,10,7,0.3486893174705287,5
RW,10,8,0.5135922050478036,5
RW,10,9,0.2870182486491837,5
RW,10,10,0.48829852016543834,5
RW,10,11,0.3719319070228869,5
RW,10,12,0.567475504317527,5
RW,10,13,0.14839024441642537,5
RW,10,14,0.30622380087894674,5
RW,10,15,0.3288158433789101,5
RW,10,16,0.491886035727536,5
RW,10,17,0.46442769368381553,5
RW,10,18,0.21911156761972342,5
RW,10,19,0.04577201334430334,5
RW,10,20,0.13045541628298035,5
RW,10,21,0.6043620739320902,5
RW,10,22,0.354135665080382,5
RW,10,23,0.4488759431897359,5
RW,10,24,0.1408293548385793,5
RW,10,25,0.43117989572885107,5
RW,10,26,0.43845599401973745,5
RW,10,27,0.3866340622952153,5
RW,10,28,0.8566202580906461,5
RW,10,29,1.0,5
RW,10,30,0.7306091874000397,5
RW,10,31,0.564680047686106,5
RW,10,32,0.1005235433059484,5
RW,15,0,0.3380014578965725,5
RW,15,1,0.43215211765450756,5
RW,15,2,0.0186233298474183,5
RW,15,3,0.1670077228719814,5
RW,15,4,0.22821071183835787,5
RW,15,5,0.3266880493385723,5
RW,15,6,0.21452639240803792,5
RW,15,7,0.3141042713818229,5
RW,15,8,0.5052605030550459,5
RW,15,9,0.18241945503680795,5
RW,15,10,0.4576209186326699,5
RW,15,11,0.4185589190636522,5
RW,15,12,0.24413654136605314,5
RW,15,13,0.2706844283030305,5
RW,15,14,0.18709788870832947,5
RW,15,15,0.4287718732320908,5
RW,15,16,0.4345142569508533,5
RW,15,17,0.2157129422974596,5
RW,15,18,0.2128702487370482,5
RW,15,19,0.3645824711183085,5
RW,15,20,0.4057661896374773,5
RW,15,21,0.4653638756180843,5
RW,15,22,0.17087926544938187,5
RW,15,23,0.30775058501413655,5
RW,15,24,0.14459985677614612,5
RW,15,25,0.327622063460464,5
RW,15,26,0.13005518541322278,5
RW,15,27,0.33281836455432856,5
RW,15,28,0.19070640322617138,5
RW,15,29,0.2524664552281533,5
RW,15,30,0.28897025792855136,5
RW,15,31,0.21795623467543096,5
RW,15,32,0.3454809467428634,5
RW,20,0,0.2949767907228553,5
RW,20,1,0.5077949515297366,5
RW,20,2,0.4279396933325746,5
RW,20,3,0.15306734614410444,5
RW,20,4,0.2514354459400126,5
RW,20,5,0.31935003388461314,5
RW,20,6,0.3204309270613207,5
RW,20,7,0.2716684697584916,5
RW,20,8,0.5102202074473261,5
RW,20,9,0.21646144420818214,5
RW,20,10,0.27425500166938177,5
RW,20,11,0.40309830865404717,5
RW,20,12,0.18528106192242508,5
RW,20,13,0.0514017044259575,5
RW,20,14,0.5101179338211194,5
RW,20,15,0.2673430970571886,5
RW,20,16,0.323149512281179,5
RW,20,17,0.13053425603177468,5
RW,20,18,0.18326035991602338,5
RW,20,19,0.41704376532821236,5
RW,20,20,0.38745228189500436,5
RW,20,21,0.13819743326773545,5
RW,20,22,0.6253818238390458,5
RW,20,23,0.2921281170396084,5
RW,20,24,0.3821152414915201,5
RW,20,25,0.1986777434646961,5
RW,20,26,0.3590624169285581,5
RW,20,27,0.20782804070531227,5
RW,20,28,0.21922431614148077,5
RW,20,29,0.15523749104100612,5
RW,20,30,0.3320102981140037,5
RW,20,31,0.2694545380562042,5
RW,20,32,0.5055184378605359,5
RW,25,0,0.2681290281958742,5
RW,25,1,0.32604018338355883,5
RW,25,2,0.4995554229317176,5
RW,25,3,0.2138357833326747,5
RW,25,4,0.2291765962854194,5
RW,25,5,0.06705232866696016,5
RW,25,6,0.0718681614573675,5
RW,25,7,0.3255582295255034,5
RW,25,8,0.20535794393871257,5
RW,25,9,0.22254146119022955,5
RW,25,10,0.26034540246899085,5
RW,25,11,0.470354242691511,5
RW,25,12,0.1703930404193034,5
RW,25,13,0.027154634687428018,5
RW,25,14,0.42053356559036975,5
RW,25,15,0.13771906411727997,5
RW,25,16,0.2929401033704752,5
RW,25,17,0.19111379888475177,5
RW,25,18,0.27083578713392037,5
RW,25,19,0.1992302327061354,5
RW,25,20,0.1675109544220867,5
RW,25,21,0.3262389858611923,5
RW,25,22,0.18395163886737037,5
RW,25,23,0.3990901122402323,5
RW,25,24,0.06493601689639085,5
RW,25,25,0.4261818897933705,5
RW,25,26,0.20758883958626984,5
RW,25,27,0.3557202522571236,5
RW,25,28,0.15324976010427127,5
RW,25,29,0.24845584395846543,5
RW,25,30,0.6751496964040755,5
RW,25,31,0.3150911267527756,5
RW,25,32,0.0672397050968634,5
RW,30,0,0.25677016367841876,5
RW,30,1,0.41035705030798314,5
RW,30,2,0.14713932767529203,5
RW,30,3,0.19019488227684833,5
RW,30,4,0.1967116409026759,5
RW,30,5,0.23320761663415834,5
RW,30,6,0.42414005453951054,5
RW,30,7,0.39595534725992043,5
RW,30,8,0.09433849039779693,5
RW,30,9,0.21734964621331726,5
RW,30,10,0.23556438951266015,5
RW,30,11,0.4233364780880986,5
RW,30,12,0.36186119393448446,5
RW,30,13,0.05846460138262103,5
RW,30,14,0.28724630136870505,5
RW,30,15,0.165659475780834,5
RW,30,16,0.5351045721587455,5
RW,30,17,0.22698979425884966,5
RW,30,18,0.010367127055953643,5
RW,30,19,0.29845710115881185,5
RW,30,20,0.2169816542602223,5
RW,30,21,0.37878247739117077,5
RW,30,22,0.3022638862780764,5
RW,30,23,0.3014439613788165,5
RW,30,24,0.011059692725396305,5
RW,30,25,0.2615875632595093,5
RW,30,26,0.27303648235831246,5
RW,30,27,0.4137168391703284,5
RW,30,28,0.505934432992232,5
RW,30,29,0.16797846749612397,5
RW,30,30,0.23956373034773573,5
RW,30,31,0.09544005508184003,5
RW,30,32,0.05506392439491211,5
RW,35,0,0.25190583617205986,5
RW,35,1,0.11817159965242055,5
RW,35,2,0.3382524872237317,5
RW,35,3,0.2068313461268015,5
RW,35,4,0.1352979342154705,5
RW,35,5,0.25200834189530624,5
RW,35,6,0.2226250016773405,5
RW,35,7,0.2723521478424096,5
RW,35,8,0.4612008691460296,5
RW,35,9,0.18425624822098421,5
RW,35,10,0.29328444788275787,5
RW,35,11,0.3569611016167323,5
RW,35,12,0.4264983567807248,5
RW,35,13,0.03362320960592064,5
RW,35,14,0.1790206849677259,5
RW,35,15,0.10138149237020311,5
RW,35,16,0.4473911071980564,5
RW,35,17,0.1513314295697652,5
RW,35,18,0.04692545555067324,5
RW,35,19,0.21711241739274142,5
RW,35,20,0.20700891979616273,5
RW,35,21,0.043434769202201226,5
RW,35,22,0.28100738145292037,5
RW,35,23,0.23247498113047624,5
RW,35,24,0.19025649549558588,5
RW,35,25,0.3075237157434688,5
RW,35,26,0.13351078967251193,5
RW,35,27,0.21186921202316455,5
RW,35,28,0.2918469339934489,5
RW,35,29,0.4386956833365184,5
RW,35,30,0.286255833010465,5
RW,35,31,0.2062045738081856,5
RW,35,32,0.062321321787684,5
RW,40,0,0.207464568975242,5
RW,40,1,0.29462987958866504,5
RW,40,2,0.26399445530488,5
RW,40,3,0.18287410797404757,5
RW,40,4,0.17563455654242494,5
RW,40,5,0.22450903010787798,5
RW,40,6,0.30732303066231415,5
RW,40,7,0.2393210127640927,5
RW,40,8,0.22512451983597404,5
RW,40,9,0.22086797173054132,5
RW,40,10,0.2099579945426111,5
RW,40,11,0.2514761945931813,5
RW,40,12,0.38646591969847705,5
RW,40,13,0.1492918764162815,5
RW,40,14,0.3732772552019082,5
RW,40,15,0.33173424901736037,5
RW,40,16,0.19966633172166628,5
RW,40,17,0.19900244941838854,5
RW,40,18,0.13081952433313565,5
RW,40,19,0.21458562709327306,5
RW,40,20,0.2565188207697513,5
RW,40,21,0.6284860852630952,5
RW,40,22,0.1393402242229921,5
RW,40,23,0.32266289553315397,5
RW,40,24,0.19035201258978166,5
RW,40,25,0.35368069234869753,5
RW,40,26,0.18683165412080743,5
RW,40,27,0.23666578314580752,5
RW,40,28,0.12860175826128206,5
RW,40,29,0.37772414985813707,5
RW,40,30,0.12835687890822559,5
RW,40,31,0.016447633889219295,5
RW,40,32,0.1134155819116479,5
ISRW,5,0,0.3306970757509053,6
ISRW,5,1,0.23819284705565133,6
ISRW,5,2,0.37870270436913883,6
ISRW,5,3,0.18345395226479558,6
ISRW,5,4,0.5348050386699857,6
ISRW,5,5,0.4943292292136479,6
ISRW,5,6,0.41373052545061584,6
ISRW,5,7,0.47398202480996904,6
ISRW,5,8,0.02787692984207984,6
ISRW,5,9,0.3952312567772022,6
ISRW,5,10,0.5686987232594541,6
ISRW,5,11,0.19063194623374355,6
ISRW,5,12,0.3967418998093071,6
ISRW,5,13,0.12916678420130742,6
ISRW,5,14,0.22801276052581745,6
ISRW,5,15,0.27097427041939065,6
ISRW,5,16,0.4454679337390243,6
ISRW,5,17,0.476793488378183,6
ISRW,5,18,0.517515663816621,6
ISRW,5,19,0.22786611417800506,6
ISRW,5,20,0.4987812280480664,6
ISRW,5,21,0.19706236557217932,6
ISRW,5,22,0.4986466452392001,6
ISRW,5,23,0.31620655688498306,6
ISRW,5,24,0.5033396551039078,6
ISRW,5,25,0.18886537126776598,6
ISRW,5,26,0.788702062811891,6
ISRW,5,27,1.0,6
ISRW,5,28,0.07134797530378247,6
ISRW,5,29,0.5074534994445775,6
ISRW,5,30,1.0,6
ISRW,5,31,0.3687318901296299,6
ISRW,5,32,0.16224483576826973,6
ISRW,10,0,0.27609173167629103,6
ISRW,10,1,0.32764368582486614,6
ISRW,10,2,0.4602877389805002,6
ISRW,10,3,0.1429311269565608,6
ISRW,10,4,0.3011350400253859,6
ISRW,10,5,0.22814950323017752,6
ISRW,10,6,0.560801747195318,6
ISRW,10,7,0.3486893174705287,6
ISRW,10,8,0.5135922050478036,6
ISRW,10,9,0.2870182486491837,6
ISRW,10,10,0.48829852016543834,6
ISRW,10,11,0.3719319070228869,6
ISRW,10,12,0.567475504317527,6
ISRW,10,13,0.14839024441642537,6
ISRW,10,14,0.30622380087894674,6
ISRW,10,15,0.3288158433789101,6
ISRW,10,16,0.491886035727536,6
ISRW,10,17,0.46442769368381553,6
ISRW,10,18,0.21911156761972342,6
ISRW,10,19,0.04577201334430334,6
ISRW,10,20,0.13045541628298035,6
ISRW,10,21,0.6043620739320902,6
ISRW,10,22,0.354135665080382,6
ISRW,10,23,0.4488759431897359,6
ISRW,10,24,0.1408293548385793,6
ISRW,10,25,0.43117989572885107,6
ISRW,10,26,0.43845599401973745,6
ISRW,10,27,0.3866340622952153,6
ISRW,10,28,0.8566202580906461,6
ISRW,10,29,1.0,6
ISRW,10,30,0.7306091874000397,6
ISRW,10,31,0.564680047686106,6
ISRW,10,32,0.1005235433059484,6
ISRW,15,0,0.3380014578965725,6
ISRW,15,1,0.43215211765450756,6
ISRW,15,2,0.0186233298474183,6
ISRW,15,3,0.1670077228719814,6
ISRW,15,4,0.22821071183835787,6
ISRW,15,5,0.3266880493385723,6
ISRW,15,6,0.21452639240803792,6
ISRW,15,7,0.3141042713818229,6
ISRW,15,8,0.5052605030550459,6
ISRW,15,9,0.18241945503680795,6
ISRW,15,10,0.4576209186326699,6
ISRW,15,11,0.4185589190636522,6
ISRW,15,12,0.24413654136605314,6
ISRW,15,13,0.2706844283030305,6
ISRW,15,14,0.18709788870832947,6
ISRW,15,15,0.4287718732320908,6
ISRW,15,16,0.4345142569508533,6
ISRW,15,17,0.2157129422974596,6
ISRW,15,18,0.2128702487370482,6
ISRW,15,19,0.3645824711183085,6
ISRW,15,20,0.4057661896374773,6
ISRW,15,21,0.4653638756180843,6
ISRW,15,22,0.17087926544938187,6
ISRW,15,23,0.30775058501413655,6
ISRW,15,24,0.14459985677614612,6
ISRW,15,25,0.327622063460464,6
ISRW,15,26,0.13005518541322278,6
ISRW,15,27,0.33281836455432856,6
ISRW,15,28,0.19070640322617138,6
ISRW,15,29,0.2524664552281533,6
ISRW,15,30,0.28897025792855136,6
ISRW,15,31,0.21795623467543096,6
ISRW,15,32,0.3454809467428634,6
ISRW,20,0,0.2949767907228553,6
ISRW,20,1,0.5077949515297366,6
ISRW,20,2,0.4279396933325746,6
ISRW,20,3,0.15306734614410444,6
ISRW,20,4,0.2514354459400126,6
ISRW,20,5,0.31935003388461314,6
ISRW,20,6,0.3204309270613207,6
ISRW,20,7,0.2716684697584916,6
ISRW,20,8,0.5102202074473261,6
ISRW,20,9,0.21646144420818214,6
ISRW,20,10,0.27425500166938177,6
ISRW,20,11,0.40309830865404717,6
ISRW,20,12,0.18528106192242508,6
ISRW,20,13,0.0514017044259575,6
ISRW,20,14,0.5101179338211194,6
ISRW,20,15,0.2673430970571886,6
ISRW,20,16,0.323149512281179,6
ISRW,20,17,0.13053425603177468,6
ISRW,20,18,0.18326035991602338,6
ISRW,20,19,0.41704376532821236,6
ISRW,20,20,0.38745228189500436,6
ISRW,20,21,0.13819743326773545,6
ISRW,20,22,0.6253818238390458,6
ISRW,20,23,0.2921281170396084,6
ISRW,20,24,0.3821152414915201,6
ISRW,20,25,0.1986777434646961,6
ISRW,20,26,0.3590624169285581,6
ISRW,20,27,0.20782804070531227,6
ISRW,20,28,0.21922431614148077,6
ISRW,20,29,0.15523749104100612,6
ISRW,20,30,0.3320102981140037,6
ISRW,20,31,0.2694545380562042,6
ISRW,20,32,0.5055184378605359,6
ISRW,25,0,0.2681290281958742,6
ISRW,25,1,0.32604018338355883,6
ISRW,25,2,0.4995554229317176,6
ISRW,25,3,0.2138357833326747,6
ISRW,25,4,0.2291765962854194,6
ISRW,25,5,0.06705232866696016,6
ISRW,25,6,0.0718681614573675,6
ISRW,25,7,0.3255582295255034,6
ISRW,25,8,0.20535794393871257,6
ISRW,25,9,0.22254146119022955,6
ISRW,25,10,0.26034540246899085,6
ISRW,25,11,0.470354242691511,6
ISRW,25,12,0.1703930404193034,6
ISRW,25,13,0.027154634687428018,6
ISRW,25,14,0.42053356559036975,6
ISRW,25,15,0.13771906411727997,6
ISRW,25,16,0.2929401033704752,6
ISRW,25,17,0.19111379888475177,6
ISRW,25,18,0.27083578713392037,6
ISRW,25,19,0.1992302327061354,6
ISRW,25,20,0.1675109544220867,6
ISRW,25,21,0.3262389858611923,6
ISRW,25,22,0.18395163886737037,6
ISRW,25,23,0.3990901122402323,6
ISRW,25,24,0.06493601689639085,6
ISRW,25,25,0.4261818897933705,6
ISRW,25,26,0.20758883958626984,6
ISRW,25,27,0.3557202522571236,6
ISRW,25,28,0.15324976010427127,6
ISRW,25,29,0.24845584395846543,6
ISRW,25,30,0.6751496964040755,6
ISRW,25,31,0.3150911267527756,6
ISRW,25,32,0.0672397050968634,6
ISRW,30,0,0.25677016367841876,6
ISRW,30,1,0.41035705030798314,6
ISRW,30,2,0.14713932767529203,6
ISRW,30,3,0.19019488227684833,6
ISRW,30,4,0.1967116409026759,6
ISRW,30,5,0.23320761663415834,6
ISRW,30,6,0.42414005453951054,6
ISRW,30,7,0.39595534725992043,6
ISRW,30,8,0.09433849039779693,6
ISRW,30,9,0.21734964621331726,6
ISRW,30,10,0.23556438951266015,6
ISRW,30,11,0.4233364780880986,6
ISRW,30,12,0.36186119393448446,6
ISRW,30,13,0.05846460138262103,6
ISRW,30,14,0.28724630136870505,6
ISRW,30,15,0.165659475780834,6
ISRW,30,16,0.5351045721587455,6
ISRW,30,17,0.22698979425884966,6
ISRW,30,18,0.010367127055953643,6
ISRW,30,19,0.29845710115881185,6
ISRW,30,20,0.2169816542602223,6
ISRW,30,21,0.37878247739117077,6
ISRW,30,22,0.3022638862780764,6
ISRW,30,23,0.3014439613788165,6
ISRW,30,24,0.011059692725396305,6
ISRW,30,25,0.2615875632595093,6
ISRW,30,26,0.27303648235831246,6
ISRW,30,27,0.4137168391703284,6
ISRW,30,28,0.505934432992232,6
ISRW,30,29,0.16797846749612397,6
ISRW,30,30,0.23956373034773573,6
ISRW,30,31,0.09544005508184003,6
ISRW,30,32,0.05506392439491211,6
ISRW,35,0,0.25190583617205986,6
ISRW,35,1,0.11817159965242055,6
ISRW,35,2,0.3382524872237317,6
ISRW,35,3,0.2068313461268015,6
ISRW,35,4,0.1352979342154705,6
ISRW,35,5,0.25200834189530624,6
ISRW,35,6,0.2226250016773405,6
ISRW,35,7,0.2723521478424096,6
ISRW,35,8,0.4612008691460296,6
ISRW,35,9,0.18425624822098421,6
ISRW,35,10,0.29328444788275787,6
ISRW,35,11,0.3569611016167323,6
ISRW,35,12,0.4264983567807248,6
ISRW,35,13,0.03362320960592064,6
ISRW,35,14,0.1790206849677259,6
ISRW,35,15,0.10138149237020311,6
ISRW,35,16,0.4473911071980564,6
ISRW,35,17,0.1513314295697652,6
ISRW,35,18,0.04692545555067324,6
ISRW,35,19,0.21711241739274142,6
ISRW,35,20,0.20700891979616273,6
ISRW,35,21,0.043434769202201226,6
ISRW,35,22,0.28100738145292037,6
ISRW,35,23,0.23247498113047624,6
ISRW,35,24,0.19025649549558588,6
ISRW,35,25,0.3075237157434688,6
ISRW,35,26,0.13351078967251193,6
ISRW,35,27,0.21186921202316455,6
ISRW,35,28,0.2918469339934489,6
ISRW,35,29,0.4386956833365184,6
ISRW,35,30,0.286255833010465,6
ISRW,35,31,0.2062045738081856,6
ISRW,35,32,0.062321321787684,6
ISRW,40,0,0.207464568975242,6
ISRW,40,1,0.29462987958866504,6
ISRW,40,2,0.26399445530488,6
ISRW,40,3,0.18287410797404757,6
ISRW,40,4,0.17563455654242494,6
ISRW,40,5,0.22450903010787798,6
ISRW,40,6,0.30732303066231415,6
ISRW,40,7,0.2393210127640927,6
ISRW,40,8,0.22512451983597404,6
ISRW,40,9,0.22086797173054132,6
ISRW,40,10,0.2099579945426111,6
ISRW,40,11,0.2514761945931813,6
ISRW,40,12,0.38646591969847705,6
ISRW,40,13,0.1492918764162815,6
ISRW,40,14,0.3732772552019082,6
ISRW,40,15,0.33173424901736037,6
ISRW,40,16,0.19966633172166628,6
ISRW,40,17,0.19900244941838854,6
ISRW,40,18,0.13081952433313565,6
ISRW,40,19,0.21458562709327306,6
ISRW,40,20,0.2565188207697513,6
ISRW,40,21,0.6284860852630952,6
ISRW,40,22,0.1393402242229921,6
ISRW,40,23,0.32266289553315397,6
ISRW,40,24,0.19035201258978166,6
ISRW,40,25,0.35368069234869753,6
ISRW,40,26,0.18683165412080743,6
ISRW,40,27,0.23666578314580752,6
ISRW,40,28,0.12860175826128206,6
ISRW,40,29,0.37772414985813707,6
ISRW,40,30,0.12835687890822559,6
ISRW,40,31,0.016447633889219295,6
ISRW,40,32,0.1134155819116479,6
TIES,5,0,0.3306970757509053,7
TIES,5,1,0.23819284705565133,7
TIES,5,2,0.37870270436913883,7
TIES,5,3,0.18345395226479558,7
TIES,5,4,0.5348050386699857,7
TIES,5,5,0.4943292292136479,7
TIES,5,6,0.41373052545061584,7
TIES,5,7,0.47398202480996904,7
TIES,5,8,0.02787692984207984,7
TIES,5,9,0.3952312567772022,7
TIES,5,10,0.5686987232594541,7
TIES,5,11,0.19063194623374355,7
TIES,5,12,0.3967418998093071,7
TIES,5,13,0.12916678420130742,7
TIES,5,14,0.22801276052581745,7
TIES,5,15,0.27097427041939065,7
TIES,5,16,0.4454679337390243,7
TIES,5,17,0.476793488378183,7
TIES,5,18,0.517515663816621,7
TIES,5,19,0.22786611417800506,7
TIES,5,20,0.4987812280480664,7
TIES,5,21,0.19706236557217932,7
TIES,5,22,0.4986466452392001,7
TIES,5,23,0.31620655688498306,7
TIES,5,24,0.5033396551039078,7
TIES,5,25,0.18886537126776598,7
TIES,5,26,0.788702062811891,7
TIES,5,27,1.0,7
TIES,5,28,0.07134797530378247,7
TIES,5,29,0.5074534994445775,7
TIES,5,30,1.0,7
TIES,5,31,0.3687318901296299,7
TIES,5,32,0.16224483576826973,7
TIES,10,0,0.27609173167629103,7
TIES,10,1,0.32764368582486614,7
TIES,10,2,0.4602877389805002,7
TIES,10,3,0.1429311269565608,7
TIES,10,4,0.3011350400253859,7
TIES,10,5,0.22814950323017752,7
TIES,10,6,0.560801747195318,7
TIES,10,7,0.3486893174705287,7
TIES,10,8,0.5135922050478036,7
TIES,10,9,0.2870182486491837,7
TIES,10,10,0.48829852016543834,7
TIES,10,11,0.3719319070228869,7
TIES,10,12,0.567475504317527,7
TIES,10,13,0.14839024441642537,7
TIES,10,14,0.30622380087894674,7
TIES,10,15,0.3288158433789101,7
TIES,10,16,0.491886035727536,7
TIES,10,17,0.46442769368381553,7
TIES,10,18,0.21911156761972342,7
TIES,10,19,0.04577201334430334,7
TIES,10,20,0.13045541628298035,7
TIES,10,21,0.6043620739320902,7
TIES,10,22,0.354135665080382,7
TIES,10,23,0.4488759431897359,7
TIES,10,24,0.1408293548385793,7
TIES,10,25,0.43117989572885107,7
TIES,10,26,0.43845599401973745,7
TIES,10,27,0.3866340622952153,7
TIES,10,28,0.8566202580906461,7
TIES,10,29,1.0,7
TIES,10,30,0.7306091874000397,7
TIES,10,31,0.564680047686106,7
TIES,10,32,0.1005235433059484,7
TIES,15,0,0.3380014578965725,7
TIES,15,1,0.43215211765450756,7
TIES,15,2,0.0186233298474183,7
TIES,15,3,0.1670077228719814,7
TIES,15,4,0.22821071183835787,7
TIES,15,5,0.3266880493385723,7
TIES,15,6,0.21452639240803792,7
TIES,15,7,0.3141042713818229,7
TIES,15,8,0.5052605030550459,7
TIES,15,9,0.18241945503680795,7
TIES,15,10,0.4576209186326699,7
TIES,15,11,0.4185589190636522,7
TIES,15,12,0.24413654136605314,7
TIES,15,13,0.2706844283030305,7
TIES,15,14,0.18709788870832947,7
TIES,15,15,0.4287718732320908,7
TIES,15,16,0.4345142569508533,7
TIES,15,17,0.2157129422974596,7
TIES,15,18,0.2128702487370482,7
TIES,15,19,0.3645824711183085,7
TIES,15,20,0.4057661896374773,7
TIES,15,21,0.4653638756180843,7
TIES,15,22,0.17087926544938187,7
TIES,15,23,0.30775058501413655,7
TIES,15,24,0.14459985677614612,7
TIES,15,25,0.327622063460464,7
TIES,15,26,0.13005518541322278,7
TIES,15,27,0.33281836455432856,7
TIES,15,28,0.19070640322617138,7
TIES,15,29,0.2524664552281533,7
TIES,15,30,0.28897025792855136,7
TIES,15,31,0.21795623467543096,7
TIES,15,32,0.3454809467428634,7
TIES,20,0,0.2949767907228553,7
TIES,20,1,0.5077949515297366,7
TIES,20,2,0.4279396933325746,7
TIES,20,3,0.15306734614410444,7
TIES,20,4,0.2514354459400126,7
TIES,20,5,0.31935003388461314,7
TIES,20,6,0.3204309270613207,7
TIES,20,7,0.2716684697584916,7
TIES,20,8,0.5102202074473261,7
TIES,20,9,0.21646144420818214,7
TIES,20,10,0.27425500166938177,7
TIES,20,11,0.40309830865404717,7
TIES,20,12,0.18528106192242508,7
TIES,20,13,0.0514017044259575,7
TIES,20,14,0.5101179338211194,7
TIES,20,15,0.2673430970571886,7
TIES,20,16,0.323149512281179,7
TIES,20,17,0.13053425603177468,7
TIES,20,18,0.18326035991602338,7
TIES,20,19,0.41704376532821236,7
TIES,20,20,0.38745228189500436,7
TIES,20,21,0.13819743326773545,7
TIES,20,22,0.6253818238390458,7
TIES,20,23,0.2921281170396084,7
TIES,20,24,0.3821152414915201,7
TIES,20,25,0.1986777434646961,7
TIES,20,26,0.3590624169285581,7
TIES,20,27,0.20782804070531227,7
TIES,20,28,0.21922431614148077,7
TIES,20,29,0.15523749104100612,7
TIES,20,30,0.3320102981140037,7
TIES,20,31,0.2694545380562042,7
TIES,20,32,0.5055184378605359,7
TIES,25,0,0.2681290281958742,7
TIES,25,1,0.32604018338355883,7
TIES,25,2,0.4995554229317176,7
TIES,25,3,0.2138357833326747,7
TIES,25,4,0.2291765962854194,7
TIES,25,5,0.06705232866696016,7
TIES,25,6,0.0718681614573675,7
TIES,25,7,0.3255582295255034,7
TIES,25,8,0.20535794393871257,7
TIES,25,9,0.22254146119022955,7
TIES,25,10,0.26034540246899085,7
TIES,25,11,0.470354242691511,7
TIES,25,12,0.1703930404193034,7
TIES,25,13,0.027154634687428018,7
TIES,25,14,0.42053356559036975,7
TIES,25,15,0.13771906411727997,7
TIES,25,16,0.2929401033704752,7
TIES,25,17,0.19111379888475177,7
TIES,25,18,0.27083578713392037,7
TIES,25,19,0.1992302327061354,7
TIES,25,20,0.1675109544220867,7
TIES,25,21,0.3262389858611923,7
TIES,25,22,0.18395163886737037,7
TIES,25,23,0.3990901122402323,7
TIES,25,24,0.06493601689639085,7
TIES,25,25,0.4261818897933705,7
TIES,25,26,0.20758883958626984,7
TIES,25,27,0.3557202522571236,7
TIES,25,28,0.15324976010427127,7
TIES,25,29,0.24845584395846543,7
TIES,25,30,0.6751496964040755,7
TIES,25,31,0.3150911267527756,7
TIES,25,32,0.0672397050968634,7
TIES,30,0,0.25677016367841876,7
TIES,30,1,0.41035705030798314,7
TIES,30,2,0.14713932767529203,7
TIES,30,3,0.19019488227684833,7
TIES,30,4,0.1967116409026759,7
TIES,30,5,0.23320761663415834,7
TIES,30,6,0.42414005453951054,7
TIES,30,7,0.39595534725992043,7
TIES,30,8,0.09433849039779693,7
TIES,30,9,0.21734964621331726,7
TIES,30,10,0.23556438951266015,7
TIES,30,11,0.4233364780880986,7
TIES,30,12,0.36186119393448446,7
TIES,30,13,0.05846460138262103,7
TIES,30,14,0.28724630136870505,7
TIES,30,15,0.165659475780834,7
TIES,30,16,0.5351045721587455,7
TIES,30,17,0.22698979425884966,7
TIES,30,18,0.010367127055953643,7
TIES,30,19,0.29845710115881185,7
TIES,30,20,0.2169816542602223,7
TIES,30,21,0.37878247739117077,7
TIES,30,22,0.3022638862780764,7
TIES,30,23,0.3014439613788165,7
TIES,30,24,0.011059692725396305,7
TIES,30,25,0.2615875632595093,7
TIES,30,26,0.27303648235831246,7
TIES,30,27,0.4137168391703284,7
TIES,30,28,0.505934432992232,7
TIES,30,29,0.16797846749612397,7
TIES,30,30,0.23956373034773573,7
TIES,30,31,0.09544005508184003,7
TIES,30,32,0.05506392439491211,7
TIES,35,0,0.25190583617205986,7
TIES,35,1,0.11817159965242055,7
TIES,35,2,0.3382524872237317,7
TIES,35,3,0.2068313461268015,7
TIES,35,4,0.1352979342154705,7
TIES,35,5,0.25200834189530624,7
TIES,35,6,0.2226250016773405,7
TIES,35,7,0.2723521478424096,7
TIES,35,8,0.4612008691460296,7
TIES,35,9,0.18425624822098421,7
TIES,35,10,0.29328444788275787,7
TIES,35,11,0.3569611016167323,7
TIES,35,12,0.4264983567807248,7
TIES,35,13,0.03362320960592064,7
TIES,35,14,0.1790206849677259,7
TIES,35,15,0.10138149237020311,7
TIES,35,16,0.4473911071980564,7
TIES,35,17,0.1513314295697652,7
TIES,35,18,0.04692545555067324,7
TIES,35,19,0.21711241739274142,7
TIES,35,20,0.20700891979616273,7
TIES,35,21,0.043434769202201226,7
TIES,35,22,0.28100738145292037,7
TIES,35,23,0.23247498113047624,7
TIES,35,24,0.19025649549558588,7
TIES,35,25,0.3075237157434688,7
TIES,35,26,0.13351078967251193,7
TIES,35,27,0.21186921202316455,7
TIES,35,28,0.2918469339934489,7
TIES,35,29,0.4386956833365184,7
TIES,35,30,0.286255833010465,7
TIES,35,31,0.2062045738081856,7
TIES,35,32,0.062321321787684,7
TIES,40,0,0.207464568975242,7
TIES,40,1,0.29462987958866504,7
TIES,40,2,0.26399445530488,7
TIES,40,3,0.18287410797404757,7
TIES,40,4,0.17563455654242494,7
TIES,40,5,0.22450903010787798,7
TIES,40,6,0.30732303066231415,7
TIES,40,7,0.2393210127640927,7
TIES,40,8,0.22512451983597404,7
TIES,40,9,0.22086797173054132,7
TIES,40,10,0.2099579945426111,7
TIES,40,11,0.2514761945931813,7
TIES,40,12,0.38646591969847705,7
TIES,40,13,0.1492918764162815,7
TIES,40,14,0.3732772552019082,7
TIES,40,15,0.33173424901736037,7
TIES,40,16,0.19966633172166628,7
TIES,40,17,0.19900244941838854,7
TIES,40,18,0.13081952433313565,7
TIES,40,19,0.21458562709327306,7
TIES,40,20,0.2565188207697513,7
TIES,40,21,0.6284860852630952,7
TIES,40,22,0.1393402242229921,7
TIES,40,23,0.32266289553315397,7
TIES,40,24,0.19035201258978166,7
TIES,40,25,0.35368069234869753,7
TIES,40,26,0.18683165412080743,7
TIES,40,27,0.23666578314580752,7
TIES,40,28,0.12860175826128206,7
TIES,40,29,0.37772414985813707,7
TIES,40,30,0.12835687890822559,7
TIES,40,31,0.016447633889219295,7
TIES,40,32,0.1134155819116479,7
