id,x,y
16524,79.59648,39.06818
1,54.338463,29.368631
7018,126.63067,45.292957
10788,119.79443,40.7361
14636,42.971943,-26.422726
701,-0.05993069,24.37728
1239,83.378,62.88064
2914,54.98252,-30.709427
3561,36.507133,74.14208
10945,43.68468,-26.381435
14949,42.44001,-26.606869
18567,43.270973,-26.26608
18753,42.698807,-25.764832
19346,42.6838,-25.798513
19525,43.754944,-26.393896
9352,-46.016083,-94.13322
4716,-46.85284,-92.785866
4725,-45.04238,-95.59862
7556,-108.77623,-134.21571
1221,-108.52901,-132.21423
11856,118.95185,10.048067
3356,20.70869,-44.616802
3699,77.23903,11.782219
4540,78.71659,14.199753
6079,1.9751682,2.5182586
6347,47.58973,-109.142
6993,42.93191,-11.63295
7796,119.01197,9.87089
8297,-70.58026,50.21857
10588,118.92254,10.208647
18482,86.56071,-52.277775
3908,87.198425,-54.06861
19517,34.385,93.08661
16500,62.9203,-12.013557
4231,62.96573,-12.100309
14678,124.72888,27.681465
10589,124.72982,27.674395
10973,47.689774,-98.74119
10213,-116.46418,-126.08606
2764,-117.790016,-124.89389
18979,126.734314,33.139244
13017,-49.042423,19.722801
5378,-52.96568,25.753607
5564,-49.000874,19.707697
8022,13.295627,-53.687393
8220,-92.844345,22.32257
174,-59.563854,-42.36846
1299,-114.4013,77.05687
3257,-58.105743,53.499817
3333,-48.194733,57.5776
4513,-44.941265,45.274704
5409,-55.84224,88.681656
5413,-55.045193,58.464874
5459,-60.981464,51.21919
5551,-63.8949,16.739733
5595,-107.40502,37.83061
6461,-26.440756,23.850544
6675,-23.381813,147.26865
8235,-91.14119,41.267384
8372,-61.105686,19.52786
8782,-94.647316,7.946106
8918,-52.996223,51.684357
9052,-87.78744,15.09779
9057,-58.45956,71.49374
9106,-95.05181,13.209852
9126,-61.224934,100.760925
12432,-94.04191,20.00316
12433,-92.75993,22.279312
12640,-91.48925,22.225594
12755,-77.95527,46.29543
12761,-75.87321,-9.149636
12878,-107.03505,47.612667
4961,-23.220545,-185.5054
3976,-24.962524,-184.8574
4766,-4.128612,-194.78786
10596,79.26032,12.710757
226,81.23877,-7.974413
12809,-160.46182,75.583755
12530,-160.66855,76.172966
8892,-66.8385,98.140366
2871,-67.237785,98.00497
14682,79.40406,67.15858
18592,-159.22643,-92.82103
278,-162.78476,-92.606285
3454,-157.86801,-92.330025
1840,-159.12648,-91.52523
2549,-159.29248,-92.15584
3596,-159.3945,-91.9319
6342,-158.62746,-91.691986
7325,-158.6397,-91.88134
11537,97.59771,-20.76594
15887,-69.07588,-7.5824857
1267,-72.69695,-6.9133735
3269,-65.38488,-9.754601
16174,-50.42377,32.426716
8586,-50.223454,33.06786
12885,-50.77359,31.207653
8657,-105.7503,4.0401244
1930,-108.93967,3.8718503
3549,63.51285,-0.14966811
5400,-113.16941,26.790752
3243,-109.046585,1.4999654
6453,-99.180855,-38.766766
8765,-105.23576,2.485189
8824,-104.33991,3.861472
8994,-105.157906,2.4632614
9186,-104.23402,1.7725706
11259,-105.18412,-1.6690922
12305,-105.88697,3.1359565
12353,-106.048355,3.4855092
12926,-105.88632,3.4001362
13156,-105.66593,1.3800884
15457,-106.148445,3.2252088
15525,-106.25157,3.0622642
6773,-105.82796,3.0380971
8825,-135.1959,104.087265
3216,-137.89142,102.36132
5434,-129.89323,107.31639
7293,82.24572,-88.411354
2548,81.42511,-87.35445
10322,82.0433,-88.43002
15891,-39.581894,94.150826
9132,-39.316467,93.87173
12426,-101.00387,63.276566
6726,-101.64858,63.77029
16155,-71.41063,-3.572112
8968,-72.30793,-1.1118817
10838,37.6574,144.77698
7757,122.8415,63.82646
11563,36.4088,144.31625
9729,-83.81217,-111.313774
703,-90.31217,-113.57435
4637,-68.46259,-114.801216
7473,-102.427574,-103.246796
7497,-79.45777,-92.82312
9891,-82.95106,-112.3044
9914,-83.87002,-112.7441
10238,-83.799576,-111.71986
7659,-83.71211,-111.77985
9259,-83.77066,-111.672745
15131,41.95055,-8.88048
715,43.56664,-0.73779535
10367,19.5059,-10.997646
1784,18.831808,-11.337842
11461,83.211426,-97.28167
17500,-79.371315,-113.82296
4635,-79.53412,-114.47903
702,-73.35875,23.874464
4787,-104.921074,-103.67237
4565,41.261486,-77.90177
10530,-119.212,-27.699232
19544,-57.096317,-41.006016
9645,-12.847297,-192.22821
4670,-13.62495,-191.47876
4265,118.81699,25.526121
5731,118.95567,25.558577
7309,119.27048,25.312119
15079,118.32385,25.140009
15217,-11.693089,-97.88161
16807,118.673965,26.100006
12039,128.87257,42.480274
13394,111.23215,-78.667404
6138,111.18196,-78.66794
20684,-104.52955,40.732136
3248,-105.18501,40.9822
18577,-58.522903,-51.20609
12457,-94.50956,15.355953
1833,14.004898,10.38764
3300,-97.50221,32.277203
6739,-77.48105,19.701923
8938,-67.30982,69.64192
12356,-92.09079,11.531291
12715,-94.67259,11.844994
12845,-94.26899,17.716831
12970,-94.18175,13.919884
15616,-95.65994,56.164528
15954,-95.128975,15.05342
6901,-94.58928,15.075576
8216,-94.6667,14.979248
8063,114.875374,-46.405003
3464,114.86228,-46.179565
6167,3.847756,37.613045
11052,76.30821,-48.68906
6223,75.62429,-49.86705
6322,76.75081,-47.9786
10046,1.712218,-202.23296
9768,2.7827387,-202.55626
13384,93.29848,28.365538
6386,93.35083,28.15739
13968,-1.4228623,-76.91059
5674,51.75122,68.83228
5676,0.12028974,-76.15598
9680,-40.62244,-125.9493
3462,-40.17211,-123.37515
3557,40.002956,3.666364
6427,46.312977,3.3974378
6730,-84.742714,38.244865
7091,42.737896,4.3510046
11439,69.75843,97.97181
18886,101.695,-44.95964
6467,100.491455,-44.8266
10764,93.239136,-21.598467
38,64.29607,-23.031372
103,90.926414,-20.952635
145,145.15024,-64.921295
160,93.81724,-21.914928
237,91.97881,-2.561287
293,85.92546,-21.849064
59,93.522385,-20.646975
24,141.22581,-55.970345
378,89.86073,-21.936865
513,88.33251,-22.467392
600,92.42376,-13.391745
683,91.05782,-19.663399
1103,-32.99398,62.154972
2603,-91.74564,89.864395
3676,89.243675,-27.844814
4538,-78.59841,-94.85281
6200,90.860374,-21.222961
6509,96.71504,-154.1191
7050,93.78553,-20.87201
7170,42.794056,160.86948
7539,92.313324,-22.929699
7610,-102.17939,-112.7301
7660,-61.268307,-85.144554
12427,-160.79704,116.6564
17579,6.165894,-196.76567
7688,95.21949,-21.662163
15030,-176.09758,-57.337578
4230,-178.43488,-57.368492
9280,-117.52858,-137.27304
7474,-116.78544,-142.9747
9942,-120.53939,-128.3592
12919,-42.074726,91.72114
1270,-44.626575,96.77471
1273,-46.57065,87.22458
16260,-60.817608,39.767387
5519,-60.74393,40.537556
12392,-73.00053,63.151157
3304,-74.52764,64.175934
6852,-72.958244,62.89738
8146,37.931484,4.9087605
15353,38.150158,4.759022
765,29.528534,171.73264
721,27.999176,170.43254
9651,-120.13789,-128.12984
6503,-157.6049,-89.63158
3632,-159.139,-91.05355
6927,-158.77127,-89.23746
6957,-158.41518,-88.66347
7038,-158.82303,-88.719955
7125,-158.38402,-88.65568
7438,-160.38391,-88.3885
7974,-161.68304,-92.312454
8007,-155.62428,-89.85358
8140,-161.5997,-91.332664
10420,-161.1566,-87.71346
10436,-161.10918,-89.76922
11519,-160.49078,-89.273155
11677,-158.19942,-87.789696
11888,-158.1881,-86.46629
12146,-159.51683,-87.33936
13440,-159.95746,-88.97538
13591,-149.05704,-64.77491
13878,-154.32535,-57.424877
13999,-162.7401,-84.12533
14122,-161.838,-87.821976
14178,-153.6547,-91.35708
14249,-157.98203,-86.64879
14250,-161.49608,-88.714066
15107,-157.38802,-88.511086
15236,-159.38022,-89.367134
16960,-162.23898,-84.68657
17250,-155.56555,-89.89803
18449,-160.59164,-88.59788
19259,-157.93988,-87.7217
19332,-156.56201,-87.34125
19688,-161.47292,-88.4579
19741,-144.03647,-70.77637
20032,-158.3427,-87.1909
1292,-161.66916,-89.28597
3484,-161.74945,-87.1593
3548,-159.45079,-88.653145
3810,-160.68028,-87.17913
4493,-160.99529,-87.95334
6495,-160.94817,-89.26875
3335,-157.76901,116.368706
5568,-156.37938,116.63042
15753,-44.586384,90.90073
8391,-44.580654,90.89375
10967,128.47116,31.668653
15836,-142.23726,27.093407
11042,-142.15579,26.873123
7893,99.32164,-26.772867
2048,99.31293,-26.740786
2055,99.237045,-26.329424
16794,-99.7678,-30.170853
11992,-100.410095,-29.784046
12304,-163.5578,109.63384
8756,-163.51346,111.70913
13126,-162.11334,58.320927
16190,-163.52283,109.49072
11419,-177.6588,-51.496513
10429,-177.65552,-51.47899
16919,-53.626305,-44.09071
8132,39.75514,-103.685295
12022,126.700554,72.87592
17167,148.49138,57.645718
64512,127.074356,-21.07876
209,125.05835,-17.9841
13811,-8.313017,-103.125244
10911,-8.038764,-102.70915
8640,-82.56673,36.546207
20649,-160.70232,37.001514
8876,-161.35295,38.178577
9121,-158.59721,33.409687
1597,34.428444,167.88675
15551,-29.525558,152.89693
3215,-32.770336,153.59012
3259,-26.848692,153.8733
6537,105.356804,-140.95245
15290,104.4901,-141.55008
12041,76.22864,-93.29685
12078,64.05018,-63.2962
5650,70.27581,-62.49567
10930,63.997902,-115.86283
10760,64.326706,-115.80848
5502,-65.30409,-8.288885
5602,-62.659286,-11.124375
5609,-66.363,-9.294978
6664,-67.88601,-10.83194
6665,-67.501854,-9.742157
6840,-65.69968,-8.412381
6882,-68.47232,-7.068826
8265,-60.136505,-10.135294
8329,-68.59504,-9.068042
8564,-62.83532,-10.632508
8660,-59.326214,-8.728129
8754,-66.33893,-7.8944087
8822,-65.84115,-7.5499887
8884,-71.41615,-3.542761
8911,-65.19747,-2.520442
8978,-66.31703,-11.286528
8980,-71.396194,-11.269148
9137,-65.61471,-19.194427
12309,-69.77014,-6.921208
12363,-67.04139,-3.6072743
12373,-71.68687,-2.1052842
12428,-62.764942,-4.442108
12434,-62.478893,-14.190966
12445,-65.67313,-19.626348
12468,-65.67423,-7.6159477
12474,-58.770832,-3.6964943
12481,-65.98389,-2.3475144
12514,-58.45995,-3.4127584
12607,-75.07624,-4.593826
12637,-58.72124,-4.2566786
12650,-60.155556,-5.275699
12719,-60.080784,-9.918984
12797,-74.099045,-12.263152
12835,-63.631218,-7.4733357
12954,-64.500305,-6.4684887
12974,-60.98635,-9.575568
13018,-67.61848,-7.54967
13047,-64.48965,-9.077523
13089,-67.00336,-3.5173092
13097,-65.710365,-2.4822195
13098,-64.660126,-2.9837127
13113,-71.58838,1.4198529
13145,-65.393486,-7.799887
13175,-62.87182,-7.7022285
13180,-63.35716,-7.5997205
13182,-58.880104,-3.7203317
13253,-65.61539,-8.1718
13286,-73.91164,-8.979936
15453,-65.426445,-2.8500454
15529,-68.15861,-5.5544477
15602,-65.60468,-2.3083782
15607,-69.39277,-7.3325896
15660,-64.11322,-8.685871
15663,-69.207565,-6.4454365
15668,-69.29702,-7.049408
15691,-66.19321,-12.069125
15714,-66.19129,-8.54193
15715,-63.85848,-7.6821566
15807,-62.400005,-14.226257
15981,-64.227455,-6.9849687
16021,-65.78653,-8.03804
16035,-60.39019,-10.252116
16098,-65.39455,-2.7032092
16177,-64.006966,-7.083217
16198,-74.791725,-4.828367
16210,-70.69493,-5.8302684
16219,-64.08807,-6.4484625
16297,-73.999016,-9.457872
20487,-55.746353,-6.367074
20580,-65.918465,-7.902855
20604,-67.700356,-8.711239
20707,-66.24559,-12.283241
7501,-47.842567,-88.73554
2497,-50.54709,-88.18795
2504,-60.305244,-82.95398
2516,-54.92523,-86.584885
4694,-43.916023,-84.995094
4728,-51.167442,-94.24996
7502,-46.15072,-89.70777
7519,-49.241367,-88.589516
7522,-51.292835,-89.66432
7524,-47.92557,-94.42018
7525,-52.989323,-92.4153
7668,-49.594513,-88.31645
7670,-51.26924,-92.131645
9353,-46.128403,-86.72446
9356,-43.837196,-93.69463
9358,-48.01514,-89.059135
9371,-48.72419,-87.76312
9608,-48.23339,-89.10518
9617,-48.551937,-90.14307
9995,-46.03806,-85.53646
17504,-51.280502,-94.28422
17511,-47.272163,-88.453156
2525,-48.05271,-89.09436
14606,86.536644,-56.26165
11387,127.70214,39.43587
7755,58.101597,28.537086
9660,-88.50061,-115.18087
20250,32.818195,73.89409
20544,-142.5553,114.08257
12976,-143.28531,113.80643
3866,36.82657,201.41692
1913,38.986004,200.27141
19470,-3.4993136,-87.329956
5673,-6.222093,-85.30719
9779,-5.263953,-184.8931
3786,-12.645857,-176.70027
11600,125.43464,96.529495
3446,87.96835,-47.902622
11646,87.85864,-48.04525
13964,108.03805,-1.2000093
6410,6.364014,29.972546
12565,-76.675514,-9.605976
1755,-96.7509,58.76173
11584,-137.77734,113.62085
16143,-137.88322,113.5351
15027,101.74486,-44.96957
6971,43.649887,1.7944928
4006,115.91098,-39.96144
7955,67.11916,71.71961
10614,43.533466,1.2049527
13982,44.756683,1.9571166
15035,43.649807,1.8436329
11503,-145.20668,-67.02439
7908,-145.44556,-67.66255
16857,150.72166,-10.837185
18618,150.77913,-10.841817
8212,-146.52869,3.3993447
8335,-144.56213,3.6232848
12491,-159.43279,-6.525982
13288,-146.37195,3.3394835
15604,-147.11705,3.8965888
12330,-98.57984,88.99115
9060,-98.23914,88.73591
9975,-15.495265,-188.33073
9457,-15.75612,-188.90372
11690,94.03995,19.61867
6395,91.526634,21.567078
15617,-138.9812,5.9048057
1241,-140.11165,5.7348666
8012,-20.613708,-52.541798
10910,-17.393444,-54.109642
20074,29.807032,-51.86498
11998,94.4842,-151.74017
855,94.64902,-152.2584
14653,93.47266,-150.85274
13103,-161.6665,68.52798
2874,-162.54977,68.12391
3254,-159.16519,68.78481
64615,134.03743,-15.674962
16840,-3.2840424,-29.493553
3967,0.06357669,-29.485613
19431,12.874806,24.835697
15058,83.31405,-55.38534
14825,74.21707,-59.620117
17139,84.508804,-54.493294
18928,73.573296,-58.660835
18945,84.66528,-54.56333
18952,84.60099,-54.514767
19535,83.085,-55.745907
19549,73.57874,-59.594433
11459,83.71105,-55.015686
14851,151.5359,65.00239
13690,179.00952,5.5839505
4323,180.0238,5.4288588
16752,65.91048,27.983994
6423,65.98217,27.953014
3369,2.0025241,45.73942
3378,2.000739,45.739025
12294,-154.18192,66.29565
12872,-154.4821,66.378975
13228,-153.84659,67.06481
15386,-154.41066,66.28894
10949,-33.21888,48.006863
6597,-33.225426,47.99654
20356,68.56389,60.145172
3914,67.58734,59.285786
15142,34.629738,73.953705
9506,-100.15984,-113.14269
3758,-100.01412,-113.49386
2150,80.452255,-12.833638
2920,80.65611,-12.87655
10294,79.70787,-12.713475
11422,81.755844,-11.7150755
11423,81.06293,-14.415477
1305,-26.04106,172.76068
2200,-26.456581,174.64622
13823,59.28811,38.743843
3354,69.99905,-22.637602
6922,70.99007,-24.46129
14351,69.96071,-22.244818
3605,-92.09576,-114.68631
15254,108.10443,2.4682875
7222,107.06698,2.812185
15251,108.24985,2.5830102
13504,99.03112,-25.571888
18818,98.84835,-24.9403
19564,98.89377,-24.991512
10550,70.34825,-24.345562
16848,77.39377,64.53644
13186,-88.16949,14.87302
3352,-90.764015,14.431504
12541,-86.42575,15.753572
16091,-92.62378,13.593347
17157,94.3851,23.402077
20113,88.49854,72.44027
17360,141.97444,0.92587316
6451,83.50292,67.70357
2915,-51.189865,-95.063934
7734,-98.48263,-126.81788
577,99.095375,-145.4728
1849,-64.691315,38.683186
4433,-98.729904,-126.50065
8390,-165.17955,45.226246
8431,-165.16098,45.26935
8866,-165.36555,48.475254
11331,-163.83011,44.257973
11078,144.64021,-41.24266
14325,144.54712,-40.98199
15305,119.226265,32.596573
17380,119.22777,32.600597
10169,2.0928075,-173.58441
9318,1.2417958,-170.05077
13710,50.638474,-117.228424
10612,-4.126988,-85.87713
16145,-145.29832,47.905796
5377,-155.10551,48.680305
5603,-144.63507,48.267044
1309,-25.987993,165.88034
1708,-25.968918,166.09058
1717,-25.058409,171.18047
2223,-25.959711,166.1489
12398,-26.087486,165.3259
775,-25.968113,166.08067
1301,-26.054798,165.53587
17355,157.39876,26.867805
8148,157.27214,24.79383
14506,157.30347,28.054049
5496,-91.25835,31.014742
12854,-90.608444,30.810581
13266,-91.22382,31.001432
5572,-158.45213,114.73372
3058,-158.88872,115.1307
13118,-152.51437,114.29575
10718,92.58359,42.24629
6402,92.065834,42.0005
2714,56.73822,32.691406
81,119.31018,-24.713446
6250,119.13663,-24.838848
14306,119.59942,-24.53164
20033,119.37191,-24.664406
10218,-87.818214,-62.994633
10096,-87.81923,-63.01305
15630,-97.74989,13.072848
766,-98.40914,12.842974
8207,-155.46127,48.78842
6995,130.71504,-61.653305
46,132.86446,-62.204178
3951,127.881355,-60.67786
4390,131.4338,-61.099586
11094,131.19229,-61.047615
11696,131.44357,-61.84732
11768,131.33199,-60.732944
16889,132.45677,-62.094128
17085,131.19562,-60.98461
19187,130.8385,-62.683514
19677,131.64754,-61.82963
19903,131.2268,-61.034927
205,131.5931,-61.72028
9102,-163.05252,35.82767
9000,-163.10384,33.01841
15897,-162.31483,35.511253
2529,-49.284542,21.068123
4000,-116.70401,-44.98383
8796,-48.98615,19.651033
13181,-140.2583,34.848915
8708,-139.6372,35.88677
19237,74.47138,102.00628
14631,50.866776,69.50123
13433,17.638653,-84.49478
6172,19.326681,-82.40851
151,-98.467545,-113.81745
1298,-99.94168,-111.86335
4983,44.66954,-15.88185
7472,-101.44351,-112.679405
7634,-99.18452,-112.88354
9247,-101.13636,-112.77157
9292,-100.73756,-113.7229
9434,-100.73495,-112.12788
9719,-100.79529,-113.86288
9877,-101.3026,-112.7094
9890,-99.97866,-111.904785
9892,-99.22692,-112.69439
10120,-100.684586,-114.4064
1872,-99.08182,-115.17046
3613,-100.385635,-112.81431
14353,109.212105,6.5643606
5679,109.14679,6.8455715
20564,-154.71938,65.525
3252,-154.87192,65.06581
12523,-29.011982,153.895
13173,-59.048313,37.7159
5607,-57.591705,39.196835
8681,-60.840084,32.720753
20516,-149.14381,64.93605
8513,-148.85341,64.0729
15497,-149.45161,65.71256
10984,34.16682,73.21612
11339,14.908043,35.38743
8609,-108.29975,1.7250215
17467,-116.287186,-140.69463
26,146.39467,-66.83239
1785,148.66663,-70.20193
3754,146.84058,-66.4487
14799,153.31071,56.918777
17491,-69.44347,50.74593
6888,-170.5159,-5.111049
8320,-170.3705,-5.1548142
8584,-166.65295,-4.845671
9116,-170.46877,-7.573557
11126,55.83672,-110.89125
7431,55.82594,-110.87641
3360,48.663033,45.69323
15175,76.34277,97.945145
10959,125.79969,96.51794
13090,-51.67668,95.028244
517,-53.39287,95.97203
15408,-58.010777,68.95106
234,56.357883,-27.034334
13476,60.493587,-40.155106
101,61.451458,-40.620705
13589,17.621283,36.35894
11966,98.798195,123.32062
11204,10.704522,42.72033
7071,-0.70718056,-75.56684
16379,-72.72311,2.7794816
7176,-72.81274,2.9767091
14644,156.3073,-72.63948
6128,156.99312,-73.769806
7042,78.94052,-69.14047
1982,78.822395,-68.95027
5510,-57.890827,-2.7954354
3302,-56.822968,-2.57219
7581,-86.32409,-121.978516
7589,-86.33282,-121.986916
9755,-9.730952,-173.75952
4861,-8.853898,-172.85568
9354,-42.011433,-93.27345
4732,-41.357452,-93.853195
7518,-40.920574,-92.368034
11822,106.3813,123.83616
7491,-89.0442,-64.30442
9299,-88.02656,-63.54172
9497,-89.15725,-65.84474
9658,-90.16754,-68.282005
9728,-89.111275,-64.44929
11919,-93.3369,-63.29594
7792,159.53273,22.153004
5006,158.95996,21.767937
5760,30.66223,97.23078
3313,-62.074997,-7.1105003
12874,-62.252716,-3.3915443
5687,-28.759317,24.421093
4982,-28.760332,24.422966
12609,-112.35859,37.17556
8591,-112.310745,37.1925
8151,-164.7541,-88.41236
11172,-157.96465,-85.38439
16251,-91.139206,84.5613
1653,-90.28715,86.896095
16117,-91.49547,84.124664
19932,10.486618,30.593739
20179,44.887295,-108.47897
6725,-69.86813,27.518978
13121,-148.94386,64.33828
127,82.35365,-10.423374
297,89.67849,-10.964235
12807,-30.194082,147.70766
2917,-30.437029,148.43341
5594,-28.285585,142.53645
13793,73.68259,99.88016
20667,-94.83271,19.503714
12792,-157.43138,63.453053
6846,-156.13737,61.544754
11038,31.346796,75.54545
19992,105.84285,-77.65626
5696,104.425415,-72.51209
6248,33.150814,-14.072356
13791,33.272343,-14.524145
9905,-94.99722,-63.966717
11889,21.909252,-59.80512
9611,-26.95515,25.259949
12408,-168.61223,-6.591588
8410,-168.42368,-6.8784084
6113,-22.367367,29.152655
8082,-2.7613444,-26.517836
16676,56.291264,12.8635845
7368,31.519539,99.40774
11547,90.99466,-59.722775
4969,9.729108,-10.69797
5651,22.179258,-13.805919
5716,19.744387,-9.789199
6345,18.956238,-13.155963
6506,19.9202,-11.304685
6530,20.739307,-11.311771
7181,19.627207,-10.774797
7960,16.9902,-10.874956
10271,20.01265,-11.780792
10323,18.73532,-11.763199
10653,19.194937,-10.897318
10781,17.749846,-10.839284
13779,19.495285,-11.073166
14729,17.794506,-10.851361
14985,22.002975,-9.42532
17014,13.023907,-12.349526
17113,19.78923,-9.785349
17079,-121.656204,-28.260275
6140,-143.47101,-54.240402
14191,116.9801,-146.26941
3602,117.98205,-146.10425
11766,43.292564,-93.69386
4130,143.09508,-64.51024
5050,142.71205,-63.513878
2572,106.753235,1.1960875
7911,109.00511,7.8227577
11684,106.79896,2.8596327
16826,107.32491,2.3169422
17338,107.15963,2.4817376
19081,107.51663,2.8067124
6778,-130.73257,74.63797
8246,-127.7139,78.67271
12934,-130.57117,74.74666
12973,-130.55692,74.76183
15905,-130.03082,75.20422
16340,-130.58669,74.73475
15101,126.83656,93.48469
8528,-35.869255,150.79245
15711,-95.85796,11.705205
3262,-95.542175,10.846977
12338,-96.02705,12.117139
14710,22.252773,-82.64795
14812,66.33952,-93.11568
818,104.59069,-146.13512
74,104.87769,-145.46556
9135,-39.410282,86.720795
6754,-40.027645,85.73434
10620,-111.52264,-42.597034
7984,-110.87722,-43.27075
11784,7.840807,38.001205
8568,-137.60594,117.83194
8342,-139.48433,120.633224
13003,-46.146152,95.24107
7351,62.17513,3.4738872
3228,-55.452446,-6.137472
8210,-104.24502,65.39987
8722,-55.561646,-6.119545
15923,-55.965034,-5.2706447
16052,-55.584297,-6.0772223
2519,-41.860477,-82.40119
9369,-42.2379,-82.86086
19377,143.16478,-23.37056
17659,-109.537415,-123.59527
14172,-109.78122,-123.61066
7526,-52.294632,-96.981895
4680,-52.17823,-96.52759
11864,-8.091871,-107.12723
8615,-136.42584,110.55973
3312,-136.99991,104.467
8988,-136.43318,110.58968
8653,-77.64148,54.79225
3342,-77.688896,54.551846
8355,-78.812935,54.16462
8651,-78.183,54.813374
8656,-77.50251,55.10106
8652,-77.04603,54.46802
17075,88.554985,65.5123
16895,181.48701,2.7593796
18703,-3.492447,-44.67656
1740,-1.8882961,-42.181374
20476,131.19823,-18.872566
8511,-127.71091,123.0703
3239,-127.3507,123.03383
8863,-127.86948,123.05782
13345,64.2655,58.048183
3404,63.704414,59.21141
20242,64.237885,58.08693
4752,-106.784805,-140.5837
4805,-106.64961,-140.7612
72,-63.864487,15.444998
13741,-60.83715,-48.59597
4922,21.947289,23.341837
14920,-99.93638,-30.771822
4005,-121.43532,-13.007823
2614,-141.00502,37.3435
5483,-134.00395,38.919865
8930,-139.6334,34.892883
12310,-140.0683,34.451298
12672,-140.63618,33.15338
12699,-139.9817,34.614834
12723,-140.09894,35.21018
12804,-143.54031,35.17167
12841,-140.43855,35.03609
13021,-139.29088,33.852325
13059,-139.20311,33.907967
13067,-138.43494,35.477867
16031,-138.37521,34.010696
16121,-141.62302,34.6058
16157,-139.77786,34.978416
20524,-140.35728,33.54731
20616,-139.66425,34.52611
15458,-159.23338,69.69512
12167,142.14963,-24.092255
2568,41.918587,-55.906345
4374,42.36072,-56.188698
11466,75.34926,28.070993
11777,41.525658,-55.725132
12230,42.416603,-56.302525
13386,41.92192,-55.820232
12431,-53.377544,108.20575
3320,-49.923313,108.50083
8937,-53.648323,108.16775
14188,159.4734,-10.306857
19162,157.45468,27.665966
17236,131.91045,-14.703639
16682,62.8828,9.681874
8223,-98.54024,64.639854
6855,-98.44184,64.714874
9810,-80.38017,-85.986824
17620,-80.58561,-85.813255
18820,54.67028,-22.73047
13255,-124.48041,74.199905
5617,-122.53122,76.35445
8323,-124.29919,73.58728
9847,-0.010492661,-173.02931
11958,150.35745,58.78142
13,43.97103,160.10239
668,44.447117,160.18634
17190,97.78434,-39.26352
13488,97.64873,-39.254776
7366,117.75557,-144.916
13597,33.38465,-110.29217
16028,-102.42254,-23.178701
5511,-101.96563,-23.63804
11532,79.71346,38.46324
13225,-143.07954,103.4821
2854,-144.34871,101.8503
8773,-133.76079,106.36301
20045,130.37106,-16.81229
9993,-49.98952,-86.72891
12596,-61.177807,30.46617
1290,-59.991974,30.40873
13427,28.512138,74.33156
7484,-77.7097,-122.76704
4058,-79.82759,-124.111115
4515,-76.18763,-123.271545
2876,-74.39585,25.393442
19786,-90.10619,-56.058937
17443,-90.3848,-56.136604
11453,98.97471,-146.36325
17361,-18.215752,-53.738
18877,150.47339,49.912872
13399,76.17575,68.32822
13473,118.70787,-44.04532
6983,117.64174,-43.616093
14991,85.56473,30.601034
7332,84.93985,30.53358
15182,-0.6975619,-75.93993
19363,4.118559,-5.88655
3066,3.997735,-6.728239
6555,4.2043633,-5.140843
16548,49.37281,39.602127
272,32.41315,172.18242
15076,8.629942,25.582535
11671,159.97,26.35199
15730,-48.92723,69.758125
13290,-24.525682,149.7255
5468,-159.44215,116.43453
77,84.23349,-88.20713
5723,142.45369,-65.77129
9395,-78.35415,-87.71729
4808,-77.48136,-87.785805
8936,-135.32405,117.44566
20652,-53.11087,27.070198
14556,124.68698,39.36697
8724,-187.56667,62.95099
6747,-186.50755,62.734833
16062,-187.91817,63.439476
16279,-188.09706,63.665154
6906,-188.2961,64.12275
243,87.68259,67.416504
15775,-189.6857,64.970314
5518,-190.16109,66.34841
14946,143.3652,-0.88804096
6112,115.5054,-43.32053
10490,114.62,-44.70021
12989,-100.32428,88.605644
790,-100.19442,87.76543
19218,-10.683589,-73.03397
10912,-11.025049,-73.79378
2172,-64.29606,66.347435
5388,-64.41239,66.472145
2830,-122.30265,3.4658825
5500,-64.36097,38.223972
6717,-65.07741,39.25079
8902,-63.270763,38.84607
15680,-65.03283,39.208366
11060,123.67874,59.481117
7922,125.73719,61.824062
10796,124.54362,59.845524
11050,123.138626,59.174232
12911,-29.796644,157.21179
1899,-30.564436,158.03
2167,-64.40741,65.768005
4654,-78.91237,-122.65356
15799,-81.81824,36.125637
12638,-42.59221,92.384834
12984,-158.68216,69.85197
9796,-93.69936,-59.12999
4755,-93.33305,-57.427082
15528,-114.728516,77.6968
6705,-39.803585,80.21088
9073,-39.150818,79.824356
9189,-40.616817,82.31571
12485,-39.80494,80.25634
12579,-40.53143,80.66739
12822,-38.828617,81.85672
15388,-39.96006,79.62261
20750,-39.84972,80.27002
5814,45.350235,177.75822
3544,45.786743,177.89499
14027,78.65265,13.780528
14975,48.627663,44.92543
14397,124.480804,42.923496
19099,47.78123,43.229774
15917,-56.314053,23.532166
7990,-56.015923,23.81394
9505,-44.098408,-121.32168
4662,-44.460922,-119.92312
4780,-44.267532,-123.88064
4781,-45.294586,-120.65784
4778,-42.261528,-124.43186
1659,-43.30854,-117.279175
7478,-42.42647,-123.39185
7534,-43.93803,-122.76652
7540,-73.45114,-122.97749
7533,-42.858044,-120.75471
7710,-44.139214,-123.233795
9283,-41.714127,-122.309166
9415,-45.01017,-122.2951
9416,-43.4419,-124.347565
7649,-42.809128,-121.126755
9674,-40.113647,-121.35943
9785,-43.026337,-122.30623
9917,-41.74217,-121.77804
10126,-43.226646,-121.89486
10128,-42.97457,-121.8567
17416,-41.83961,-122.33015
7482,-44.288902,-122.34336
7535,-42.6058,-121.95119
7538,-43.32355,-121.434975
9310,-43.250385,-121.46082
20422,121.339676,77.15854
10966,41.03551,-12.119523
8535,-117.41139,76.5501
6844,-147.48523,4.177157
8200,-147.40218,4.139755
16753,10.447385,29.681608
17176,-1.96855,-8.498247
8001,-2.319842,-9.05239
15527,-100.1891,88.543274
16489,49.23313,-99.46826
19872,131.62834,-17.459726
16619,47.458843,-42.928246
9460,-115.9378,-122.17996
17409,-115.740486,-122.16435
6878,-56.879475,110.90158
6805,-58.656017,110.71415
820,101.9341,-142.58485
2652,101.93418,-142.35695
18656,-50.511047,-39.92388
12908,-161.76744,39.053463
12950,-160.94818,37.35402
15406,-160.71898,37.709805
8456,-160.72105,37.90554
8831,-160.92839,37.270004
19890,39.718723,-104.3171
14347,155.45918,-12.105609
7638,-79.408905,-90.580795
4799,-79.42306,-90.66294
9683,-5.310416,-176.65909
9848,-5.0007396,-176.04861
11652,32.20322,-43.034966
18545,32.268147,-43.0363
19125,127.07841,94.61861
6300,112.87414,-35.826103
17293,112.54955,-35.31147
1965,112.90102,-35.885334
14073,76.8613,70.21083
19185,45.21972,-95.43399
18990,45.208282,-95.37145
10904,157.8602,58.117874
14941,84.68886,68.23571
12576,-78.01985,23.220823
5571,-78.528046,22.712843
17194,47.772324,-116.92182
18970,157.61107,-73.11276
9034,-66.607735,-13.200427
17420,-36.412735,-120.84372
9831,-36.4179,-121.15041
14244,66.3468,100.2048
16096,-136.67618,4.179725
6799,-137.7219,3.4999268
12361,-135.69588,4.1111836
11757,130.23781,34.725155
13781,166.32764,-26.483261
15657,-60.538403,101.58152
1480,33.604126,167.66974
11165,13.967878,34.490658
18487,154.68053,52.60884
13910,-14.744352,-46.36408
4264,-15.001635,-46.52113
5506,-94.43839,42.271114
13646,-96.56269,42.49292
9021,-158.14316,31.164707
6896,-144.87415,48.51986
8585,-143.46268,48.33263
12644,-144.75842,48.414917
16104,-145.58452,48.737648
2610,-144.7757,48.45351
12843,-56.145054,82.03096
8379,-57.269444,82.598976
12419,-55.6646,82.47616
15628,-53.937557,94.16501
15945,-56.30805,80.93834
7360,-5.416235,-85.357376
752,2.024126,5.7496924
5000,2.1336474,7.516634
12598,-59.772728,107.46455
5521,-59.773575,107.50074
13093,-163.0255,-11.202683
1680,-163.5539,-12.632688
5486,-161.45961,-11.483318
7751,91.51329,24.508314
8718,-60.94125,25.656515
2856,-59.398052,26.534508
194,139.86926,-63.76439
195,84.49446,-14.176771
57,138.1623,-68.67147
693,94.02761,-23.38372
17,99.50624,-23.903576
786,-118.21489,64.111465
1224,64.382,-23.353275
210,71.990395,-54.61085
1832,96.16919,-20.896889
2698,89.1771,-26.555874
2907,-60.420406,-81.825226
3112,92.37545,-14.437411
2553,106.268456,-21.522486
1706,88.01623,-40.789368
104,100.01748,-22.287508
2900,90.58876,-59.197483
3912,27.485777,133.43779
34,96.39597,-19.567514
3681,112.17691,-22.240772
4557,65.4223,-25.04384
4600,59.57431,-34.670837
5078,101.9931,-20.653788
5640,95.99805,-22.768923
5661,102.55127,-21.421484
6360,34.58459,142.19719
6356,102.38287,-24.932451
6481,177.75914,11.478282
18,71.1438,-23.449955
225,98.93487,-17.934513
1201,99.49722,-18.413437
1312,99.7526,-18.167164
7202,105.92345,-21.564365
7212,103.148186,-21.735666
7450,98.176155,-22.343784
9010,-132.01515,45.546314
10326,-22.023838,13.364609
10421,72.28609,-23.818474
10466,64.05488,-13.321255
10578,146.29308,-42.425495
10680,178.07457,11.107916
10886,143.70589,-57.182423
11279,100.65118,-18.31671
11317,105.899376,-0.14048076
11318,143.17398,-56.317406
11340,-144.03163,-54.295258
11834,-22.046505,13.374862
11975,99.581375,-18.730354
12145,99.38478,-21.692297
13546,99.70367,-18.469318
13998,96.234085,-23.790667
14048,97.219315,-21.510334
16430,96.85162,-21.75576
16461,97.50511,-21.609997
16519,99.660164,-21.79193
16643,100.92144,-17.704811
16905,97.734215,-23.67136
17118,97.75658,-21.802872
2902,99.46377,-21.853352
7082,97.23896,-21.786724
7939,96.99297,-22.201979
10349,97.18076,-22.237703
10546,97.447174,-22.149422
10409,146.19069,56.973167
15951,-113.287025,27.537146
10357,99.88697,-17.400387
7066,99.83471,-16.86309
9632,1.7264018,-171.14883
11806,144.82059,67.07096
11892,144.80173,67.09045
12810,-141.3612,48.1492
5391,-141.63185,48.31634
18530,109.311844,-145.5555
13768,108.80742,-145.37582
3113,8.052205,30.764261
12929,-69.15997,50.11031
19452,122.114624,74.45938
12710,-56.371548,3.1322956
8815,-56.598946,2.0223002
19545,-4.8499184,-24.543447
14743,-14.851377,-16.230104
8354,-53.15294,92.70459
14817,110.58289,-153.9473
852,111.687645,-155.49403
6539,108.36021,-152.6081
15800,-155.7216,74.463425
3261,-155.36157,75.15105
13599,17.732613,31.483845
1488,33.49979,169.05261
16788,127.78835,89.877205
18996,98.69102,-70.9382
43,149.10663,-67.82728
10579,145.17647,-65.48855
8778,-93.57069,60.316006
2819,-83.484566,66.12131
8257,-94.044,59.87938
20155,38.713505,-117.13831
17464,-100.92711,-92.12778
4788,-101.54089,-92.266075
14304,79.78391,71.873146
19911,72.342705,91.24648
12033,163.99608,-23.339376
14446,71.25261,3.2837536
16749,74.80202,-50.981033
19364,75.47389,-49.910378
19831,75.294624,-49.66997
19935,75.806564,-49.912983
4376,76.437935,-50.366787
11377,-112.404884,-39.694717
2277,-112.55437,-39.09363
11562,-113.36672,-39.560352
16506,-111.789764,-39.854504
19582,-112.04061,-41.494843
10454,-176.93683,-57.461334
7216,43.590805,-1.1865999
2148,-161.15128,114.89272
2683,-161.52505,114.26693
2848,-160.96133,115.4024
16095,-43.856293,47.116047
13187,-48.072544,85.49883
13115,-47.938457,85.49337
11280,40.996822,-79.61408
19947,-57.344727,-41.291252
9105,-47.169327,35.637943
8553,-48.626133,36.66419
8575,-47.178535,35.7988
12519,-48.074394,35.97229
12707,-47.257767,35.39854
8932,-47.288086,35.46242
8784,-26.029198,139.89005
5410,-25.918732,139.84564
11943,-6.308057,-86.76254
6082,23.900242,-7.976225
16588,22.42245,-9.108408
17081,22.179115,-9.877998
17210,21.097425,-9.163139
18693,21.900692,-9.588551
19513,21.766386,-9.618012
11085,101.840515,-143.54437
14177,101.909676,-143.66333
7567,-106.85015,-140.55801
9941,-95.130135,-149.38834
19962,32.691765,15.250252
6567,32.82868,15.431284
10701,32.22488,15.74569
15146,32.731987,14.914605
4559,32.710243,15.3099785
9761,-22.730743,-186.08725
4015,85.763954,-54.771935
13284,-56.36294,3.1538038
19039,-7.4074507,-103.806526
5573,-134.64389,120.70935
16300,-134.50604,120.78802
8156,125.20156,-61.84637
7228,125.772354,-61.4408
7395,124.812004,-62.124577
7456,119.93337,-147.76361
2134,-93.44699,8.555053
286,-82.3622,66.46458
2686,-127.11762,2.2482004
8318,-93.669174,8.739466
8903,-90.73417,10.889252
12359,-93.30072,7.421177
12430,-92.58919,9.0397625
12479,-94.454544,9.043787
12769,-93.27659,7.6804957
5780,18.224232,27.369963
10711,158.8149,19.720915
10830,82.951454,90.39635
16674,3.083721,33.079086
5694,121.56435,43.826283
14298,68.78407,98.71778
20271,133.98204,36.39495
19699,133.98181,36.394333
12297,-139.5906,123.321945
8226,-139.602,123.31496
8422,-44.851017,100.88352
8196,-37.997456,99.0112
13282,-48.62385,106.36734
15859,-44.685173,100.66487
15938,-45.875874,100.47876
16055,-44.561695,100.60063
20607,-82.44406,66.950485
2749,36.03133,153.49393
3739,36.97141,153.05835
16929,-40.612095,7.8858275
6841,-40.64119,7.889119
11607,139.43588,-67.95768
5663,139.29976,-68.037926
18578,-0.43015382,-75.65397
15207,101.87695,47.814903
3857,102.107124,47.49907
14319,3.3625476,25.575108
11273,129.51656,42.518982
11231,25.120518,50.913696
6222,24.944984,50.720726
14962,101.25726,121.436646
14410,141.57152,-25.428328
6864,-98.52222,64.660416
12979,-137.13742,102.786156
12879,-137.06308,102.822914
14577,40.886757,-75.28247
12205,41.00318,-74.77031
9591,-60.03688,-80.51985
4700,-49.02553,-98.363365
4682,-48.875942,-98.311554
16721,89.71523,63.596695
14076,85.951614,-89.38331
12683,-136.761,118.36972
1727,42.60106,179.18507
724,46.613453,180.40987
5976,41.57445,179.28275
15212,93.52812,28.270857
16565,93.044136,27.404345
16787,102.000916,40.8628
19685,93.36533,28.184484
5517,-62.785942,102.47862
20144,41.968834,-0.8976038
3856,41.94021,-0.88672554
9019,-90.55186,16.242897
12258,-125.46259,-11.117702
5713,-124.669075,-11.574275
14330,67.24604,103.91308
18665,38.875828,-126.99765
1670,23.446278,136.46054
1673,24.771915,132.59772
8252,23.45899,136.4157
14011,16.398575,-44.0211
16982,105.00561,-76.756226
17392,110.731606,-150.36214
1691,111.09105,-149.09393
19097,126.18858,97.110535
11306,100.67013,124.70671
3677,89.200806,-28.070944
10181,-16.288969,-188.40317
2612,-87.706535,41.69532
1836,-88.20566,42.07885
13285,-62.326813,56.44257
6667,-96.2536,90.41333
15553,-59.848003,-3.2119188
9486,-101.75107,-77.22254
4274,-102.45224,-78.22696
3836,-101.44509,-76.882126
15818,-78.7357,41.305096
3303,-82.59759,43.19332
8399,-36.481647,150.89459
15176,34.801777,95.033714
6772,-86.66519,15.976588
8634,-140.59734,103.57142
16301,-138.75984,104.461105
14730,60.676575,29.47832
11581,-110.14407,-42.421516
18678,-109.56523,-42.16358
4683,-46.822174,-92.24877
10960,95.03547,86.4424
7462,95.09318,86.439285
13749,62.25672,-67.991295
19235,103.73402,122.55231
10539,0.846958,-75.55567
6057,-145.78365,-63.93418
4926,-141.8857,-64.09081
7303,-147.59521,-61.32426
14234,-145.25471,-63.502514
16732,-147.5209,-63.54771
16772,-144.3505,-63.97571
1797,-145.36217,-63.416126
9978,1.7732729,-201.78647
18558,0.82002485,-75.60422
5492,-73.7065,78.41147
1257,-92.66285,76.83197
5624,-74.7769,78.10053
8818,-74.17727,77.413734
9120,-71.82405,77.30844
9158,-74.05477,77.56259
12483,-74.670235,79.61115
12633,-74.74358,79.23517
12900,-74.23011,78.3688
13120,-75.15592,79.18299
15411,-74.73163,79.167336
5491,-74.21708,78.45649
14344,-19.65029,-51.246094
20346,128.014,-18.714773
8281,-80.534744,33.174717
8404,-80.466064,33.073162
16594,-173.15695,-50.151
6505,-175.175,-49.0247
11415,-167.9634,-53.01807
227,43.719498,178.66528
20632,-147.03642,114.98693
2118,-149.90564,115.03622
3814,33.08406,71.196846
11023,9.760266,-9.584528
20154,122.8366,35.93468
13782,162.73454,-21.742733
19471,-11.52458,-58.662575
13789,-11.773595,-57.686485
6382,18.124592,-24.702127
16473,18.726475,-24.999296
4454,17.8426,-24.782486
17154,116.0571,-143.08878
3934,54.084293,-26.692062
9714,-117.07453,-125.695244
5596,-133.53386,39.678688
5513,-133.51596,39.525616
14703,103.20896,45.096336
4550,104.22407,44.63298
17578,-0.22576869,-172.80835
16983,150.49847,54.93076
19228,-134.483,-49.15915
6471,-134.56682,-48.479023
19710,22.174097,-49.472775
16288,-119.964,74.9322
8308,-120.2504,73.77838
15694,-119.60642,75.121056
20230,136.37999,22.48177
7843,136.22449,21.612535
9278,-120.55909,-141.99675
9716,-120.68619,-142.0306
16215,-86.86325,43.70563
8250,-47.45082,17.312963
8406,-46.52022,17.338787
3767,-89.62332,-119.714096
19940,17.25422,-92.27839
20077,-89.62369,-119.647804
1303,-25.329458,173.09743
5421,-157.90944,50.74525
3245,-157.8659,50.63533
19520,150.85985,56.183704
20018,121.82878,-14.2226715
2828,88.86736,0.6653774
7527,-57.11337,-89.9174
16779,-57.37809,-89.99542
15569,-73.48217,27.664362
11486,-34.35037,-120.33911
7532,-40.517838,-121.37474
15338,14.980625,25.660023
15325,-0.34342366,-21.687592
7956,-0.32653168,-21.688684
17642,-101.94167,-126.436386
9837,-101.68719,-126.350105
5076,40.411575,-126.11606
14349,40.193092,-126.23634
2863,-93.0767,75.98513
8607,-60.02551,50.693455
9022,-83.13295,24.859951
2110,-83.5291,25.022959
1323,24.196148,133.88185
690,25.071272,132.91893
11129,63.301834,59.488102
15802,-106.45455,-31.104359
8961,-107.03298,-31.35704
7426,81.02602,-88.52288
10934,47.794888,42.00719
9433,-93.216675,-147.02232
4768,-92.078026,-147.22087
12581,-46.29768,99.2379
19277,18.358652,-38.070873
19682,24.756544,50.50595
14765,83.47084,-97.72382
6848,-74.652885,65.64383
15583,-74.76292,65.026
19360,16.10416,44.791664
8286,-125.61989,69.17599
8364,-127.15468,75.9549
8374,-119.927864,77.22205
8508,-125.86679,68.1343
8798,-126.33651,75.49288
8890,-124.522736,66.945335
8907,-126.04572,74.60911
12346,-124.64814,76.59606
12423,-125.84709,68.2382
12476,-126.994415,73.87594
12824,-125.89973,76.49275
12827,-125.24581,75.9225
12831,-127.26635,76.57629
12912,-130.23341,79.63847
12990,-123.95528,77.4544
13061,-127.70159,76.64424
13110,-126.42967,77.294754
13123,-128.15332,76.79514
13141,-127.90365,76.334496
13274,-126.021805,78.25508
15384,-124.25475,80.58734
15396,-126.54375,76.71965
15503,-125.33983,76.85423
15521,-127.26291,76.937065
15523,-126.70522,76.658485
15997,-119.69511,77.90344
16138,-124.80358,75.612236
16167,-125.063805,76.81003
16283,-127.9276,77.43414
20486,-120.32423,77.25017
20552,-127.95854,77.09057
20619,-126.904305,77.31199
20687,-127.25889,76.309105
6714,-127.37047,77.41378
14264,130.55347,35.616856
11429,18.264538,-40.129196
8304,-21.910006,147.6837
1897,-105.32892,0.76443785
12357,-103.02895,1.6024991
5626,-104.35707,1.7318484
14457,-168.47015,-58.33058
13353,-167.79558,-59.103886
1124,-32.956345,62.157604
1747,98.18766,-22.529808
12790,-144.0001,103.063545
8449,-129.72858,106.120094
12764,-129.72188,106.08086
12366,-31.134832,153.27351
12306,-37.739513,83.193924
8969,-38.730972,84.30114
12503,-38.10731,83.17346
13010,-37.649994,83.87123
13132,-38.079235,83.02168
15371,-37.30536,82.4815
16188,-38.584274,84.51204
9063,-38.26652,83.02775
9417,-79.158424,-113.83106
12396,-137.78836,117.57053
8799,-35.501144,150.74408
7068,123.45613,76.4823
15835,-143.20967,117.239204
2578,-146.77234,118.067795
12690,-142.71133,116.09557
12622,-143.23543,117.23458
60002,-134.19276,-52.801517
19583,-134.60811,-52.96669
7365,-175.82314,-50.413425
1461,38.404083,169.2881
745,38.476803,169.29303
3581,60.245872,32.13807
11093,14.667656,41.773464
10412,-174.8471,-55.298393
14335,98.892685,-46.276543
5402,-164.0204,111.48356
2505,-74.05165,-88.3361
9510,-114.92408,-125.41448
10022,-96.542015,-148.39455
4648,-96.74131,-149.2996
4628,-97.59367,-111.69225
4657,-101.67757,-114.54788
8662,-136.06595,100.5035
6820,-135.87831,100.717354
8482,-142.3877,100.55694
9232,-91.644905,-68.78324
4743,-91.77103,-68.27052
6163,-91.8342,-69.63051
15550,-58.327778,52.270004
20533,-144.28036,106.37399
8443,-144.2972,106.32834
16429,85.15436,0.2678332
14018,86.61156,-53.260815
8951,-139.22394,5.794645
14522,107.61776,22.686342
8143,107.81284,23.482304
10866,107.50607,22.163748
12941,-56.209545,104.96484
68,85.390366,-23.149054
14697,157.3075,-73.10757
15140,18.569204,-56.731987
15632,-143.33412,104.49351
8470,-130.92325,110.5129
15843,-157.38731,38.790413
8415,-156.95685,39.421288
8517,-160.57098,34.985912
16970,-4.4494357,-38.114075
14041,100.09665,-21.722034
6894,-70.525085,103.24394
8375,-70.34962,103.202126
8836,-70.53393,103.245476
9156,-3.3336735,-7.142574
2818,-41.46398,53.306057
6939,41.47012,7.742386
11752,-169.48682,-51.88115
13761,-169.09995,-51.99381
15994,-141.42097,48.163918
12111,80.1806,-58.034058
19410,81.00445,-57.457867
19774,80.20203,-58.018433
15792,-161.45938,32.885384
12667,-94.97828,31.206047
16290,-124.15542,74.41615
19460,150.79805,-68.154175
18632,78.15734,99.11464
19815,46.347927,-8.628616
19800,46.403484,-8.618553
9222,-51.45549,-86.454704
10864,48.761425,27.214405
2551,48.05168,26.891466
16667,66.009605,-57.03208
11398,65.31078,-55.897263
6371,-134.82574,-46.871826
4200,77.94999,-35.971992
6568,-134.93208,-46.201015
17086,-134.7989,-47.003323
816,111.91013,-141.58122
813,112.22062,-140.96669
5688,111.23154,-141.55095
6407,109.2652,-140.06296
7398,113.977715,-144.24461
7992,109.47479,-141.1905
10329,107.23017,-150.01488
10520,111.129265,-141.4076
10678,110.45645,-144.77222
10808,102.91742,-147.38925
11103,113.94723,-144.21078
11679,111.08995,-141.20834
12021,111.18656,-139.14117
14166,111.69799,-142.59962
14456,110.3686,-142.14044
14472,113.868454,-143.87692
15024,110.87819,-141.46648
16520,108.6321,-140.99763
16751,111.07113,-141.4323
16949,111.10527,-140.47299
19842,110.22136,-133.72829
15509,-47.248116,61.65553
19765,118.13285,-2.982448
13662,118.37655,-3.0437825
16054,-134.32587,124.62359
8691,-134.45656,125.03363
4211,72.626625,15.402471
6226,73.49407,15.225399
16852,49.354965,88.290886
10768,50.659466,-25.157532
19678,49.348812,88.28057
5773,49.354107,88.291145
10957,125.40559,96.74809
16950,-17.822237,-57.229794
16551,19.038475,-84.62394
14150,32.495045,-16.984781
13790,33.030598,-16.940838
15147,152.02174,51.548355
10019,-42.1162,-92.92787
9875,-92.53276,-64.45476
18927,94.68222,3.5790296
14311,94.128204,3.7102997
6880,-155.43767,120.78549
3316,-156.57828,120.26204
8905,-154.92828,120.93021
5461,-155.75662,120.657555
16395,20.558664,-80.21821
17260,-125.89578,-13.262208
15159,-125.88801,-13.356648
13586,76.405785,105.46053
20073,122.05374,74.76007
15533,-54.38796,23.748365
14455,-18.007402,-13.950668
1482,34.192116,166.88333
16871,154.27444,22.540936
5737,154.84528,23.702919
12850,-70.22808,30.85528
20191,-135.23976,-50.428925
6429,-135.46577,-51.42514
16471,-135.7073,-49.827488
3968,-161.68936,-92.494125
1831,-160.19423,-86.013725
7080,-161.95668,-86.38337
10479,-160.15337,-87.19866
10560,-160.54845,-85.90465
19038,-160.6972,-86.244415
19278,-159.05826,-86.410995
10847,-158.79866,-86.302345
12593,-159.44606,69.853546
8613,-57.37176,25.519442
9066,-45.81027,106.43132
9136,-46.189198,106.54286
15846,-29.244534,150.97853
13703,37.35317,-77.69908
14854,-39.489883,-60.24647
1668,-39.522915,-59.956955
20234,81.028175,99.61145
16877,92.06215,23.025229
2648,139.5574,-63.60618
5743,139.40924,-63.53076
15469,-50.023655,47.00729
5392,-50.29759,46.962135
19863,32.771324,96.87768
10435,88.34535,-53.165184
8240,-89.2386,74.83834
3327,-89.50059,74.91034
680,-61.585915,92.545456
2647,-62.280083,89.85173
3209,-43.210896,110.78979
5390,-64.39126,48.62029
5401,-44.617847,85.12345
5427,-59.981064,78.224594
5430,-41.125908,104.558075
5539,-51.203945,92.10546
5549,-59.262638,95.92895
5577,-54.022263,91.72803
5621,-55.032913,91.180855
5631,-39.136513,68.714806
5669,-45.685936,39.681313
6659,-40.182877,79.097015
6728,-44.06029,31.270588
6735,-57.763145,76.571556
6751,-55.50244,88.872826
6835,-102.127594,95.80545
6900,-42.503365,111.27592
8230,-55.482677,89.08021
8319,-53.57453,74.78546
8397,-63.430218,100.36044
8469,-51.439068,97.240555
8472,-52.82682,101.71014
8477,-53.984516,83.80102
8560,-54.888817,83.03225
8610,-58.28192,95.533325
8650,-62.807674,74.063934
8709,-10.174494,-29.513897
8852,-40.46518,97.77131
8881,-36.505978,92.94179
8917,-58.6063,72.98891
8939,-38.171814,96.8107
9109,-51.97928,67.07441
9145,-43.35547,85.663086
12312,-48.306732,84.15164
12458,-90.945526,56.158386
13129,-62.698704,95.29347
13237,-51.97004,75.27353
13251,-38.122974,99.51215
13269,-55.409046,92.67477
15385,-58.344387,62.86126
5726,80.737976,-7.33281
3220,-99.01583,86.164734
3246,-100.305824,84.18158
3301,-94.07832,79.26994
8213,-101.15455,80.741264
8788,-162.43414,70.339714
16007,-164.8469,62.96948
16132,-162.37906,68.26277
20703,-161.59613,68.62728
13423,0.45071378,-46.218487
11190,38.53875,-117.105515
2842,-90.92546,85.80744
7247,3.977242,-7.0104465
6743,-100.62726,86.75793
3238,-99.96308,87.06149
8624,-101.02492,87.105545
16815,-8.006482,-103.35186
12948,-85.60301,37.12904
14887,51.99827,68.96934
3591,115.42851,-45.66166
11597,23.595318,73.64235
11247,23.591105,73.643776
2685,3.471405,11.408405
4759,-89.56001,-67.94923
4775,-89.40289,-67.80297
10033,-77.05318,-115.67965
9225,-76.639084,-116.01582
13477,107.844315,10.24525
13965,107.68431,9.72014
15310,71.12201,2.9481747
19450,7.49138,28.068262
2843,-90.43852,85.35232
4544,25.728056,14.927002
545,25.66211,15.035444
5056,109.26279,41.186962
6066,45.515892,6.8667183
6245,24.970985,-7.0164027
9193,-42.09812,61.67517
17134,29.020243,-51.71294
13778,-114.82835,23.664114
2822,-122.838486,3.9247992
16633,48.486248,-39.852318
14983,-9.023962,-57.13221
7280,-2.0393565,-31.29158
18769,39.56772,-78.28603
18954,44.312157,-58.18169
16582,44.09296,-58.08876
9409,-79.23739,-122.9105
5606,-142.81737,31.233984
9064,-141.21783,31.092897
12439,-142.55269,32.142914
12674,-142.27396,31.894678
12698,-139.48666,31.299137
12955,-143.84087,32.459194
15627,-142.23529,31.737457
15856,-142.92796,33.189606
16047,-142.09656,32.103703
16183,-143.49763,31.586613
16292,-142.37769,32.057583
20671,-142.13965,31.91237
3233,-141.37538,30.62757
5767,155.52977,23.197577
10372,155.32639,23.885477
10853,155.61212,23.85967
11544,157.01947,23.461311
11596,154.27347,24.360691
13376,158.21463,23.716496
14032,155.53912,24.551508
14161,154.99168,25.037584
14278,157.316,23.27658
14485,154.27138,22.531221
15009,154.27292,24.288101
17330,155.68367,24.621267
18606,156.13997,24.281595
18629,154.33806,22.648308
20138,155.37624,23.841597
18998,80.280685,-88.42743
9653,-75.04633,-125.16923
2687,-73.66918,-126.62969
4810,-74.93462,-124.92677
9935,-75.89194,-124.26028
17487,-76.33682,-124.42596
11069,91.9109,42.15506
16402,47.755234,-29.212244
7441,47.957653,-29.532408
11102,47.86367,-29.333954
14428,92.28957,68.43
6857,-155.8456,113.36103
3267,-155.50424,112.39396
5665,101.53945,74.910515
12070,101.48232,74.90663
18971,101.577484,74.91555
8846,-139.53838,108.93979
6731,-139.68398,109.347755
8313,-144.7345,3.552647
12288,-46.560997,97.87801
7192,121.64362,-3.0687947
19977,39.57033,43.402035
16783,39.613724,43.403072
6485,85.55381,48.106327
8112,85.48722,48.208584
10050,-3.3756385,-174.8706
11699,69.00246,-61.41067
3326,-161.54576,70.341
15038,15.396421,23.010246
13292,-106.99803,40.038555
8437,-106.27256,39.934113
15732,-86.51886,16.069191
14463,-170.76622,-54.102516
16193,-163.97943,45.746857
8672,-164.11499,47.47557
6320,-66.656586,46.95254
3344,-66.75076,47.16728
20114,-57.825695,-39.966293
19154,11.540227,40.953945
17227,126.596405,39.441105
12651,-78.3732,37.618137
6719,-78.026436,37.398933
1227,84.5068,-14.183453
1909,84.53502,-14.204169
2641,84.47079,-14.156306
12626,-82.391304,69.08671
6762,-98.925354,-13.426817
15489,-157.17912,116.98549
16463,-60.291767,-51.049576
3621,145.02728,-64.15036
7753,121.82392,-3.274148
14040,78.629654,68.22379
12829,-161.63982,52.063545
8795,-161.16661,50.62982
9154,-161.42426,52.64048
13179,-122.641304,75.30952
14693,17.323475,44.416706
14373,29.506212,-59.59141
5666,29.401793,-59.61673
11068,34.577225,-109.38113
20555,-122.913025,75.05748
16363,-23.614113,148.24611
17566,-114.90679,-141.0409
1766,126.11088,37.142643
290,54.686428,-27.541855
10581,57.20028,28.221395
7131,-92.039505,-114.64035
15113,18.42649,37.36843
16544,62.32104,1.3223915
17201,2.9128058,-30.310566
10772,104.85246,10.6899395
7238,89.88987,23.463923
11963,104.91565,10.714968
19562,104.74274,10.725761
10080,-70.25454,-115.52945
9553,-114.30745,-145.23659
12054,79.389206,-91.4749
8901,-137.198,103.64388
17019,76.29456,-85.69215
6263,138.3665,-68.548256
7424,79.26796,-47.77274
2941,78.643616,-47.540092
11901,-11.12527,-71.181015
16675,-0.7061957,36.070393
11666,101.06971,-146.09796
19464,99.86882,-17.549511
3634,64.84272,-25.083033
571,32.53859,168.68959
10609,47.264595,-8.05789
7915,47.83789,-8.312455
19281,47.4314,-7.3948336
11710,68.529465,38.648254
19761,66.38509,97.37622
2501,-60.1506,-82.45679
2500,-61.019115,-82.94451
2506,-58.9323,-82.71861
2508,-60.348316,-82.38939
2514,-55.011734,-80.010155
4689,-52.870316,-95.70693
4730,-60.65429,-83.48868
7509,-59.81166,-81.80414
8933,-132.83418,45.907635
9367,-59.944363,-81.97786
9372,-61.772682,-81.50425
2498,-59.91336,-81.92602
2503,-59.00307,-81.36935
2520,-59.93905,-82.06076
16073,-27.575123,152.42018
13577,18.145273,-78.83288
18707,138.83469,-26.28114
8717,-164.45311,51.66149
8808,-163.71474,51.411438
8860,-165.52928,50.623352
8877,-163.77075,50.992645
12591,-162.71957,51.28878
12716,-165.17357,52.477673
12962,-164.08195,50.106594
13236,-162.99402,51.773663
16127,-163.78539,51.240524
20739,-163.39717,51.72101
8688,-163.66495,50.354313
10657,47.832268,39.648705
13080,-127.810104,123.05704
20535,-127.64981,123.04992
16393,23.190916,24.283457
6234,48.4151,-38.538517
18956,42.940765,-12.297286
18625,44.458424,-58.266365
16246,-87.85558,69.554085
5407,-87.92244,69.11774
10825,67.958916,97.01941
14859,4.343927,34.25855
8239,-90.59265,11.726666
7269,49.47523,44.588417
12535,-48.17665,54.71296
12394,-48.068165,54.754635
10673,62.747337,8.525317
14735,17.697031,-82.35945
10565,20.645418,-48.73842
11844,-174.2847,-55.389103
16916,48.60923,-31.427393
9452,-7.9780455,-183.9652
2594,-71.98534,0.6888566
5535,-72.42473,4.6047626
8602,-42.38268,99.57192
8612,-89.947655,54.017998
9142,-72.75289,2.6956623
9165,-91.31485,9.486637
9195,-72.29271,4.9063716
12390,-60.93487,44.010048
13013,-72.41164,4.610083
15421,-75.58938,6.816195
15476,-72.7062,1.0640115
15570,-75.04701,5.4180346
15758,-73.733154,2.2070785
16239,-72.7581,2.9372272
16499,-130.5094,79.908775
14944,85.821205,63.437588
19726,105.96712,-76.36625
2109,-75.98306,80.17797
3292,-76.43909,80.60949
12951,-144.20667,103.556206
15929,-150.1611,66.28343
16000,-138.10811,96.61041
15365,-65.59917,0.08174201
14488,-11.581481,-57.91387
11044,110.40215,-13.007452
7783,110.413925,-13.029164
10351,48.431797,-115.88199
17386,156.86264,54.747646
8402,-147.28075,113.64161
9808,-70.88494,-114.12693
16671,-9.568693,-72.37435
12181,32.141872,-30.712002
14650,-169.50478,-61.898987
16422,-169.38345,-62.222843
18441,-33.239376,47.99211
13443,158.47485,61.82783
6663,-138.0787,33.358902
7925,120.104645,-5.0979376
10719,120.19498,-4.9756303
13661,120.08539,-5.136979
8871,-48.320995,37.15838
8910,-48.29922,37.148533
10979,50.238514,-32.2624
4549,-59.57162,-47.527687
7220,8.321216,24.593863
12504,-57.448555,69.467705
20538,-41.43122,53.31844
13343,124.59635,62.73671
13885,83.04934,64.42885
5467,-142.25514,122.187164
8810,-142.24414,122.18583
553,-50.59876,95.894135
14484,92.740135,-13.314743
11554,30.156218,92.88271
17274,104.17586,44.658325
17018,140.05882,2.2057192
11501,97.83881,-78.91977
16776,-9.13983,-70.11456
11669,-9.093992,-70.04463
16904,160.34732,23.55001
15267,161.2588,24.188238
7207,103.364105,123.40759
15145,60.93521,-103.719826
20211,159.21094,-13.338958
15833,-118.36635,77.06873
16608,63.333824,60.446987
19129,63.357075,60.13449
13104,-93.90501,81.58153
5556,-93.729706,81.20674
13954,32.36894,-16.978085
6720,-110.0668,43.335457
1853,-111.78259,43.220802
1901,-108.408615,42.837315
98,144.92226,-65.569016
17564,-70.49893,-114.48037
2003,148.1018,59.426212
9304,-72.51412,-122.1091
9520,-72.99417,-122.67718
10099,-76.28613,-108.9249
10116,-72.56896,-120.81074
8736,-61.870644,-14.686464
9004,-77.86921,-9.593677
12923,-61.658386,-14.94386
13160,-61.763092,-14.1288805
15973,-62.05324,-14.505611
9117,-163.83087,-9.532034
3339,-164.04971,-8.224284
20465,177.28613,3.8251202
11313,21.122297,134.50235
1667,21.354044,134.45912
6769,-180.91917,62.75958
8764,-181.183,62.035282
7318,48.153187,41.05249
20076,110.32745,-153.39185
6171,111.127914,-154.24728
19690,-20.016178,-9.615722
12207,-20.008982,-9.587685
3749,103.25831,-21.763655
89,38.353264,159.68866
13042,-105.871765,44.81949
5424,-105.87289,44.817856
18694,75.19845,99.815506
15793,-100.29335,84.086624
10063,1.4358056,-202.0126
6550,77.123344,92.19389
18664,79.96551,-89.6708
12944,-58.94338,29.755987
19006,157.11612,-12.000375
15593,-123.94167,76.010574
15787,-125.78024,75.31103
3840,-91.75264,-145.29018
4740,-92.08862,-144.07275
15524,-94.96069,12.752346
8761,-93.92945,12.830073
3883,35.619694,201.0288
19384,32.343285,70.68626
19791,15.891851,37.068626
20366,-1.996946,-9.65852
15063,163.78685,55.544106
16928,163.7858,55.54446
9119,-146.42673,48.964584
12778,-147.17715,48.891006
15767,-146.40953,48.995132
15946,-146.43398,48.97817
10774,108.151924,17.902853
7132,106.40536,17.097754
17064,108.45893,18.027174
659,108.04212,17.931522
6432,-12.832011,-103.58751
8716,-60.875313,21.154959
8912,-59.604374,19.731968
12475,-61.960636,20.300882
12884,-60.095146,19.66623
13235,-61.202988,19.249117
13256,-60.260597,19.629362
14891,-60.467724,18.329556
15601,-62.646313,18.093616
15845,-60.680176,20.208755
15989,-61.9003,20.285517
16134,-111.672714,28.118813
16330,-60.92782,19.848032
11737,70.728195,98.34995
11850,105.240395,-78.15655
6633,-6.5593214,-105.05605
14134,-6.490416,-105.128845
7124,-31.468983,47.776047
11638,19.596914,-79.69605
12407,-40.60274,82.73588
8618,-138.10095,9.212023
5408,-136.20137,9.236584
9407,-78.57924,-94.90024
9406,-78.5634,-94.924164
8966,-107.85592,-31.386515
5384,-68.55895,-112.98355
15412,-110.2607,-27.811235
12806,-30.398575,157.73447
5003,132.53778,-33.59901
3831,133.33217,-35.8494
19884,132.52267,-33.575523
9386,-90.50684,-66.07605
17498,-90.51698,-65.96838
14255,102.0795,125.21778
14986,56.827145,6.2795415
14685,121.41916,84.35199
13609,59.477463,8.462161
13632,-51.107346,-40.31169
19172,83.63136,73.00596
15143,-27.094051,25.730349
3555,85.026054,73.42223
4158,-86.774155,-112.423256
3662,-87.4398,-111.40067
9269,-73.948166,-112.7797
16578,81.791275,13.493092
5671,81.71202,13.169816
13932,81.840836,13.824711
13152,-41.883125,103.16858
19643,104.43101,118.76586
12965,-188.69582,65.2884
2588,-187.59755,65.066505
11954,66.52912,-33.796803
6706,-74.79375,26.875937
12341,-32.167274,151.80089
15548,-92.40685,13.56369
17411,-88.89313,-114.504555
7574,-115.131165,-141.46884
19075,114.2185,-152.44379
6327,114.66023,-152.68658
6311,101.00359,119.44894
19198,56.356567,31.530407
10899,75.39047,96.376656
19223,18.94443,38.593956
15415,-52.414104,96.05177
19783,11.299309,37.563053
7001,-99.66917,-37.69934
10307,-99.54016,-37.41431
19408,122.32701,99.8198
13659,68.86253,58.15626
13849,107.137726,20.631891
7290,106.93415,20.956024
15218,20.56101,-85.06373
10981,20.273552,-85.37163
20102,20.94112,-85.45969
21518,20.59375,-84.9237
14437,20.596476,-84.85044
12447,-40.26803,103.477974
12313,-45.906883,92.84964
10100,-96.03303,-109.049416
9740,-96.97546,-108.67724
9769,1.1074101,-171.65096
10789,114.378586,-60.769474
6259,113.10512,-61.270466
3753,86.85966,65.82366
3848,99.82925,-146.50577
10364,114.96915,-45.585716
8271,-90.12612,44.56227
9177,-89.51208,45.47034
14759,-23.322857,-36.887314
14588,-23.362581,-36.871967
17422,-43.541466,-122.82336
9531,-0.72892326,-182.35681
9277,1.3020543,-180.51564
10236,-103.463295,-105.06013
10084,-113.04637,-115.900116
13213,-49.388275,32.204422
15773,-55.320915,24.491903
12910,-89.850296,-115.064316
11918,46.464108,-109.244896
13824,97.899925,121.407196
18524,45.789192,-116.8474
10593,-39.601357,-60.47008
3104,5.5608773,35.304337
15916,-46.165043,59.208576
1136,-45.484417,58.56021
8840,-46.635506,59.578667
11665,85.241554,75.26338
1213,-131.56752,45.462807
1955,-132.48051,43.064735
2107,-133.22716,46.567875
2852,-133.35893,45.592968
559,-91.86227,40.22639
2108,-140.33144,47.850437
137,-132.48662,45.451153
8501,-125.26454,67.080185
2602,-132.2542,46.24978
10553,53.055653,43.473103
6433,22.280916,-13.937023
12997,-112.67208,27.909569
17120,94.93972,-151.87839
611,95.41598,-152.24583
13856,-119.631355,-28.704702
9210,-29.104591,151.97534
2163,15.845164,38.022255
12052,142.84784,-0.7815069
11246,-12.403004,-70.71168
20596,-127.41257,1.1627985
9806,-78.6061,-87.65034
18711,63.22627,-30.471092
11145,63.28551,-30.482124
4686,-43.766605,-87.1175
4713,-49.033405,-82.801765
4733,-52.305832,-95.62664
7513,-52.177887,-95.546616
16562,12.926523,-43.951435
13792,-19.625513,6.3420134
16502,72.55679,15.406352
12122,154.97034,57.793545
16353,-54.87662,27.443575
5089,-64.49879,35.27724
9180,-34.227562,147.24129
8228,-34.427975,146.20717
10583,-0.34846026,-42.70118
6062,109.47529,-83.631714
15347,63.122208,2.1431396
7727,78.06682,73.99942
2274,45.79062,9.248026
1746,45.779846,9.209674
10700,103.42686,-43.743317
17253,103.74985,-43.647278
12292,-42.46295,97.861855
9020,-42.655945,98.045395
6400,-102.397156,-27.325655
8203,-168.24924,-9.114228
8551,-168.04593,-10.429713
5585,-168.98633,-8.907413
14691,34.083637,93.809975
14542,-3.8073938,-26.483109
16335,-160.67892,78.172714
15531,-160.73285,79.46126
5054,64.23387,-61.959877
12692,-65.49989,84.524414
8743,-55.036743,38.456448
13001,-64.421295,83.380905
13583,136.98045,21.829386
9830,-94.15587,-56.725777
12413,-38.761974,84.63897
12903,-156.88013,39.47646
17347,2.3803456,3.3853467
10827,69.094574,-56.070843
11225,95.50586,86.433846
18503,32.8876,95.77187
13939,113.41717,-21.377462
6198,112.345245,-21.375185
13984,164.81728,-22.802172
14443,154.81248,62.85435
13086,-124.97209,74.72689
18823,-5.4653707,-85.383446
5435,-126.87273,3.9939265
7270,2.5654483,9.993533
7423,2.194464,8.184229
14092,2.1881232,8.152129
14418,2.1809468,8.09413
19118,-111.267105,-43.86764
2554,-56.44059,-91.65288
2521,-53.552383,-92.48142
9605,-56.701977,-90.839066
2524,-56.35782,-91.72533
13099,-133.91028,102.62865
15815,-133.94829,102.63903
12004,96.6488,-153.22826
17407,55.936417,-25.467804
7445,117.34147,-141.34401
851,117.38855,-141.5392
4470,107.218895,-138.68694
14236,148.80795,51.932034
10074,-89.8813,-115.93942
14108,-45.845814,47.022648
7017,125.41111,58.99174
7016,125.63063,58.73372
13367,125.93842,59.46029
20231,125.10096,59.145344
7828,147.1873,-72.37351
7810,124.11732,95.54069
8361,-27.212605,151.4023
13693,51.331577,-113.48444
13470,51.32303,-113.45694
9504,-77.10153,-121.673515
8670,-111.07253,39.38641
8447,-111.0412,37.31305
15794,-52.192863,103.70839
12686,-138.87408,107.336044
14713,98.11883,122.30607
17560,-97.58843,-111.60893
4796,-65.11646,-81.92157
4717,-64.582924,-81.96282
7713,-65.66627,-81.88676
15117,48.75168,-31.375074
9303,-94.90503,-148.56519
9338,-93.00259,-147.49162
9431,-92.85681,-146.96475
9436,-92.990364,-146.86372
9470,-94.04569,-148.19255
9495,-93.256935,-147.57939
9503,-94.8304,-147.94699
9511,-93.49835,-146.17084
9727,-93.82002,-146.68428
9731,-93.5124,-146.45186
9790,-93.436134,-147.20071
17649,-93.57568,-147.44629
2222,-25.497772,172.6323
14719,-9.845454,-90.88554
18993,-9.829456,-90.788536
13461,49.681736,41.929493
568,36.746418,195.81091
1698,25.592508,131.011
1842,44.04534,157.57518
2041,76.16969,-38.941147
2688,96.84404,-138.8451
3491,7.498124,-18.506638
3932,95.662766,-18.49414
4183,-37.02483,-59.40523
4436,37.010544,9.761768
5462,-65.69506,40.17609
5727,-96.75356,-91.17367
6261,97.97762,-13.740395
10514,-141.3935,-67.01064
12050,37.196205,9.567794
13541,2.9748366,11.600099
13608,2.9223833,11.673898
14904,2.9029436,11.729116
14912,142.11299,-4.6898055
19093,2.6755526,11.547756
7064,165.6742,62.361595
4601,165.73608,62.388275
7672,-49.8638,-88.29999
9450,-42.24774,-121.060356
10782,46.925617,41.38578
13752,78.72627,40.377327
10342,22.175337,29.212412
9315,-100.45226,-80.16808
4651,-99.78885,-80.94091
6361,132.9193,-36.591816
15608,-94.1022,19.041798
14942,86.445335,-56.456066
14503,89.37392,22.05097
3796,88.589035,21.905214
18879,49.047035,-30.682856
10835,92.13576,-54.427017
11507,92.2531,-54.441956
9085,-119.46853,77.18325
16065,-69.67465,49.95846
8792,-66.78428,97.70283
6366,58.69532,-36.157795
3701,58.748688,-34.97732
14262,58.821728,-37.616867
4592,42.23356,-34.321297
18806,73.68189,15.877297
20397,72.56594,96.65079
10881,-169.66348,-51.642853
8167,-171.93889,-52.137188
11751,-170.21965,-51.756912
19723,-170.22125,-51.710648
10168,-22.366655,-183.60976
19419,45.066776,-117.88899
5088,-2.5022855,-30.520351
7246,-22.368284,-51.67053
12178,-23.93284,-50.756996
6727,-35.498817,156.1179
9159,-34.73713,155.57478
11341,-90.50733,59.567783
15403,-35.50466,156.11725
16048,-34.85247,155.64272
15250,-1.2571268,-29.01779
12981,-158.24477,31.312923
8869,-158.40927,31.59732
12978,-158.51018,31.856306
2119,-103.47307,65.391594
14181,36.787025,143.07668
8563,-132.41217,104.99877
2122,-132.50603,105.06165
19653,93.867035,19.750603
1583,37.705494,201.66714
1580,37.584248,201.331
2929,52.2933,-87.636406
7021,52.317085,-87.54102
9293,-72.7676,-119.98967
4645,-72.168045,-120.02028
16412,80.00279,13.393562
17242,158.64961,56.258987
3096,-64.418495,17.063002
9623,-115.40525,-142.77628
5509,-100.660324,-22.787683
9167,-97.17627,-21.398407
6316,18.880655,-13.500018
7475,-115.6226,-141.58264
17285,83.717674,60.69319
11363,73.195724,-97.27429
7530,-49.43398,-98.51675
2527,-50.977966,-99.24508
10419,51.232616,43.56605
11299,83.027145,-92.428345
12318,-30.494888,157.27371
12669,-30.593933,157.27032
12765,-30.522106,157.23817
16534,92.26876,68.42233
4509,117.70668,-149.93988
14819,83.29943,-96.81203
13214,-95.84336,57.891182
14366,111.260605,-139.69743
15287,111.42244,-138.52907
11682,-7.580801,-22.299507
7203,-7.5724015,-22.321758
10741,82.937454,-83.810814
14268,165.62886,-28.493559
8209,-57.429832,58.018974
1200,-57.125385,58.219025
6830,-58.47347,57.5988
9194,-72.38715,18.060665
13445,-72.3772,18.002066
19068,66.94817,-4.6075363
14323,66.78939,-4.1764355
7663,-48.99672,-98.30436
14044,126.898964,94.15554
20132,118.21878,-144.66904
11216,-3.1464121,-30.085339
15272,19.60058,-49.226128
15590,-55.9201,105.61469
4663,-15.178386,-186.73935
9777,-15.150494,-186.7292
10060,-15.11904,-186.7865
14471,48.278847,-6.305264
3742,47.831867,-6.6434016
12095,48.55199,-5.898345
17077,149.54932,-69.00679
4566,13.234549,30.038492
18483,18.140547,34.88103
18580,-50.911785,-40.7549
15554,-49.51164,50.18418
11033,122.45031,82.5319
3365,103.99294,-70.75307
4358,112.097786,-75.04437
7023,104.10648,-73.358795
7098,114.195206,-48.620033
7359,91.05211,-59.787342
7436,105.402214,-74.56136
7807,104.42881,-74.42072
7832,101.99098,-81.53263
7938,107.24004,-72.49169
7976,99.51113,-72.519875
8117,106.802505,-70.033554
8120,76.240105,-65.99248
10298,97.87501,-78.961494
10345,77.88579,-66.58168
10475,100.995384,-75.86226
10573,101.064964,-81.82622
10654,103.346275,-73.98005
10818,107.58805,-70.857025
10823,19.337502,-76.639046
10887,104.35045,-73.576836
10943,105.474495,-73.10055
10990,104.72441,-73.98228
11061,109.13184,-70.746925
11067,105.31018,-77.34493
11220,100.21668,-72.19747
11264,108.56803,-79.865295
11274,77.888084,-66.58873
11586,101.79521,-81.79778
11858,102.07196,-82.44732
11878,105.600784,-73.91524
11917,101.5704,-76.08069
12020,107.81009,-68.3703
12085,101.05905,-75.66022
12176,99.88693,-72.20634
12184,104.56892,-77.575356
13503,103.85753,-74.68257
13700,106.25011,-69.358894
13706,110.84049,-62.808067
13715,102.40491,-73.492584
13801,97.86787,-78.917015
13808,104.05684,-70.58566
13930,100.26317,-76.6508
14110,-2.136668,-85.09847
14476,104.393814,-74.99008
14629,104.035416,-70.658844
14728,101.15128,-47.129623
14787,101.52038,-76.02325
14863,105.03365,-73.28772
15051,102.15089,-77.23478
15150,100.99896,-75.68005
15198,109.212036,-73.55788
15281,105.17873,-78.26333
15322,158.72923,28.016266
16400,105.166214,-70.11766
16620,106.22841,-70.87146
16680,105.94918,-78.35241
16693,105.903076,-77.10728
16820,104.363144,-73.156075
16837,104.643654,-78.37866
16866,104.687485,-74.93454
16873,105.31096,-74.06126
16875,106.82648,-70.00147
17036,105.784325,-78.68884
17216,107.86343,-75.74979
17221,107.77795,-75.217094
17246,103.797485,-74.389175
17256,99.894005,-73.602
18518,104.25759,-74.139435
18569,103.65264,-73.40516
18724,107.91636,-72.1925
18778,105.023346,-74.667564
18786,98.90812,-71.13914
18860,106.20872,-77.77304
18958,104.658485,-77.17226
19145,107.713776,-75.25063
19149,104.9738,-73.32011
19186,105.06971,-77.76292
19204,107.62599,16.453602
19285,101.84292,-81.78143
19573,108.01165,-72.24489
19943,93.23613,-61.16215
19948,103.6933,-73.886314
19994,103.34215,-75.555954
20068,180.84319,3.924808
20083,100.10528,-72.16535
20236,-34.425766,-120.93145
20471,106.15146,-77.150185
1808,104.784256,-73.77999
3407,102.65429,-72.02582
4286,5.772471,33.15762
11193,-141.9164,-62.45412
7811,-47.353336,-85.610146
18594,-3.4929988,-87.30903
9284,-116.59789,-125.49792
9042,-83.12605,41.146748
12215,44.7222,-11.749359
6879,-82.10029,67.00241
12083,116.11558,-41.427788
9164,-38.46677,98.78553
7487,-100.715904,-80.20634
