RJ,5,0,0.3816669350445504
RJ,5,1,0.31379555713551766
RJ,5,2,0.22831146661399754
RJ,5,3,0.29432218353768924
RJ,5,4,0.2130844578265572
RJ,5,5,0.46451832257802506
RJ,5,6,0.41406661540392103
RJ,5,7,0.26766819127905117
RJ,5,8,0.6368611427076778
RJ,5,9,0.19388938450585347
RJ,5,10,0.34368952945734516
RJ,5,11,0.1698628886881333
RJ,5,12,0.2842889799672799
RJ,5,13,0.08582355879688638
RJ,5,14,0.22801308499681586
RJ,5,15,0.24665075259265246
RJ,5,16,0.44554475520736675
RJ,5,17,0.36477979010190364
RJ,5,18,0.01845454125809492
RJ,5,19,0.46858442364518904
RJ,5,20,0.036302593596497845
RJ,5,21,0.6161632687016808
RJ,5,22,0.28106633084099697
RJ,5,23,0.49972816010018567
RJ,5,24,0.422082973700036
RJ,5,25,0.8381739713404366
RJ,5,26,1.0
RJ,5,27,0.15287831292747134
RJ,5,28,0.42596712632054845
RJ,5,29,1.0
RJ,5,30,0.1754837097829476
RJ,5,31,0.13185138066065213
RJ,5,32,0.007323228365704564
RJ,10,0,0.25111288916991603
RJ,10,1,0.0717289946011376
RJ,10,2,0.35719843302359855
RJ,10,3,0.3198139040025309
RJ,10,4,0.3286505157416235
RJ,10,5,0.41284628495037357
RJ,10,6,0.2615808462267104
RJ,10,7,0.4483781414168342
RJ,10,8,0.1486246950214346
RJ,10,9,0.35884020266610606
RJ,10,10,0.5239708152179933
RJ,10,11,0.2760756774897534
RJ,10,12,0.48139371589759133
RJ,10,13,0.1561487612277854
RJ,10,14,0.7107640727132271
RJ,10,15,0.332051823815606
RJ,10,16,0.1352927112096169
RJ,10,17,0.4193729159660092
RJ,10,18,0.3445125815688971
RJ,10,19,0.3729745950678299
RJ,10,20,0.22317262815633787
RJ,10,21,0.198395543699085
RJ,10,22,0.0007343014570887005
RJ,10,23,0.35193474305639594
RJ,10,24,0.28915257315347437
RJ,10,25,0.43263990279336473
RJ,10,26,0.2596383557607445
RJ,10,27,0.1576102851292962
RJ,10,28,0.7132405160896345
RJ,10,29,0.6275957443830893
RJ,10,30,0.1877929529553
RJ,10,31,0.09044508672525182
RJ,10,32,0.4418275168053344
RJ,15,0,0.2921696162830447
RJ,15,1,0.12874726464602695
RJ,15,2,0.483552328869418
RJ,15,3,0.2752267624672214
RJ,15,4,0.2841358396933079
RJ,15,5,0.3973989748162011
RJ,15,6,0.04997456042892693
RJ,15,7,0.2267622181141289
RJ,15,8,0.11062517930477285
RJ,15,9,0.2904032826667177
RJ,15,10,0.4282568094825678
RJ,15,11,0.3558077139579888
RJ,15,12,0.4295304171224128
RJ,15,13,0.35026587060122727
RJ,15,14,0.21649954654411024
RJ,15,15,0.46014483102305126
RJ,15,16,0.039080343945338665
RJ,15,17,0.19118872489301234
RJ,15,18,0.24499302311962895
RJ,15,19,0.03659870559994135
RJ,15,20,0.15066030336129385
RJ,15,21,0.44672972819671214
RJ,15,22,0.14614571622062622
RJ,15,23,0.3855551457507589
RJ,15,24,0.22436535548069184
RJ,15,25,0.16983185580793272
RJ,15,26,0.06204803432822696
RJ,15,27,0.7448612006194983
RJ,15,28,0.5216461967399522
RJ,15,29,0.2398832319310956
RJ,15,30,0.1425015445791165
RJ,15,31,0.31103952158287823
RJ,15,32,0.10648913593871669
RJ,20,0,0.2656141677935474
RJ,20,1,0.13712939479359254
RJ,20,2,0.3878017061388731
RJ,20,3,0.2840233902077231
RJ,20,4,0.28065314430181565
RJ,20,5,0.2615459197770691
RJ,20,6,0.16700903738994963
RJ,20,7,0.03210483826499454
RJ,20,8,0.07861646373067405
RJ,20,9,0.24627934599360418
RJ,20,10,0.4237433179529969
RJ,20,11,0.03006038493900283
RJ,20,12,0.3991006757572408
RJ,20,13,0.2231411660132138
RJ,20,14,0.04993708393781485
RJ,20,15,0.3919970413634014
RJ,20,16,0.27665355203615766
RJ,20,17,0.42607429497995913
RJ,20,18,0.22997722011504687
RJ,20,19,0.3390178818362947
RJ,20,20,0.4757652917217307
RJ,20,21,0.40148504765409554
RJ,20,22,0.029672146757876987
RJ,20,23,0.22174691274794997
RJ,20,24,0.22466132835927413
RJ,20,25,0.3794929018204855
RJ,20,26,0.2670508296122671
RJ,20,27,0.46253634748140293
RJ,20,28,0.31657513370179124
RJ,20,29,0.08537568026766482
RJ,20,30,0.29399623412895187
RJ,20,31,0.13818055968673934
RJ,20,32,0.2714556393323069
RJ,25,0,0.1988369222177132
RJ,25,1,0.17868201870404524
RJ,25,2,0.6212739996288982
RJ,25,3,0.2564455953797133
RJ,25,4,0.3507543373785056
RJ,25,5,0.37666742829398625
RJ,25,6,0.4667477720105042
RJ,25,7,0.3807388454555252
RJ,25,8,0.05910219778490996
RJ,25,9,0.3303976055618751
RJ,25,10,0.38694507909972
RJ,25,11,0.4587097193646357
RJ,25,12,0.18567305138683748
RJ,25,13,0.12696269909220015
RJ,25,14,0.10941145155244486
RJ,25,15,0.03847761062763267
RJ,25,16,0.18571694677135384
RJ,25,17,0.2829652710968485
RJ,25,18,0.24435319521907048
RJ,25,19,0.0662420137973704
RJ,25,20,0.09342613466835471
RJ,25,21,6.97507983854109e-05
RJ,25,22,0.09399430001795621
RJ,25,23,0.37771239460898964
RJ,25,24,0.27586097430772033
RJ,25,25,0.40007187986797405
RJ,25,26,0.5346794246526566
RJ,25,27,0.3644026413237367
RJ,25,28,0.45697659152740094
RJ,25,29,0.34081668964747397
RJ,25,30,0.2681792779257102
RJ,25,31,0.09991091002893297
RJ,25,32,0.033249739070831875
RJ,30,0,0.2434798554939088
RJ,30,1,0.19605026547745694
RJ,30,2,0.11042529248317076
RJ,30,3,0.28358267522559893
RJ,30,4,0.27846723209917335
RJ,30,5,0.20205390507790968
RJ,30,6,0.2433700358082444
RJ,30,7,0.3717352367392341
RJ,30,8,0.01556210407082284
RJ,30,9,0.2111848889652411
RJ,30,10,0.2278674596384352
RJ,30,11,0.039420677416428955
RJ,30,12,0.3362176267627344
RJ,30,13,0.4204434135014263
RJ,30,14,0.4073869208997065
RJ,30,15,0.05324942420342577
RJ,30,16,0.6114515064587247
RJ,30,17,0.022247637815919014
RJ,30,18,0.03380995102093987
RJ,30,19,0.22990272744535611
RJ,30,20,0.04527509629256596
RJ,30,21,0.2434199108947808
RJ,30,22,0.1298227971664873
RJ,30,23,0.19849404806626242
RJ,30,24,0.09791972693086234
RJ,30,25,0.07218101932288419
RJ,30,26,0.20322860705747245
RJ,30,27,0.332909705975896
RJ,30,28,0.3216814751050988
RJ,30,29,0.4045146595590278
RJ,30,30,0.13252094937087575
RJ,30,31,0.1393656162914997
RJ,30,32,0.22652017112103195
RJ,35,0,0.20371049048185608
RJ,35,1,0.11799491816659402
RJ,35,2,0.1339035371084885
RJ,35,3,0.22620798215229898
RJ,35,4,0.2685180661475325
RJ,35,5,0.20657703370571134
RJ,35,6,0.1296199113198903
RJ,35,7,0.16691088452974995
RJ,35,8,0.287992757759887
RJ,35,9,0.1663020294362581
RJ,35,10,0.2299151783514486
RJ,35,11,0.1381961908447309
RJ,35,12,0.19059571843125375
RJ,35,13,0.19889753938349694
RJ,35,14,0.09938726033313763
RJ,35,15,0.22191111816748957
RJ,35,16,0.21231692226000065
RJ,35,17,0.17565228058614052
RJ,35,18,0.2923310853928373
RJ,35,19,0.3693344399763921
RJ,35,20,0.0014269555864529872
RJ,35,21,0.4592655781497485
RJ,35,22,0.2914593499068854
RJ,35,23,0.31891240617691324
RJ,35,24,0.2503185535000383
RJ,35,25,0.3451497611657772
RJ,35,26,0.407302468306499
RJ,35,27,0.2755172009415035
RJ,35,28,0.23955630114885565
RJ,35,29,0.10103379929590278
RJ,35,30,0.3971813541148917
RJ,35,31,0.028856385212236428
RJ,35,32,0.13623607432381893
RJ,40,0,0.20106471529385386
RJ,40,1,0.16222935399761848
RJ,40,2,0.2849808651579911
RJ,40,3,0.23672020710064717
RJ,40,4,0.25777723241834577
RJ,40,5,0.2566255096871526
RJ,40,6,0.09584306822892431
RJ,40,7,0.04664773161312522
RJ,40,8,0.22220467794055737
RJ,40,9,0.21230687043583318
RJ,40,10,0.3223824022267565
RJ,40,11,0.09014180408209378
RJ,40,12,0.21370114501343915
RJ,40,13,0.02931462379137861
RJ,40,14,0.39588274596112005
RJ,40,15,0.037731706933550054
RJ,40,16,0.49783305384508786
RJ,40,17,0.00041774286322801584
RJ,40,18,0.25273944578215896
RJ,40,19,0.2424586957162003
RJ,40,20,0.24473530920470543
RJ,40,21,0.022393660352649246
RJ,40,22,0.3237521957745008
RJ,40,23,0.26236693105528414
RJ,40,24,0.3083920079066033
RJ,40,25,0.3706733037275644
RJ,40,26,0.26033220295855475
RJ,40,27,0.06459046264108309
RJ,40,28,0.001961030337265919
RJ,40,29,0.1646722825533007
RJ,40,30,0.29183900229401877
RJ,40,31,0.09181801447175866
RJ,40,32,0.05425351272802648
BFS,5,0,0.34724188261355704
BFS,5,1,0.7715683117666692
BFS,5,2,0.22133288364699627
BFS,5,3,0.8762704320519479
BFS,5,4,0.10393978055353693
BFS,5,5,0.33738989327880436
BFS,5,6,0.8047284269518195
BFS,5,7,0.9044020117917603
BFS,5,8,0.7579074284721876
BFS,5,9,0.8553772173337307
BFS,5,10,0.36738523765093883
BFS,5,11,0.6104433331908936
BFS,5,12,1.0
BFS,5,13,0.7395388771640172
BFS,5,14,0.6140065430137969
BFS,5,15,1.0
BFS,5,16,0.44554993239140134
BFS,5,17,0.9252565188800685
BFS,5,18,1.0
BFS,5,19,0.6813254743250082
BFS,5,20,0.8238317394674848
BFS,5,21,0.6040625716681569
BFS,5,22,0.3705631406717769
BFS,5,23,0.9722072315562225
BFS,5,24,0.8108791590673324
BFS,5,25,1.0
BFS,5,26,1.0
BFS,5,27,0.4690813607305731
BFS,5,28,0.13893900656429256
BFS,5,29,1.0
BFS,5,30,1.0
BFS,5,31,0.9210918664635676
BFS,5,32,4.509562602486009
BFS,10,0,0.20327318786766257
BFS,10,1,0.9595245596443559
BFS,10,2,0.3397513498639504
BFS,10,3,0.905469611622491
BFS,10,4,0.08974636148949587
BFS,10,5,0.45651983057266726
BFS,10,6,0.6636634106767082
BFS,10,7,0.9044875963828152
BFS,10,8,0.17269446253417212
BFS,10,9,0.6218255266283446
BFS,10,10,0.3661042961255716
BFS,10,11,0.5282113808711875
BFS,10,12,0.9619324518998902
BFS,10,13,0.7712755046593498
BFS,10,14,0.07414704748818247
BFS,10,15,0.8786065644255763
BFS,10,16,0.28182241649268885
BFS,10,17,0.9626617166831498
BFS,10,18,0.9661467512562432
BFS,10,19,0.3170714759926006
BFS,10,20,0.6381255123190331
BFS,10,21,1.0
BFS,10,22,0.15085235575434136
BFS,10,23,0.9444642263504821
BFS,10,24,0.7165724607199205
BFS,10,25,0.47989640427276
BFS,10,26,0.22395294767533133
BFS,10,27,0.22599789908324452
BFS,10,28,0.5698607742617151
BFS,10,29,0.6275957445498883
BFS,10,30,1.0
BFS,10,31,1.7285225594833764
BFS,10,32,0.14899001649243065
BFS,15,0,0.6959322462274224
BFS,15,1,0.8478939355200489
BFS,15,2,0.5887383997829285
BFS,15,3,0.9047643649919827
BFS,15,4,0.12023869096370735
BFS,15,5,0.6988201725561556
BFS,15,6,0.4187789640324689
BFS,15,7,0.9681720301788795
BFS,15,8,0.4136924625578792
BFS,15,9,0.9174570273398294
BFS,15,10,0.16051830806419062
BFS,15,11,0.5815330364170199
BFS,15,12,1.0
BFS,15,13,0.8048872656222308
BFS,15,14,0.3031577412488732
BFS,15,15,0.9190952624314072
BFS,15,16,0.10854619563215544
BFS,15,17,0.9751152371927674
BFS,15,18,0.9097515982098681
BFS,15,19,0.8231698639742725
BFS,15,20,0.912020982061029
BFS,15,21,0.7363567004625592
BFS,15,22,0.5140800173592434
BFS,15,23,0.9907467990503414
BFS,15,24,0.8740598893640664
BFS,15,25,1.0
BFS,15,26,1.0
BFS,15,27,0.3833210529276235
BFS,15,28,0.7133221752165126
BFS,15,29,0.8759022812238157
BFS,15,30,1.0
BFS,15,31,0.9474573526093922
BFS,15,32,4.992983192810613
BFS,20,0,0.3917966168726959
BFS,20,1,0.2870850367965077
BFS,20,2,0.3830663382851087
BFS,20,3,0.9036453149706686
BFS,20,4,2.5430343975199214
BFS,20,5,0.6986580341174634
BFS,20,6,0.47478930613713566
BFS,20,7,0.9164614859891702
BFS,20,8,3.720734741143206
BFS,20,9,0.7654471843833202
BFS,20,10,0.028698442358547353
BFS,20,11,0.29994490041447347
BFS,20,12,0.9714621132699176
BFS,20,13,0.7107195667910048
BFS,20,14,0.39422233696304815
BFS,20,15,0.7417210074291357
BFS,20,16,0.08640814555227207
BFS,20,17,0.9253548132324502
BFS,20,18,0.8944517176863083
BFS,20,19,0.4997186503671979
BFS,20,20,0.8237226190128694
BFS,20,21,0.8022970156488812
BFS,20,22,0.4378606979553511
BFS,20,23,0.9651477503205119
BFS,20,24,0.8111328901017311
BFS,20,25,0.740064556408347
BFS,20,26,0.4493419643632
BFS,20,27,0.5175088672298781
BFS,20,28,0.7133680007393365
BFS,20,29,0.813881184188915
BFS,20,30,1.0
BFS,20,31,0.03846201502353763
BFS,20,32,0.5734674328841057
BFS,25,0,0.0009894496684507265
BFS,25,1,0.10647436058462308
BFS,25,2,1.1055982304007035
BFS,25,3,0.1335266281892187
BFS,25,4,0.17979549581399962
BFS,25,5,0.633883007472056
BFS,25,6,0.04580963084273941
BFS,25,7,0.9140521817993549
BFS,25,8,2.777601914233835
BFS,25,9,0.7909526813510729
BFS,25,10,0.47206005666104023
BFS,25,11,0.6699360851740844
BFS,25,12,0.9619392542648441
BFS,25,13,0.3113480536433585
BFS,25,14,0.3791837551785417
BFS,25,15,0.8442342786927938
BFS,25,16,0.42449065022373983
BFS,25,17,0.6021355137436
BFS,25,18,0.4149958079028305
BFS,25,19,0.5927408520962233
BFS,25,20,0.7493909914995602
BFS,25,21,0.8417951414161293
BFS,25,22,0.23918220145121158
BFS,25,23,0.860216796049393
BFS,25,24,0.8488657391277203
BFS,25,25,0.6947290969853607
BFS,25,26,0.23588199981737099
BFS,25,27,0.6904545840587125
BFS,25,28,0.8279751109381798
BFS,25,29,0.8510649647913446
BFS,25,30,0.9471288663329651
BFS,25,31,0.7134080516469091
BFS,25,32,0.3364281610241085
BFS,30,0,0.22039689465533355
BFS,30,1,0.48345285880012595
BFS,30,2,0.1936360743457179
BFS,30,3,0.2223639857591049
BFS,30,4,0.0383913200183268
BFS,30,5,0.6601230179086428
BFS,30,6,0.18708998526276505
BFS,30,7,0.9522563424510427
BFS,30,8,2.1476259386799126
BFS,30,9,0.8100644307839538
BFS,30,10,0.1674467398480817
BFS,30,11,0.7213167226972564
BFS,30,12,0.9428988344146244
BFS,30,13,0.8479024766542095
BFS,30,14,0.20531563105454537
BFS,30,15,0.8702107220730827
BFS,30,16,0.31537032702530116
BFS,30,17,0.7563214783402259
BFS,30,18,0.297625154476942
BFS,30,19,0.4671359966343345
BFS,30,20,0.5408950524447943
BFS,30,21,0.8681783502312799
BFS,30,22,0.08403228510114275
BFS,30,23,0.8591291744086467
BFS,30,24,0.8740698118686525
BFS,30,25,0.7456379379117282
BFS,30,26,0.5921373978062795
BFS,30,27,0.5999407837841101
BFS,30,28,0.8566630324732506
BFS,30,29,0.8759022812238143
BFS,30,30,0.9559459796145501
BFS,30,31,1.9845861509942304
BFS,30,32,0.36535672469321784
BFS,35,0,0.42754406060400585
BFS,35,1,0.2714226496286944
BFS,35,2,0.6173083291355796
BFS,35,3,0.7221365219232166
BFS,35,4,0.06541327233035017
BFS,35,5,0.6554984923936779
BFS,35,6,0.3184776106372125
BFS,35,7,0.9318015609960364
BFS,35,8,0.03941051822259266
BFS,35,9,0.5510846445521331
BFS,35,10,0.10960455458917673
BFS,35,11,0.7385643074811096
BFS,35,12,0.9728193140510781
BFS,35,13,0.16370189581927194
BFS,35,14,0.1627991303607552
BFS,35,15,0.9306589599327075
BFS,35,16,0.1083371328657342
BFS,35,17,0.8344654429884988
BFS,35,18,0.951656762910815
BFS,35,19,0.5584561223589976
BFS,35,20,0.8335768567237676
BFS,35,21,0.9435098222937438
BFS,35,22,0.4172213209859493
BFS,35,23,0.9762080826515553
BFS,35,24,0.8111165564033914
BFS,35,25,0.7819939575249584
BFS,35,26,0.42416554444040766
BFS,35,27,0.49349398177267045
BFS,35,28,0.7952482205935473
BFS,35,29,0.787084040878431
BFS,35,30,1.0
BFS,35,31,1.587895188655648
BFS,35,32,1.2355771671126008
BFS,40,0,0.04754925615345378
BFS,40,1,0.15503010861614333
BFS,40,2,0.3181105343652879
BFS,40,3,0.473126563396292
BFS,40,4,0.1913539188936755
BFS,40,5,0.3804326171041808
BFS,40,6,0.09758450023951516
BFS,40,7,0.9462970343994402
BFS,40,8,1.3761414819245494
BFS,40,9,0.8388183731243488
BFS,40,10,0.3638540599470165
BFS,40,11,0.7714571092793147
BFS,40,12,0.7896118848353852
BFS,40,13,0.8206481456930546
BFS,40,14,0.4040756141598683
BFS,40,15,0.8875051835137565
BFS,40,16,0.4866043257693081
BFS,40,17,0.16909897151797548
BFS,40,18,0.029623164792542903
BFS,40,19,0.5819365504016089
BFS,40,20,0.5612235382006848
BFS,40,21,1.3086895515809975
BFS,40,22,0.13265415115509116
BFS,40,23,0.5997394052596322
BFS,40,24,0.8819580716204237
BFS,40,25,0.3093288636422476
BFS,40,26,0.6941486705697213
BFS,40,27,0.4408331795796532
BFS,40,28,0.892513307572782
BFS,40,29,0.9069405920944574
BFS,40,30,0.0975043188680702
BFS,40,31,1.2642480308819446
BFS,40,32,0.38462809100921097
DFS,5,0,0.4307164677298742
DFS,5,1,0.9238561039222231
DFS,5,2,0.8456624813179267
DFS,5,3,0.4917993044757835
DFS,5,4,0.9225476016126729
DFS,5,5,0.6150949395582676
DFS,5,6,0.902344604323793
DFS,5,7,3.3461264812283735
DFS,5,8,0.8789537142360938
DFS,5,9,0.8094744459698208
DFS,5,10,0.47344804765463994
DFS,5,11,0.6513617919846907
DFS,5,12,0.8522332497465591
DFS,5,13,1.9111858600847826
DFS,5,14,2.006677593292512
DFS,5,15,1.0
DFS,5,16,1.0
DFS,5,17,0.20663065156416482
DFS,5,18,0.9322328336079275
DFS,5,19,0.2931669852265294
DFS,5,20,1.0
DFS,5,21,0.6040625716681569
DFS,5,22,0.35943260443222735
DFS,5,23,0.9166216946686673
DFS,5,24,1.0
DFS,5,25,1.0
DFS,5,26,1.0
DFS,5,27,1.4647772366776532
DFS,5,28,2.0568739004952046
DFS,5,29,0.6272620489804934
DFS,5,30,1.0
DFS,5,31,0.9210918664635676
DFS,5,32,1.0
DFS,10,0,0.5010190979536969
DFS,10,1,0.7922513870545227
DFS,10,2,0.8458006527760128
DFS,10,3,0.022724488428282136
DFS,10,4,0.9029710874992082
DFS,10,5,0.2773268931994982
DFS,10,6,0.9512160154097373
DFS,10,7,1.0
DFS,10,8,0.9395310407732598
DFS,10,9,0.8571879641074684
DFS,10,10,0.4580453554078579
DFS,10,11,0.17505829908016354
DFS,10,12,0.19829911886761242
DFS,10,13,0.8882464714233083
DFS,10,14,0.6952506228394645
DFS,10,15,1.0
DFS,10,16,1.0
DFS,10,17,0.553526270267336
DFS,10,18,0.4090025462257914
DFS,10,19,0.6713349254370703
DFS,10,20,0.12674639734077503
DFS,10,21,0.8022085183445224
DFS,10,22,4.646186047477007
DFS,10,23,0.7024334366598366
DFS,10,24,1.0
DFS,10,25,1.0
DFS,10,26,1.0
DFS,10,27,0.8761303694779563
DFS,10,28,0.2504335481628387
DFS,10,29,0.8137978722749466
DFS,10,30,6.872076286642144
DFS,10,31,0.9605812546881565
DFS,10,32,1.0
DFS,15,0,0.5158081433727121
DFS,15,1,0.6055736281838977
DFS,15,2,0.6401101548040304
DFS,15,3,0.32334826385107757
DFS,15,4,0.9355333557569692
DFS,15,5,0.7577266158600319
DFS,15,6,0.7728757178253775
DFS,15,7,0.44698005759274057
DFS,15,8,0.9193987739185245
DFS,15,9,0.5069366559253389
DFS,15,10,0.04261225073923319
DFS,15,11,0.128140465160207
DFS,15,12,0.4656921931832483
DFS,15,13,0.1368293805489306
DFS,15,14,0.12982991987570555
DFS,15,15,0.7080241393647009
DFS,15,16,1.0
DFS,15,17,0.035375205184144255
DFS,15,18,1.257996609399843
DFS,15,19,0.11389087811050772
DFS,15,20,0.012714033595470456
DFS,15,21,0.868178350233193
DFS,15,22,2.763001082954537
DFS,15,23,0.3782216953344368
DFS,15,24,1.0
DFS,15,25,1.0
DFS,15,26,1.0
DFS,15,27,0.4122665618653283
DFS,15,28,0.9044420216511048
DFS,15,29,4.636242888698278
DFS,15,30,4.246485210130845
DFS,15,31,0.9474573526093922
DFS,15,32,1.0
DFS,20,0,0.5008666347059616
DFS,20,1,0.7301068221745576
DFS,20,2,0.7275818288065433
DFS,20,3,0.43843639123897415
DFS,20,4,0.7970563588775509
DFS,20,5,1.7579532342838513
DFS,20,6,0.8507424070588214
DFS,20,7,0.9880662914048775
DFS,20,8,0.9395580962359931
DFS,20,9,0.34763621751682267
DFS,20,10,0.6086375299564745
DFS,20,11,0.16658308178435813
DFS,20,12,0.6281168878057601
DFS,20,13,0.11498688551039297
DFS,20,14,0.297581912201925
DFS,20,15,3.9995525727069445
DFS,20,16,0.03400492962339485
DFS,20,17,0.5283630189404783
DFS,20,18,1.288613292370641
DFS,20,19,0.270551375395363
DFS,20,20,0.6361509931074426
DFS,20,21,0.9011485078258754
DFS,20,22,1.8218298948688136
DFS,20,23,0.7837963212433741
DFS,20,24,3.999552572706918
DFS,20,25,0.2871730566268415
DFS,20,26,0.9443887946884129
DFS,20,27,0.3846327972858524
DFS,20,28,0.9283422050502245
DFS,20,29,3.226551714299024
DFS,20,30,2.9342770524291892
DFS,20,31,0.9802994458553337
DFS,20,32,1.0
DFS,25,0,0.3043611830796103
DFS,25,1,0.7633159329882573
DFS,25,2,0.6305025979659982
DFS,25,3,0.11507330614183957
DFS,25,4,0.705291045809317
DFS,25,5,0.9400441943741541
DFS,25,6,0.8049347983264703
DFS,25,7,1.3112806232051535
DFS,25,8,0.9516334926915314
DFS,25,9,0.2823375298435578
DFS,25,10,0.00184003574800927
DFS,25,11,0.3230349374835293
DFS,25,12,0.6140340241447304
DFS,25,13,0.26905019128394175
DFS,25,14,0.32202114367644746
DFS,25,15,1.5814065600941192
DFS,25,16,0.22699642596072184
DFS,25,17,0.3787007361659099
DFS,25,18,0.35495965533624524
DFS,25,19,0.3315857100919408
DFS,25,20,0.23891699902223928
DFS,25,21,0.920897570709213
DFS,25,22,1.258070109212975
DFS,25,23,0.1980431830759522
DFS,25,24,3.000716075904041
DFS,25,25,3.000716075904049
DFS,25,26,3.000716075904127
DFS,25,27,0.15253893387528686
DFS,25,28,3.000716075904051
DFS,25,29,2.38214933099116
DFS,25,30,2.148266814242485
DFS,25,31,0.9842353245566311
DFS,25,32,1.0
DFS,30,0,0.40852679079805904
DFS,30,1,0.8589386761756024
DFS,30,2,0.352208482464462
DFS,30,3,0.3072457268797373
DFS,30,4,0.7585771684542171
DFS,30,5,0.14269389589685644
DFS,30,6,0.5128314719575285
DFS,30,7,0.5596744268231573
DFS,30,8,0.712364925645031
DFS,30,9,0.07119472328621591
DFS,30,10,0.1234000196082758
DFS,30,11,0.11364610792666172
DFS,30,12,0.43992622665877607
DFS,30,13,0.4076106479381455
DFS,30,14,2.3335322195703965
DFS,30,15,0.8540120696823472
DFS,30,16,2.3335322195693853
DFS,30,17,0.39428620409794185
DFS,30,18,0.1524687373386378
DFS,30,19,0.18437802113763144
DFS,30,20,0.6964466657201
DFS,30,21,0.9340891751165967
DFS,30,22,0.6223649659679672
DFS,30,23,1.5576426911586005
DFS,30,24,1.0
DFS,30,25,2.3335322195704036
DFS,30,26,0.3405436007584537
DFS,30,27,2.3335322195704045
DFS,30,28,0.4911289867314075
DFS,30,29,1.8181214443491567
DFS,30,30,1.623242605065441
DFS,30,31,0.9868643381523481
DFS,30,32,1.0
DFS,35,0,0.3537373744410357
DFS,35,1,0.8309745335812355
DFS,35,2,0.714107241292361
DFS,35,3,0.11300905695351271
DFS,35,4,0.6840750211055648
DFS,35,5,0.8107186004993491
DFS,35,6,0.846763274449933
DFS,35,7,1.8570698031193291
DFS,35,8,0.9654595615155834
DFS,35,9,0.1025864688431495
DFS,35,10,0.2673052941800104
DFS,35,11,0.46518120126737167
DFS,35,12,0.27206802862538054
DFS,35,13,0.47799979142317234
DFS,35,14,0.4450650096285424
DFS,35,15,1.8570698031194
DFS,35,16,1.8570698031183739
DFS,35,17,0.3941951708730601
DFS,35,18,0.34240313935269145
DFS,35,19,0.5226588822006609
DFS,35,20,0.43559364146798424
DFS,35,21,0.9435098222937438
DFS,35,22,0.682937774893318
DFS,35,23,0.7729503356964448
DFS,35,24,1.857069803119473
DFS,35,25,1.8570698031195803
DFS,35,26,1.857069803119402
DFS,35,27,0.39479448793498134
DFS,35,28,1.8570698031194655
DFS,35,29,1.4153267914749148
DFS,35,30,1.2483020230578508
DFS,35,31,0.9887418208863897
DFS,35,32,1.0
DFS,40,0,0.4427377785042234
DFS,40,1,0.895562084814808
DFS,40,2,0.4047756279948356
DFS,40,3,0.013029889731507618
DFS,40,4,0.7187472401364041
DFS,40,5,0.6379940025653069
DFS,40,6,0.6210845785879185
DFS,40,7,1.499776286353399
DFS,40,8,0.7843058681794505
DFS,40,9,0.0077480554192607175
DFS,40,10,0.3426480008725346
DFS,40,11,0.5285961957139557
DFS,40,12,1.4753135308284118
DFS,40,13,0.4423840799287008
DFS,40,14,1.499776286353503
DFS,40,15,1.499776286353468
DFS,40,16,1.4997762863525643
DFS,40,17,0.5166138008125211
DFS,40,18,0.23492288604466743
DFS,40,19,0.7956840459602905
DFS,40,20,1.199043449942218
DFS,40,21,0.9505742539129378
DFS,40,22,0.21659225188470457
DFS,40,23,1.3800051791046035
DFS,40,24,1.4997762863534672
DFS,40,25,1.4997762863536828
DFS,40,26,1.4997762863534683
DFS,40,27,0.5894609837042999
DFS,40,28,1.499776286353471
DFS,40,29,1.1132758571495291
DFS,40,30,1.499776286353454
DFS,40,31,0.9901497229276668
DFS,40,32,1.0
RN,5,0,0.28881420386822315
RN,5,1,0.39003219284095275
RN,5,2,0.382639524504928
RN,5,3,0.3772885534760088
RN,5,4,0.4576566742998629
RN,5,5,0.1793567964602264
RN,5,6,0.902344604323793
RN,5,7,0.1379531427534506
RN,5,8,0.2372733213229009
RN,5,9,0.2856784275125231
RN,5,10,0.03250998525780332
RN,5,11,0.13202980047408228
RN,5,12,0.3662947790865689
RN,5,13,0.21861592839412697
RN,5,14,0.010211900532299003
RN,5,15,0.47330355691807074
RN,5,16,0.26009977394613043
RN,5,17,0.2506863577383143
RN,5,18,0.6611641680124112
RN,5,19,0.11996949227907257
RN,5,20,0.3832991164166315
RN,5,21,0.6040625716681569
RN,5,22,0.2720304479654544
RN,5,23,0.606485263599363
RN,5,24,0.24339908426046736
RN,5,25,0.513995266167916
RN,5,26,0.5774041256237821
RN,5,27,1.0
RN,5,28,0.7129835632388015
RN,5,29,0.6272620489804934
RN,5,30,0.4706129658691244
RN,5,31,0.051922184606181275
RN,5,32,0.047668943628004744
RN,10,0,0.27886562018414335
RN,10,1,0.27682118397937244
RN,10,2,0.06165655481616195
RN,10,3,0.3782594430887074
RN,10,4,0.3377995433808178
RN,10,5,0.10612158141143933
RN,10,6,0.31655556246644884
RN,10,7,0.246109075932429
RN,10,8,0.39415861011919373
RN,10,9,0.3779263912325058
RN,10,10,0.35143778391108005
RN,10,11,0.37698268086611103
RN,10,12,0.40679866371352696
RN,10,13,0.2030335012491488
RN,10,14,0.4153317202840862
RN,10,15,0.12468407824024784
RN,10,16,0.10977614305891702
RN,10,17,0.12533230641054813
RN,10,18,0.11369823728658925
RN,10,19,0.3327256289009526
RN,10,20,0.23926610719855543
RN,10,21,0.005963762618319594
RN,10,22,0.786736135430969
RN,10,23,0.13494041751112812
RN,10,24,0.32444313948616954
RN,10,25,0.34921736191327507
RN,10,26,0.6833368425656945
RN,10,27,0.8085887970968866
RN,10,28,0.282243705997106
RN,10,29,0.550977109400681
RN,10,30,0.603369870569511
RN,10,31,0.3584194518402119
RN,10,32,0.3686770051681858
RN,15,0,0.2887095318528566
RN,15,1,0.18654350068329303
RN,15,2,0.13996969271404755
RN,15,3,0.2838839737769036
RN,15,4,0.1267347452775414
RN,15,5,0.30981234791293405
RN,15,6,0.3908442656035965
RN,15,7,0.3048945531516626
RN,15,8,0.5046822723067604
RN,15,9,0.270787427844844
RN,15,10,0.2936611341205454
RN,15,11,0.05576963614411555
RN,15,12,0.5334570486004377
RN,15,13,0.45699411738115087
RN,15,14,0.4168234134661514
RN,15,15,0.2228266348826403
RN,15,16,0.17235514324097648
RN,15,17,0.02657517673461628
RN,15,18,0.10937264896213265
RN,15,19,0.1842249491572967
RN,15,20,0.3784293536952033
RN,15,21,0.4695302395108753
RN,15,22,0.045298981916915886
RN,15,23,0.42486442991865025
RN,15,24,0.07239325577969455
RN,15,25,0.5941938734570282
RN,15,26,0.5049956670971276
RN,15,27,0.3479102644462343
RN,15,28,0.31262443749219837
RN,15,29,0.4877481187079699
RN,15,30,0.5552051600858792
RN,15,31,0.11634884452583619
RN,15,32,0.34843668601884314
RN,20,0,0.22462087013381155
RN,20,1,0.1561644470834184
RN,20,2,0.2705980007350533
RN,20,3,0.32397541820913833
RN,20,4,0.15189843460431154
RN,20,5,0.243152367739305
RN,20,6,0.21456574181491522
RN,20,7,0.1854658462016271
RN,20,8,0.16885936154975112
RN,20,9,0.2814937586132575
RN,20,10,0.5220901234396494
RN,20,11,0.21266557559655663
RN,20,12,0.3676352792596381
RN,20,13,0.3857311299080673
RN,20,14,0.3437464998874521
RN,20,15,0.14456006567445334
RN,20,16,0.45658206369155324
RN,20,17,0.2404265653685542
RN,20,18,0.17487229124172612
RN,20,19,0.26195558784665307
RN,20,20,0.26789920851951105
RN,20,21,0.3060353642362123
RN,20,22,0.22451420314031773
RN,20,23,0.37789563536023135
RN,20,24,0.002569816648027556
RN,20,25,0.24546183225267168
RN,20,26,0.5165142860854522
RN,20,27,0.38982144693604376
RN,20,28,0.3408699416345518
RN,20,29,0.4363938997470639
RN,20,30,0.5324096115502357
RN,20,31,0.1746429854042453
RN,20,32,0.30953600724311653
RN,25,0,0.2173840481331154
RN,25,1,0.23215925594601952
RN,25,2,0.32441251806788096
RN,25,3,0.31310110232447114
RN,25,4,0.1902208219849403
RN,25,5,0.3996999458903607
RN,25,6,0.02583902965398467
RN,25,7,0.17652574622198117
RN,25,8,0.3003675611199872
RN,25,9,0.17541099816459169
RN,25,10,0.3372233449363975
RN,25,11,0.1888667308726581
RN,25,12,0.21384817526813907
RN,25,13,0.29164950742154977
RN,25,14,0.3456520305326686
RN,25,15,0.34872026988189875
RN,25,16,0.18033430326346908
RN,25,17,0.31329386442743984
RN,25,18,0.196999539523079
RN,25,19,0.26256548168367855
RN,25,20,0.4768348930932994
RN,25,21,0.1618269164801546
RN,25,22,0.33478934821852824
RN,25,23,0.44695038997910486
RN,25,24,0.29582192794879003
RN,25,25,0.018717118322972397
RN,25,26,0.04084226102811524
RN,25,27,0.28583849403331235
RN,25,28,0.45290733313172266
RN,25,29,0.584792557582614
RN,25,30,0.11985381263705161
RN,25,31,0.19110354728067835
RN,25,32,0.1885208349406615
RN,30,0,0.2324711912862541
RN,30,1,0.01456571229253053
RN,30,2,0.1264282935155363
RN,30,3,0.29720474324992474
RN,30,4,0.1545725959348275
RN,30,5,0.18899816951563356
RN,30,6,0.21343053780938673
RN,30,7,0.19251232042329613
RN,30,8,0.46674045529115504
RN,30,9,0.3550197406196534
RN,30,10,0.26832236692489975
RN,30,11,0.1683918871215834
RN,30,12,0.2658391213304244
RN,30,13,0.09690376931511732
RN,30,14,0.14850333302184324
RN,30,15,0.2974807249317462
RN,30,16,0.21394770365929755
RN,30,17,0.2872412202252341
RN,30,18,0.2339102276364038
RN,30,19,0.13392436527501753
RN,30,20,0.22214693526027599
RN,30,21,0.1147945131973362
RN,30,22,0.19672696527868463
RN,30,23,0.31228300988380464
RN,30,24,0.3200758459802114
RN,30,25,0.3983916550308031
RN,30,26,0.31014187253017206
RN,30,27,0.4508471378891831
RN,30,28,0.17382804357552517
RN,30,29,0.4631514105403446
RN,30,30,0.09540299570861718
RN,30,31,0.2701631569641362
RN,30,32,0.03163956956550133
RN,35,0,0.21040604765991844
RN,35,1,0.10094204385165222
RN,35,2,0.36990981533761474
RN,35,3,0.21529044063711156
RN,35,4,0.13066264124369206
RN,35,5,0.14228089021252002
RN,35,6,0.3578169834717407
RN,35,7,0.2536328947701696
RN,35,8,0.1517273121373659
RN,35,9,0.20295458306201633
RN,35,10,0.275017961513526
RN,35,11,0.15927544745284417
RN,35,12,0.27479444748394477
RN,35,13,0.12928010786243663
RN,35,14,0.519224527781693
RN,35,15,0.0013603110848009448
RN,35,16,0.3060704764318533
RN,35,17,0.2896241347363867
RN,35,18,0.25663172644906435
RN,35,19,0.15527843868233043
RN,35,20,0.25577228188721574
RN,35,21,0.16496940095518203
RN,35,22,0.041544783858427754
RN,35,23,0.3200607539498719
RN,35,24,0.21893072921790188
RN,35,25,0.5030421512306215
RN,35,26,0.1880371351344699
RN,35,27,0.23713177543136388
RN,35,28,0.41444719373084704
RN,35,29,0.29624669393589764
RN,35,30,0.4437734949439426
RN,35,31,0.16802932243027766
RN,35,32,0.08632547203474854
RN,40,0,0.18676586883731375
RN,40,1,0.17216174671436382
RN,40,2,0.3081653374847172
RN,40,3,0.2396019727257515
RN,40,4,0.22001798897744995
RN,40,5,0.2983362020750471
RN,40,6,0.15310006155654815
RN,40,7,0.22273273135414626
RN,40,8,0.05004305056290605
RN,40,9,0.17227345510912667
RN,40,10,0.2411254052085231
RN,40,11,0.24486883600958123
RN,40,12,0.23592648082197504
RN,40,13,0.29709120977710257
RN,40,14,0.04109628538262976
RN,40,15,0.12277761127758792
RN,40,16,0.2285833413415838
RN,40,17,0.2026601378061043
RN,40,18,0.20957188036466218
RN,40,19,0.21211742080988644
RN,40,20,0.17410892928597607
RN,40,21,0.2953649600745438
RN,40,22,0.43734095116665067
RN,40,23,0.3300767007811546
RN,40,24,0.01337873866717631
RN,40,25,0.3018532187325815
RN,40,26,0.20207541260937886
RN,40,27,0.06333553516013397
RN,40,28,0.021643354711444886
RN,40,29,0.19815199252670082
RN,40,30,0.15386051025531244
RN,40,31,0.0927440521690125
RN,40,32,0.02045915493752861
RE,5,0,0.18676586883731375
RE,5,1,0.17216174671436382
RE,5,2,0.3081653374847172
RE,5,3,0.2396019727257515
RE,5,4,0.22001798897744995
RE,5,5,0.2983362020750471
RE,5,6,0.15310006155654815
RE,5,7,0.22273273135414626
RE,5,8,0.05004305056290605
RE,5,9,0.17227345510912667
RE,5,10,0.2411254052085231
RE,5,11,0.24486883600958123
RE,5,12,0.23592648082197504
RE,5,13,0.29709120977710257
RE,5,14,0.04109628538262976
RE,5,15,0.12277761127758792
RE,5,16,0.2285833413415838
RE,5,17,0.2026601378061043
RE,5,18,0.20957188036466218
RE,5,19,0.21211742080988644
RE,5,20,0.17410892928597607
RE,5,21,0.2953649600745438
RE,5,22,0.43734095116665067
RE,5,23,0.3300767007811546
RE,5,24,0.01337873866717631
RE,5,25,0.3018532187325815
RE,5,26,0.20207541260937886
RE,5,27,0.06333553516013397
RE,5,28,0.021643354711444886
RE,5,29,0.19815199252670082
RE,5,30,0.15386051025531244
RE,5,31,0.0927440521690125
RE,5,32,0.02045915493752861
RE,10,0,0.18676586883731375
RE,10,1,0.17216174671436382
RE,10,2,0.3081653374847172
RE,10,3,0.2396019727257515
RE,10,4,0.22001798897744995
RE,10,5,0.2983362020750471
RE,10,6,0.15310006155654815
RE,10,7,0.22273273135414626
RE,10,8,0.05004305056290605
RE,10,9,0.17227345510912667
RE,10,10,0.2411254052085231
RE,10,11,0.24486883600958123
RE,10,12,0.23592648082197504
RE,10,13,0.29709120977710257
RE,10,14,0.04109628538262976
RE,10,15,0.12277761127758792
RE,10,16,0.2285833413415838
RE,10,17,0.2026601378061043
RE,10,18,0.20957188036466218
RE,10,19,0.21211742080988644
RE,10,20,0.17410892928597607
RE,10,21,0.2953649600745438
RE,10,22,0.43734095116665067
RE,10,23,0.3300767007811546
RE,10,24,0.01337873866717631
RE,10,25,0.3018532187325815
RE,10,26,0.20207541260937886
RE,10,27,0.06333553516013397
RE,10,28,0.021643354711444886
RE,10,29,0.19815199252670082
RE,10,30,0.15386051025531244
RE,10,31,0.0927440521690125
RE,10,32,0.02045915493752861
RE,15,0,0.18676586883731375
RE,15,1,0.17216174671436382
RE,15,2,0.3081653374847172
RE,15,3,0.2396019727257515
RE,15,4,0.22001798897744995
RE,15,5,0.2983362020750471
RE,15,6,0.15310006155654815
RE,15,7,0.22273273135414626
RE,15,8,0.05004305056290605
RE,15,9,0.17227345510912667
RE,15,10,0.2411254052085231
RE,15,11,0.24486883600958123
RE,15,12,0.23592648082197504
RE,15,13,0.29709120977710257
RE,15,14,0.04109628538262976
RE,15,15,0.12277761127758792
RE,15,16,0.2285833413415838
RE,15,17,0.2026601378061043
RE,15,18,0.20957188036466218
RE,15,19,0.21211742080988644
RE,15,20,0.17410892928597607
RE,15,21,0.2953649600745438
RE,15,22,0.43734095116665067
RE,15,23,0.3300767007811546
RE,15,24,0.01337873866717631
RE,15,25,0.3018532187325815
RE,15,26,0.20207541260937886
RE,15,27,0.06333553516013397
RE,15,28,0.021643354711444886
RE,15,29,0.19815199252670082
RE,15,30,0.15386051025531244
RE,15,31,0.0927440521690125
RE,15,32,0.02045915493752861
RE,20,0,0.18676586883731375
RE,20,1,0.17216174671436382
RE,20,2,0.3081653374847172
RE,20,3,0.2396019727257515
RE,20,4,0.22001798897744995
RE,20,5,0.2983362020750471
RE,20,6,0.15310006155654815
RE,20,7,0.22273273135414626
RE,20,8,0.05004305056290605
RE,20,9,0.17227345510912667
RE,20,10,0.2411254052085231
RE,20,11,0.24486883600958123
RE,20,12,0.23592648082197504
RE,20,13,0.29709120977710257
RE,20,14,0.04109628538262976
RE,20,15,0.12277761127758792
RE,20,16,0.2285833413415838
RE,20,17,0.2026601378061043
RE,20,18,0.20957188036466218
RE,20,19,0.21211742080988644
RE,20,20,0.17410892928597607
RE,20,21,0.2953649600745438
RE,20,22,0.43734095116665067
RE,20,23,0.3300767007811546
RE,20,24,0.01337873866717631
RE,20,25,0.3018532187325815
RE,20,26,0.20207541260937886
RE,20,27,0.06333553516013397
RE,20,28,0.021643354711444886
RE,20,29,0.19815199252670082
RE,20,30,0.15386051025531244
RE,20,31,0.0927440521690125
RE,20,32,0.02045915493752861
RE,25,0,0.18676586883731375
RE,25,1,0.17216174671436382
RE,25,2,0.3081653374847172
RE,25,3,0.2396019727257515
RE,25,4,0.22001798897744995
RE,25,5,0.2983362020750471
RE,25,6,0.15310006155654815
RE,25,7,0.22273273135414626
RE,25,8,0.05004305056290605
RE,25,9,0.17227345510912667
RE,25,10,0.2411254052085231
RE,25,11,0.24486883600958123
RE,25,12,0.23592648082197504
RE,25,13,0.29709120977710257
RE,25,14,0.04109628538262976
RE,25,15,0.12277761127758792
RE,25,16,0.2285833413415838
RE,25,17,0.2026601378061043
RE,25,18,0.20957188036466218
RE,25,19,0.21211742080988644
RE,25,20,0.17410892928597607
RE,25,21,0.2953649600745438
RE,25,22,0.43734095116665067
RE,25,23,0.3300767007811546
RE,25,24,0.01337873866717631
RE,25,25,0.3018532187325815
RE,25,26,0.20207541260937886
RE,25,27,0.06333553516013397
RE,25,28,0.021643354711444886
RE,25,29,0.19815199252670082
RE,25,30,0.15386051025531244
RE,25,31,0.0927440521690125
RE,25,32,0.02045915493752861
RE,30,0,0.18676586883731375
RE,30,1,0.17216174671436382
RE,30,2,0.3081653374847172
RE,30,3,0.2396019727257515
RE,30,4,0.22001798897744995
RE,30,5,0.2983362020750471
RE,30,6,0.15310006155654815
RE,30,7,0.22273273135414626
RE,30,8,0.05004305056290605
RE,30,9,0.17227345510912667
RE,30,10,0.2411254052085231
RE,30,11,0.24486883600958123
RE,30,12,0.23592648082197504
RE,30,13,0.29709120977710257
RE,30,14,0.04109628538262976
RE,30,15,0.12277761127758792
RE,30,16,0.2285833413415838
RE,30,17,0.2026601378061043
RE,30,18,0.20957188036466218
RE,30,19,0.21211742080988644
RE,30,20,0.17410892928597607
RE,30,21,0.2953649600745438
RE,30,22,0.43734095116665067
RE,30,23,0.3300767007811546
RE,30,24,0.01337873866717631
RE,30,25,0.3018532187325815
RE,30,26,0.20207541260937886
RE,30,27,0.06333553516013397
RE,30,28,0.021643354711444886
RE,30,29,0.19815199252670082
RE,30,30,0.15386051025531244
RE,30,31,0.0927440521690125
RE,30,32,0.02045915493752861
RE,35,0,0.18676586883731375
RE,35,1,0.17216174671436382
RE,35,2,0.3081653374847172
RE,35,3,0.2396019727257515
RE,35,4,0.22001798897744995
RE,35,5,0.2983362020750471
RE,35,6,0.15310006155654815
RE,35,7,0.22273273135414626
RE,35,8,0.05004305056290605
RE,35,9,0.17227345510912667
RE,35,10,0.2411254052085231
RE,35,11,0.24486883600958123
RE,35,12,0.23592648082197504
RE,35,13,0.29709120977710257
RE,35,14,0.04109628538262976
RE,35,15,0.12277761127758792
RE,35,16,0.2285833413415838
RE,35,17,0.2026601378061043
RE,35,18,0.20957188036466218
RE,35,19,0.21211742080988644
RE,35,20,0.17410892928597607
RE,35,21,0.2953649600745438
RE,35,22,0.43734095116665067
RE,35,23,0.3300767007811546
RE,35,24,0.01337873866717631
RE,35,25,0.3018532187325815
RE,35,26,0.20207541260937886
RE,35,27,0.06333553516013397
RE,35,28,0.021643354711444886
RE,35,29,0.19815199252670082
RE,35,30,0.15386051025531244
RE,35,31,0.0927440521690125
RE,35,32,0.02045915493752861
RE,40,0,0.18676586883731375
RE,40,1,0.17216174671436382
RE,40,2,0.3081653374847172
RE,40,3,0.2396019727257515
RE,40,4,0.22001798897744995
RE,40,5,0.2983362020750471
RE,40,6,0.15310006155654815
RE,40,7,0.22273273135414626
RE,40,8,0.05004305056290605
RE,40,9,0.17227345510912667
RE,40,10,0.2411254052085231
RE,40,11,0.24486883600958123
RE,40,12,0.23592648082197504
RE,40,13,0.29709120977710257
RE,40,14,0.04109628538262976
RE,40,15,0.12277761127758792
RE,40,16,0.2285833413415838
RE,40,17,0.2026601378061043
RE,40,18,0.20957188036466218
RE,40,19,0.21211742080988644
RE,40,20,0.17410892928597607
RE,40,21,0.2953649600745438
RE,40,22,0.43734095116665067
RE,40,23,0.3300767007811546
RE,40,24,0.01337873866717631
RE,40,25,0.3018532187325815
RE,40,26,0.20207541260937886
RE,40,27,0.06333553516013397
RE,40,28,0.021643354711444886
RE,40,29,0.19815199252670082
RE,40,30,0.15386051025531244
RE,40,31,0.0927440521690125
RE,40,32,0.02045915493752861
RW,5,0,0.26472539743752266
RW,5,1,0.46673450407161116
RW,5,2,0.8456624813179267
RW,5,3,0.14072054759035788
RW,5,4,0.4136606268002229
RW,5,5,0.3056583529209525
RW,5,6,0.6093784159982063
RW,5,7,1.114450725625294
RW,5,8,0.6368611427082775
RW,5,9,0.30513568398770446
RW,5,10,0.25948427981114575
RW,5,11,0.29854636305594706
RW,5,12,1.0
RW,5,13,0.08393857687416843
RW,5,14,0.206478829942254
RW,5,15,1.0
RW,5,16,0.6302913994520377
RW,5,17,0.36890285575714377
RW,5,18,0.6611629259415424
RW,5,19,0.7517346870908772
RW,5,20,0.6232924766641864
RW,5,21,0.5845275430400265
RW,5,22,1.0
RW,5,23,0.7665082235231363
RW,5,24,0.42318913229767435
RW,5,25,0.14930447347414535
RW,5,26,0.9703092709140922
RW,5,27,1.0
RW,5,28,0.16847159671431824
RW,5,29,1.0
RW,5,30,1.0
RW,5,31,0.6054086785715063
RW,5,32,0.04398930769342191
RW,10,0,0.19599469397758817
RW,10,1,0.3911872595730954
RW,10,2,0.016107072856858518
RW,10,3,0.017666124542997604
RW,10,4,0.334417248264201
RW,10,5,0.540736530418193
RW,10,6,0.506845613852704
RW,10,7,0.03632923699753494
RW,10,8,0.44541325578269075
RW,10,9,0.6578237762204968
RW,10,10,0.3163000351122496
RW,10,11,0.07385858734863623
RW,10,12,0.3985754187838148
RW,10,13,0.005032928653902548
RW,10,14,0.7107640792183667
RW,10,15,0.5746272079666178
RW,10,16,0.10643763249016018
RW,10,17,0.16531321052255563
RW,10,18,0.6946830009153082
RW,10,19,0.5720698869308681
RW,10,20,0.34602531392193403
RW,10,21,0.3095291806471513
RW,10,22,0.926025844018331
RW,10,23,0.7456452885371628
RW,10,24,0.811048470473718
RW,10,25,0.9191594234628144
RW,10,26,0.6633933975167303
RW,10,27,0.4575283193827792
RW,10,28,1.0
RW,10,29,1.0
RW,10,30,1.0
RW,10,31,0.4875412065585026
RW,10,32,0.08288315769916801
RW,15,0,0.16642821015739415
RW,15,1,0.2815213436002217
RW,15,2,0.3261422918037652
RW,15,3,0.33630719970081613
RW,15,4,0.3595198369583808
RW,15,5,0.18266465399573886
RW,15,6,0.39855343941897753
RW,15,7,0.608329539688266
RW,15,8,0.6671926572077029
RW,15,9,0.2774848782711894
RW,15,10,0.0721659817009157
RW,15,11,0.13684914456927094
RW,15,12,0.837424936848236
RW,15,13,0.1878926228870001
RW,15,14,0.4683239523958433
RW,15,15,0.4387134848041274
RW,15,16,0.6923142787165658
RW,15,17,0.23492936148411056
RW,15,18,0.632864237740949
RW,15,19,0.4920593736949223
RW,15,20,0.3554776835321114
RW,15,21,0.868178350233193
RW,15,22,0.19890508421004097
RW,15,23,0.37095105733960104
RW,15,24,1.6685146734821807
RW,15,25,0.556652824455908
RW,15,26,0.7489457263856351
RW,15,27,0.8724306004518032
RW,15,28,0.8088534580304008
RW,15,29,0.7517919650439551
RW,15,30,1.0
RW,15,31,0.05560658624525689
RW,15,32,0.3384135652114244
RW,20,0,0.1846702432566188
RW,20,1,0.20050744898483258
RW,20,2,0.014994042467992073
RW,20,3,0.16356108819845092
RW,20,4,0.37949894762694497
RW,20,5,0.32897926304663017
RW,20,6,0.16382591871128718
RW,20,7,0.10311905864435855
RW,20,8,0.5306160998085548
RW,20,9,0.00876680615781169
RW,20,10,0.024315403675346382
RW,20,11,0.6393943675823509
RW,20,12,0.902213606753541
RW,20,13,0.277493467591444
RW,20,14,0.5013401327990453
RW,20,15,0.5746187313373461
RW,20,16,0.11709192702019917
RW,20,17,0.19377949705166342
RW,20,18,0.47647426011920396
RW,20,19,0.651977950534303
RW,20,20,0.13816863962587467
RW,20,21,0.9011485078258754
RW,20,22,0.2886777887035694
RW,20,23,0.7172790405684613
RW,20,24,0.8685394548254687
RW,20,25,0.5771832082530336
RW,20,26,0.7850835181316322
RW,20,27,1.0
RW,20,28,0.6314931741346901
RW,20,29,0.9069405920944588
RW,20,30,0.7277297591655372
RW,20,31,0.014681457148093041
RW,20,32,0.20711063332656443
RW,25,0,0.23364984332774255
RW,25,1,0.20639804296031558
RW,25,2,0.12986901023314099
RW,25,3,0.15979273190988855
RW,25,4,0.2636380862386086
RW,25,5,0.22623872655375496
RW,25,6,0.3220980144416605
RW,25,7,0.525051888214548
RW,25,8,0.45267025020977025
RW,25,9,0.5458112997992693
RW,25,10,0.20405582360599128
RW,25,11,0.2186834489130946
RW,25,12,0.44925526202740595
RW,25,13,0.04106656905535048
RW,25,14,0.20544215335094249
RW,25,15,0.22729695554170884
RW,25,16,0.19691480755257068
RW,25,17,0.12740368720802514
RW,25,18,0.06884940423439759
RW,25,19,0.4065437260772226
RW,25,20,0.5028576895196476
RW,25,21,0.11120137947938905
RW,25,22,0.5308481168939725
RW,25,23,0.28160410807456887
RW,25,24,0.2730221962722619
RW,25,25,0.452417538989815
RW,25,26,0.3520680334374182
RW,25,27,0.25303411771931283
RW,25,28,0.5576558648615515
RW,25,29,0.47206762985763323
RW,25,30,0.9471288663329651
RW,25,31,0.17903161202919726
RW,25,32,0.12379408768427887
RW,30,0,0.21818021677470678
RW,30,1,0.27162831203586935
RW,30,2,0.565550648021505
RW,30,3,0.22426306174793276
RW,30,4,0.1940239183035232
RW,30,5,0.0029215473843523707
RW,30,6,0.48684112597779444
RW,30,7,0.40166154410494687
RW,30,8,0.12703237931001687
RW,30,9,0.1909300355678177
RW,30,10,0.31327434980351226
RW,30,11,0.3829228359295751
RW,30,12,0.12120521143419448
RW,30,13,0.09205290932599315
RW,30,14,0.4088984082743969
RW,30,15,0.3502642452589083
RW,30,16,0.16022582590719117
RW,30,17,0.02658954431469062
RW,30,18,0.4979933579372647
RW,30,19,0.11053133294058029
RW,30,20,0.06979584843541813
RW,30,21,0.9340891751165967
RW,30,22,0.0568688652394777
RW,30,23,0.43889736021438996
RW,30,24,0.18549684256762486
RW,30,25,0.009785032461852947
RW,30,26,0.0932050332937017
RW,30,27,0.7732306551946406
RW,30,28,0.18127171664729524
RW,30,29,0.7430064836356323
RW,30,30,0.8219470310082423
RW,30,31,0.03897922822712862
RW,30,32,0.13444424322187346
RW,35,0,0.1601613160407747
RW,35,1,0.14963293814908318
RW,35,2,0.39109023881234345
RW,35,3,0.11899408099640942
RW,35,4,0.22571260324896508
RW,35,5,0.3585658695601757
RW,35,6,0.14478571345939661
RW,35,7,0.36192435088030733
RW,35,8,0.1202360342809892
RW,35,9,0.17904293573717212
RW,35,10,0.11234534011279104
RW,35,11,0.4924512682309702
RW,35,12,0.695141083606179
RW,35,13,0.1158660136023536
RW,35,14,0.12397383436496338
RW,35,15,0.6417397354296277
RW,35,16,0.30544979975599373
RW,35,17,0.6335017645365605
RW,35,18,0.0743058425779362
RW,35,19,0.2553226859929662
RW,35,20,0.1330604037745085
RW,35,21,0.8303782296854325
RW,35,22,0.36163334838014205
RW,35,23,0.36430980757391784
RW,35,24,0.06550771720178954
RW,35,25,0.26887720475042454
RW,35,26,0.27929997240230753
RW,35,27,0.8359961111745442
RW,35,28,0.07173767662232287
RW,35,29,0.010537285053478677
RW,35,30,0.9622426294216241
RW,35,31,0.1141952550696875
RW,35,32,0.033050359005008814
RW,40,0,0.20670069096614765
RW,40,1,0.3166064123869826
RW,40,2,0.3403404061246683
RW,40,3,0.11971888392166644
RW,40,4,0.07230563279640233
RW,40,5,0.32174346928398956
RW,40,6,0.1471259386274826
RW,40,7,0.3846636992824601
RW,40,8,0.09823073078504743
RW,40,9,0.13143607853539674
RW,40,10,0.2507739157618858
RW,40,11,0.22945619504762338
RW,40,12,0.027155845750169827
RW,40,13,0.036875617051163614
RW,40,14,0.3583085088478765
RW,40,15,0.2964681429539266
RW,40,16,0.1388052851446714
RW,40,17,0.22882890126013544
RW,40,18,0.19732977549553066
RW,40,19,0.26682952201039034
RW,40,20,0.4145101970867955
RW,40,21,0.6893881487701857
RW,40,22,0.16846684826701058
RW,40,23,0.4532940816816824
RW,40,24,0.40603756932401447
RW,40,25,0.14492096777894772
RW,40,26,0.7619719281268357
RW,40,27,0.5897934496193592
RW,40,28,0.11887602949608134
RW,40,29,0.37836659732639755
RW,40,30,0.1968312560127235
RW,40,31,0.012090858643075516
RW,40,32,0.1628162091117024
ISRW,5,0,0.08214330646384153
ISRW,5,1,0.2312709219668301
ISRW,5,2,0.6913249626358535
ISRW,5,3,0.3463082335549521
ISRW,5,4,0.061254796380092194
ISRW,5,5,0.303384723869378
ISRW,5,6,0.00758082625216436
ISRW,5,7,0.12772818477499054
ISRW,5,8,0.08950026678170511
ISRW,5,9,0.6058688824465409
ISRW,5,10,0.22262226019420434
ISRW,5,11,0.6881930442410182
ISRW,5,12,1.0
ISRW,5,13,0.34360542382368287
ISRW,5,14,0.20883352169837846
ISRW,5,15,1.0
ISRW,5,16,1.6116312064321594
ISRW,5,17,0.46803270454974766
ISRW,5,18,0.5477131524431107
ISRW,5,19,0.5689609457409938
ISRW,5,20,0.378801836344299
ISRW,5,21,1.0
ISRW,5,22,0.1445487365730886
ISRW,5,23,1.0
ISRW,5,24,1.0
ISRW,5,25,0.8381739713404366
ISRW,5,26,1.0
ISRW,5,27,1.0
ISRW,5,28,0.4027114437211116
ISRW,5,29,0.6272620489804934
ISRW,5,30,0.16400247145410793
ISRW,5,31,0.7631410196975781
ISRW,5,32,0.581122274673674
ISRW,10,0,0.14902056568929542
ISRW,10,1,0.05285955355815647
ISRW,10,2,0.6916013055520228
ISRW,10,3,0.27777150589597804
ISRW,10,4,0.48129111358306725
ISRW,10,5,0.8237058118368945
ISRW,10,6,0.04939726779891148
ISRW,10,7,0.46204909305894887
ISRW,10,8,0.3945072384975414
ISRW,10,9,0.5089943280348963
ISRW,10,10,0.21930158100897856
ISRW,10,11,0.39723969204572324
ISRW,10,12,0.08910845871357635
ISRW,10,13,0.28590050147908985
ISRW,10,14,0.5671388343111856
ISRW,10,15,0.9393033392278597
ISRW,10,16,0.08468508587630176
ISRW,10,17,0.1864282582985055
ISRW,10,18,0.5229080670212076
ISRW,10,19,0.787346616975968
ISRW,10,20,0.6951269315773856
ISRW,10,21,1.0
ISRW,10,22,0.7823715514415848
ISRW,10,23,0.16186839103009482
ISRW,10,24,0.7165727057105771
ISRW,10,25,0.04506540853296384
ISRW,10,26,0.189206655446071
ISRW,10,27,0.6171775941898553
ISRW,10,28,0.04852467234855405
ISRW,10,29,0.6275541877529724
ISRW,10,30,1.0
ISRW,10,31,0.37669765257796217
ISRW,10,32,0.23128069728800782
ISRW,15,0,0.3032079029030953
ISRW,15,1,0.17285198201015334
ISRW,15,2,0.24626359458635433
ISRW,15,3,0.14015389956372126
ISRW,15,4,0.29079822473943673
ISRW,15,5,0.0243734838710996
ISRW,15,6,0.03713109268683254
ISRW,15,7,0.6985552266192449
ISRW,15,8,0.3386508056741424
ISRW,15,9,0.25569155817315664
ISRW,15,10,0.6123040605243649
ISRW,15,11,0.8941000262361594
ISRW,15,12,0.9619438085669844
ISRW,15,13,0.04724697498784252
ISRW,15,14,0.449125758007535
ISRW,15,15,1.4116733950997122
ISRW,15,16,0.5056428336525313
ISRW,15,17,0.23866733757948871
ISRW,15,18,0.30649003466025565
ISRW,15,19,0.33193271571973676
ISRW,15,20,0.299882632833026
ISRW,15,21,0.868178350233193
ISRW,15,22,0.4247239713286959
ISRW,15,23,0.15123505898171966
ISRW,15,24,0.03780828024929046
ISRW,15,25,0.47495746227830044
ISRW,15,26,0.8593028048193097
ISRW,15,27,0.09769823291727817
ISRW,15,28,0.9044420216511048
ISRW,15,29,1.0
ISRW,15,30,1.0
ISRW,15,31,0.4466548909649206
ISRW,15,32,0.06567118718916323
ISRW,20,0,0.13949948874670734
ISRW,20,1,0.029795630331546717
ISRW,20,2,0.5387977506959857
ISRW,20,3,0.36569171796907973
ISRW,20,4,0.12745021163485074
ISRW,20,5,0.33211742077529216
ISRW,20,6,0.35260699241110033
ISRW,20,7,0.483304698147875
ISRW,20,8,0.1485686105465281
ISRW,20,9,0.11722137926216447
ISRW,20,10,0.008941183655926213
ISRW,20,11,0.1536081791788648
ISRW,20,12,0.7525171848676524
ISRW,20,13,0.0623428104123413
ISRW,20,14,0.29487756664312803
ISRW,20,15,0.06289473718788026
ISRW,20,16,0.5840383190070634
ISRW,20,17,0.2852979797735024
ISRW,20,18,0.40498361276358036
ISRW,20,19,0.5287805514368037
ISRW,20,20,0.73832936136404
ISRW,20,21,0.9011485078258754
ISRW,20,22,0.04547162077650778
ISRW,20,23,0.4451304495155086
ISRW,20,24,1.030813053985492
ISRW,20,25,0.40993085761850573
ISRW,20,26,0.1632550035534108
ISRW,20,27,0.504417093254001
ISRW,20,28,0.5629841123159142
ISRW,20,29,1.0
ISRW,20,30,1.0
ISRW,20,31,0.028604364762451318
ISRW,20,32,0.12382948767870831
ISRW,25,0,0.1633504701836336
ISRW,25,1,0.31871131912154993
ISRW,25,2,0.160619789284578
ISRW,25,3,0.3400075970461249
ISRW,25,4,0.10073770061757155
ISRW,25,5,0.15589428909590639
ISRW,25,6,0.016046917359853616
ISRW,25,7,0.25589597064228037
ISRW,25,8,0.07964937436220547
ISRW,25,9,0.22879948037125153
ISRW,25,10,0.04333570105670543
ISRW,25,11,0.30294642739135486
ISRW,25,12,0.9007685764015861
ISRW,25,13,0.10669852856053919
ISRW,25,14,0.42197696060341394
ISRW,25,15,0.8504138618517691
ISRW,25,16,0.6182442263035679
ISRW,25,17,0.38777172759745193
ISRW,25,18,0.4573368131766642
ISRW,25,19,0.029874787878600297
ISRW,25,20,0.005320506117891662
ISRW,25,21,0.36131591450212913
ISRW,25,22,0.5690349178025063
ISRW,25,23,0.3770174332395968
ISRW,25,24,0.0800195727422953
ISRW,25,25,0.500552242563305
ISRW,25,26,0.44613296311631645
ISRW,25,27,0.923449225333771
ISRW,25,28,0.5898856651570825
ISRW,25,29,0.8484022772350046
ISRW,25,30,0.7193913553433948
ISRW,25,31,0.08058995694381595
ISRW,25,32,0.06874990638324298
ISRW,30,0,0.19615510998773983
ISRW,30,1,0.3660261038978193
ISRW,30,2,0.43227502536207646
ISRW,30,3,0.09803967709645536
ISRW,30,4,0.2213616425062262
ISRW,30,5,0.34164592097871244
ISRW,30,6,0.20030129277308847
ISRW,30,7,0.013423011456465574
ISRW,30,8,0.14251720778652735
ISRW,30,9,0.167254105576072
ISRW,30,10,0.22142609916634767
ISRW,30,11,0.4151595530406615
ISRW,30,12,0.34175904266186363
ISRW,30,13,0.1720776124857885
ISRW,30,14,0.16902275522974547
ISRW,30,15,0.78994419062107
ISRW,30,16,0.2988918865140753
ISRW,30,17,0.35000598110426095
ISRW,30,18,0.42363372273073696
ISRW,30,19,0.4160798496816143
ISRW,30,20,0.39344282702941424
ISRW,30,21,0.9340891751165967
ISRW,30,22,0.02915574627875223
ISRW,30,23,0.6007819765160755
ISRW,30,24,0.09951881522896792
ISRW,30,25,0.6753460570814741
ISRW,30,26,0.22476192504304654
ISRW,30,27,0.5306637785332264
ISRW,30,28,0.5532896134930374
ISRW,30,29,0.8136288663645317
ISRW,30,30,0.9559459796145501
ISRW,30,31,0.014336482591720098
ISRW,30,32,0.13937431287997895
ISRW,35,0,0.21129196226727265
ISRW,35,1,0.422168362559062
ISRW,35,2,0.0870528469207035
ISRW,35,3,0.15432438796571937
ISRW,35,4,0.20740075949031483
ISRW,35,5,0.147946130494881
ISRW,35,6,0.15015932825414538
ISRW,35,7,0.344657635622711
ISRW,35,8,0.17813225327597298
ISRW,35,9,0.36446408859582413
ISRW,35,10,0.003246185085637688
ISRW,35,11,0.2718446070767994
ISRW,35,12,0.23818183014257385
ISRW,35,13,0.25390851604047104
ISRW,35,14,0.39985674003728783
ISRW,35,15,0.028868590678475612
ISRW,35,16,0.10113888815445893
ISRW,35,17,0.16599765491116994
ISRW,35,18,0.04519041068799946
ISRW,35,19,0.23840175281376472
ISRW,35,20,0.33766989419228544
ISRW,35,21,0.4653991383104615
ISRW,35,22,0.2936555676336734
ISRW,35,23,0.1429458831916966
ISRW,35,24,0.19075841176689387
ISRW,35,25,0.2322858384925782
ISRW,35,26,0.7358042820922887
ISRW,35,27,0.30863800127208113
ISRW,35,28,0.4871526744390867
ISRW,35,29,0.9468197963004633
ISRW,35,30,0.7315108975505006
ISRW,35,31,0.14013889504944282
ISRW,35,32,0.27958215518047663
ISRW,40,0,0.15797590275756235
ISRW,40,1,0.24114352713885548
ISRW,40,2,0.3868832782572576
ISRW,40,3,0.1589999044495916
ISRW,40,4,0.10083322347422105
ISRW,40,5,0.21841138795406292
ISRW,40,6,0.05292187810506449
ISRW,40,7,0.058917379964628286
ISRW,40,8,0.049764059738400264
ISRW,40,9,0.17516373215336303
ISRW,40,10,0.21974732572894806
ISRW,40,11,0.40012909821329185
ISRW,40,12,0.728074735133928
ISRW,40,13,0.0527413207151497
ISRW,40,14,0.31464293099686097
ISRW,40,15,0.22330305602971984
ISRW,40,16,0.19785752842825932
ISRW,40,17,0.3004342303025606
ISRW,40,18,0.053179589824634124
ISRW,40,19,0.29170462878188275
ISRW,40,20,0.32380430336571653
ISRW,40,21,0.5877822659830962
ISRW,40,22,0.4114790071842799
ISRW,40,23,0.625029402994886
ISRW,40,24,0.38602066386933936
ISRW,40,25,0.6691291142970226
ISRW,40,26,0.22194945928261847
ISRW,40,27,0.3242717516917899
ISRW,40,28,0.3203824438756331
ISRW,40,29,0.8459734639256432
ISRW,40,30,0.4605480071606896
ISRW,40,31,0.035512900339975124
ISRW,40,32,0.23324642303857987
TIES,5,0,0.3306970757509053
TIES,5,1,0.23819284705565133
TIES,5,2,0.37870270436913883
TIES,5,3,0.18345395226479558
TIES,5,4,0.5348050386699857
TIES,5,5,0.4943292292136479
TIES,5,6,0.41373052545061584
TIES,5,7,0.47398202480996904
TIES,5,8,0.02787692984207984
TIES,5,9,0.3952312567772022
TIES,5,10,0.5686987232594541
TIES,5,11,0.19063194623374355
TIES,5,12,0.3967418998093071
TIES,5,13,0.12916678420130742
TIES,5,14,0.22801276052581745
TIES,5,15,0.27097427041939065
TIES,5,16,0.4454679337390243
TIES,5,17,0.476793488378183
TIES,5,18,0.517515663816621
TIES,5,19,0.22786611417800506
TIES,5,20,0.4987812280480664
TIES,5,21,0.19706236557217932
TIES,5,22,0.4986466452392001
TIES,5,23,0.31620655688498306
TIES,5,24,0.5033396551039078
TIES,5,25,0.18886537126776598
TIES,5,26,0.788702062811891
TIES,5,27,1.0
TIES,5,28,0.07134797530378247
TIES,5,29,0.5074534994445775
TIES,5,30,1.0
TIES,5,31,0.3687318901296299
TIES,5,32,0.16224483576826973
TIES,10,0,0.27609173167629103
TIES,10,1,0.32764368582486614
TIES,10,2,0.4602877389805002
TIES,10,3,0.1429311269565608
TIES,10,4,0.3011350400253859
TIES,10,5,0.22814950323017752
TIES,10,6,0.560801747195318
TIES,10,7,0.3486893174705287
TIES,10,8,0.5135922050478036
TIES,10,9,0.2870182486491837
TIES,10,10,0.48829852016543834
TIES,10,11,0.3719319070228869
TIES,10,12,0.567475504317527
TIES,10,13,0.14839024441642537
TIES,10,14,0.30622380087894674
TIES,10,15,0.3288158433789101
TIES,10,16,0.491886035727536
TIES,10,17,0.46442769368381553
TIES,10,18,0.21911156761972342
TIES,10,19,0.04577201334430334
TIES,10,20,0.13045541628298035
TIES,10,21,0.6043620739320902
TIES,10,22,0.354135665080382
TIES,10,23,0.4488759431897359
TIES,10,24,0.1408293548385793
TIES,10,25,0.43117989572885107
TIES,10,26,0.43845599401973745
TIES,10,27,0.3866340622952153
TIES,10,28,0.8566202580906461
TIES,10,29,1.0
TIES,10,30,0.7306091874000397
TIES,10,31,0.564680047686106
TIES,10,32,0.1005235433059484
TIES,15,0,0.3380014578965725
TIES,15,1,0.43215211765450756
TIES,15,2,0.0186233298474183
TIES,15,3,0.1670077228719814
TIES,15,4,0.22821071183835787
TIES,15,5,0.3266880493385723
TIES,15,6,0.21452639240803792
TIES,15,7,0.3141042713818229
TIES,15,8,0.5052605030550459
TIES,15,9,0.18241945503680795
TIES,15,10,0.4576209186326699
TIES,15,11,0.4185589190636522
TIES,15,12,0.24413654136605314
TIES,15,13,0.2706844283030305
TIES,15,14,0.18709788870832947
TIES,15,15,0.4287718732320908
TIES,15,16,0.4345142569508533
TIES,15,17,0.2157129422974596
TIES,15,18,0.2128702487370482
TIES,15,19,0.3645824711183085
TIES,15,20,0.4057661896374773
TIES,15,21,0.4653638756180843
TIES,15,22,0.17087926544938187
TIES,15,23,0.30775058501413655
TIES,15,24,0.14459985677614612
TIES,15,25,0.327622063460464
TIES,15,26,0.13005518541322278
TIES,15,27,0.33281836455432856
TIES,15,28,0.19070640322617138
TIES,15,29,0.2524664552281533
TIES,15,30,0.28897025792855136
TIES,15,31,0.21795623467543096
TIES,15,32,0.3454809467428634
TIES,20,0,0.2949767907228553
TIES,20,1,0.5077949515297366
TIES,20,2,0.4279396933325746
TIES,20,3,0.15306734614410444
TIES,20,4,0.2514354459400126
TIES,20,5,0.31935003388461314
TIES,20,6,0.3204309270613207
TIES,20,7,0.2716684697584916
TIES,20,8,0.5102202074473261
TIES,20,9,0.21646144420818214
TIES,20,10,0.27425500166938177
TIES,20,11,0.40309830865404717
TIES,20,12,0.18528106192242508
TIES,20,13,0.0514017044259575
TIES,20,14,0.5101179338211194
TIES,20,15,0.2673430970571886
TIES,20,16,0.323149512281179
TIES,20,17,0.13053425603177468
TIES,20,18,0.18326035991602338
TIES,20,19,0.41704376532821236
TIES,20,20,0.38745228189500436
TIES,20,21,0.13819743326773545
TIES,20,22,0.6253818238390458
TIES,20,23,0.2921281170396084
TIES,20,24,0.3821152414915201
TIES,20,25,0.1986777434646961
TIES,20,26,0.3590624169285581
TIES,20,27,0.20782804070531227
TIES,20,28,0.21922431614148077
TIES,20,29,0.15523749104100612
TIES,20,30,0.3320102981140037
TIES,20,31,0.2694545380562042
TIES,20,32,0.5055184378605359
TIES,25,0,0.2681290281958742
TIES,25,1,0.32604018338355883
TIES,25,2,0.4995554229317176
TIES,25,3,0.2138357833326747
TIES,25,4,0.2291765962854194
TIES,25,5,0.06705232866696016
TIES,25,6,0.0718681614573675
TIES,25,7,0.3255582295255034
TIES,25,8,0.20535794393871257
TIES,25,9,0.22254146119022955
TIES,25,10,0.26034540246899085
TIES,25,11,0.470354242691511
TIES,25,12,0.1703930404193034
TIES,25,13,0.027154634687428018
TIES,25,14,0.42053356559036975
TIES,25,15,0.13771906411727997
TIES,25,16,0.2929401033704752
TIES,25,17,0.19111379888475177
TIES,25,18,0.27083578713392037
TIES,25,19,0.1992302327061354
TIES,25,20,0.1675109544220867
TIES,25,21,0.3262389858611923
TIES,25,22,0.18395163886737037
TIES,25,23,0.3990901122402323
TIES,25,24,0.06493601689639085
TIES,25,25,0.4261818897933705
TIES,25,26,0.20758883958626984
TIES,25,27,0.3557202522571236
TIES,25,28,0.15324976010427127
TIES,25,29,0.24845584395846543
TIES,25,30,0.6751496964040755
TIES,25,31,0.3150911267527756
TIES,25,32,0.0672397050968634
TIES,30,0,0.25677016367841876
TIES,30,1,0.41035705030798314
TIES,30,2,0.14713932767529203
TIES,30,3,0.19019488227684833
TIES,30,4,0.1967116409026759
TIES,30,5,0.23320761663415834
TIES,30,6,0.42414005453951054
TIES,30,7,0.39595534725992043
TIES,30,8,0.09433849039779693
TIES,30,9,0.21734964621331726
TIES,30,10,0.23556438951266015
TIES,30,11,0.4233364780880986
TIES,30,12,0.36186119393448446
TIES,30,13,0.05846460138262103
TIES,30,14,0.28724630136870505
TIES,30,15,0.165659475780834
TIES,30,16,0.5351045721587455
TIES,30,17,0.22698979425884966
TIES,30,18,0.010367127055953643
TIES,30,19,0.29845710115881185
TIES,30,20,0.2169816542602223
TIES,30,21,0.37878247739117077
TIES,30,22,0.3022638862780764
TIES,30,23,0.3014439613788165
TIES,30,24,0.011059692725396305
TIES,30,25,0.2615875632595093
TIES,30,26,0.27303648235831246
TIES,30,27,0.4137168391703284
TIES,30,28,0.505934432992232
TIES,30,29,0.16797846749612397
TIES,30,30,0.23956373034773573
TIES,30,31,0.09544005508184003
TIES,30,32,0.05506392439491211
TIES,35,0,0.25190583617205986
TIES,35,1,0.11817159965242055
TIES,35,2,0.3382524872237317
TIES,35,3,0.2068313461268015
TIES,35,4,0.1352979342154705
TIES,35,5,0.25200834189530624
TIES,35,6,0.2226250016773405
TIES,35,7,0.2723521478424096
TIES,35,8,0.4612008691460296
TIES,35,9,0.18425624822098421
TIES,35,10,0.29328444788275787
TIES,35,11,0.3569611016167323
TIES,35,12,0.4264983567807248
TIES,35,13,0.03362320960592064
TIES,35,14,0.1790206849677259
TIES,35,15,0.10138149237020311
TIES,35,16,0.4473911071980564
TIES,35,17,0.1513314295697652
TIES,35,18,0.04692545555067324
TIES,35,19,0.21711241739274142
TIES,35,20,0.20700891979616273
TIES,35,21,0.043434769202201226
TIES,35,22,0.28100738145292037
TIES,35,23,0.23247498113047624
TIES,35,24,0.19025649549558588
TIES,35,25,0.3075237157434688
TIES,35,26,0.13351078967251193
TIES,35,27,0.21186921202316455
TIES,35,28,0.2918469339934489
TIES,35,29,0.4386956833365184
TIES,35,30,0.286255833010465
TIES,35,31,0.2062045738081856
TIES,35,32,0.062321321787684
TIES,40,0,0.207464568975242
TIES,40,1,0.29462987958866504
TIES,40,2,0.26399445530488
TIES,40,3,0.18287410797404757
TIES,40,4,0.17563455654242494
TIES,40,5,0.22450903010787798
TIES,40,6,0.30732303066231415
TIES,40,7,0.2393210127640927
TIES,40,8,0.22512451983597404
TIES,40,9,0.22086797173054132
TIES,40,10,0.2099579945426111
TIES,40,11,0.2514761945931813
TIES,40,12,0.38646591969847705
TIES,40,13,0.1492918764162815
TIES,40,14,0.3732772552019082
TIES,40,15,0.33173424901736037
TIES,40,16,0.19966633172166628
TIES,40,17,0.19900244941838854
TIES,40,18,0.13081952433313565
TIES,40,19,0.21458562709327306
TIES,40,20,0.2565188207697513
TIES,40,21,0.6284860852630952
TIES,40,22,0.1393402242229921
TIES,40,23,0.32266289553315397
TIES,40,24,0.19035201258978166
TIES,40,25,0.35368069234869753
TIES,40,26,0.18683165412080743
TIES,40,27,0.23666578314580752
TIES,40,28,0.12860175826128206
TIES,40,29,0.37772414985813707
TIES,40,30,0.12835687890822559
TIES,40,31,0.016447633889219295
TIES,40,32,0.1134155819116479
