ID,Class
8388.0,3
1241.0,3
6799.0,3
8509.0,3
15203.0,3
1239.0,3
3914.0,3
10711.0,3
1.0,3
5006.0,3
10830.0,3
13678.0,3
701.0,3
15270.0,3
16651.0,3
7018.0,3
7292.0,3
20112.0,3
209.0,3
2379.0,3
18497.0,3
16424.0,3
9933.0,3
7474.0,3
11711.0,3
3549.0,3
16538.0,3
8174.0,3
11563.0,3
13457.0,3
13089.0,3
702.0,3
1267.0,3
3269.0,3
8642.0,3
1755.0,3
3257.0,3
6461.0,3
8297.0,3
10957.0,3
13549.0,3
20515.0,3
12883.0,3
9411.0,3
4621.0,3
3836.0,3
16810.0,3
2548.0,3
3769.0,3
8911.0,3
11556.0,3
3561.0,3
13721.0,3
15870.0,3
6165.0,3
11882.0,3
13574.0,3
8820.0,3
2871.0,3
6735.0,3
9057.0,3
12759.0,3
10703.0,3
14589.0,3
17273.0,3
7132.0,3
16170.0,3
8338.0,3
7634.0,3
3758.0,3
4628.0,3
12589.0,3
6790.0,3
12301.0,3
20403.0,3
10799.0,3
11557.0,3
5673.0,3
16726.0,3
2046.0,3
721.0,3
18956.0,3
6993.0,3
9249.0,3
1221.0,3
12000.0,3
10910.0,3
16055.0,3
8422.0,3
7146.0,3
5101.0,3
6104.0,3
8211.0,3
1136.0,3
11182.0,3
6172.0,3
15466.0,3
9116.0,3
7384.0,3
14944.0,3
3304.0,3
286.0,3
3300.0,3
5463.0,3
6696.0,3
8201.0,3
8270.0,3
8296.0,3
8375.0,3
8476.0,3
9166.0,3
12392.0,3
12942.0,3
13646.0,3
15583.0,3
13688.0,3
19463.0,3
3908.0,3
9117.0,3
1680.0,3
3339.0,3
5629.0,3
4513.0,3
8918.0,3
6939.0,3
174.0,3
293.0,3
668.0,3
715.0,3
2685.0,3
2828.0,3
2914.0,3
3557.0,3
4540.0,3
4969.0,3
5089.0,3
3407.0,3
6066.0,3
6079.0,3
6427.0,3
7091.0,3
7911.0,3
9156.0,3
10602.0,3
11423.0,3
11867.0,3
14277.0,3
14478.0,3
16779.0,3
18574.0,3
11246.0,3
10912.0,3
12180.0,3
6641.0,3
11496.0,3
14384.0,3
14412.0,3
16999.0,3
12139.0,3
559.0,3
3303.0,3
4128.0,3
6667.0,3
8235.0,3
8933.0,3
9010.0,3
2027.0,3
8143.0,3
14470.0,3
6259.0,3
11698.0,3
14625.0,3
12252.0,3
6453.0,3
15034.0,3
19199.0,3
13107.0,3
3254.0,3
3261.0,3
18952.0,3
15058.0,3
19380.0,3
10242.0,3
12098.0,3
14088.0,3
5422.0,3
6822.0,3
9121.0,3
15797.0,3
16025.0,3
11704.0,3
3491.0,3
19698.0,3
17108.0,3
13353.0,3
11180.0,3
4230.0,3
9151.0,3
5400.0,3
13679.0,3
8151.0,3
5405.0,3
16990.0,3
15311.0,3
7193.0,3
3783.0,3
18871.0,3
14245.0,3
3967.0,3
14343.0,3
5079.0,3
10913.0,3
11855.0,3
19419.0,3
6347.0,3
17139.0,3
17434.0,3
8382.0,3
2854.0,3
8342.0,3
13155.0,3
9408.0,3
13868.0,3
14599.0,3
13999.0,3
6503.0,3
10530.0,3
18734.0,3
17239.0,3
11012.0,3
17305.0,3
10167.0,3
3786.0,3
10821.0,3
8314.0,3
8764.0,3
18786.0,3
5696.0,3
18996.0,3
8562.0,3
15824.0,3
15890.0,3
3259.0,3
16036.0,3
8077.0,3
13366.0,3
4803.0,3
7473.0,3
15019.0,3
12530.0,3
3216.0,3
3319.0,3
5551.0,3
12809.0,3
15785.0,3
15895.0,3
16002.0,3
16335.0,3
8813.0,3
12421.0,3
14017.0,3
8410.0,3
12408.0,3
3267.0,3
3343.0,3
3351.0,3
5495.0,3
5567.0,3
6857.0,3
8753.0,3
8915.0,3
9111.0,3
9157.0,3
13075.0,3
1747.0,3
7450.0,3
4989.0,3
6395.0,3
15331.0,3
13789.0,3
7833.0,3
7356.0,3
11442.0,3
12213.0,3
13323.0,3
13821.0,3
14488.0,3
14538.0,3
14707.0,3
14983.0,3
15109.0,3
15139.0,3
15349.0,3
16546.0,3
16725.0,3
16947.0,3
17063.0,3
17161.0,3
18442.0,3
19245.0,3
19471.0,3
19787.0,3
20041.0,3
9264.0,3
2505.0,3
1659.0,3
7539.0,3
17502.0,3
6594.0,3
11559.0,3
11229.0,3
7026.0,3
6082.0,3
1273.0,3
12518.0,3
15286.0,3
5397.0,3
3753.0,3
19276.0,3
19475.0,3
10585.0,3
3356.0,3
20686.0,3
12337.0,3
2915.0,3
151.0,3
2516.0,3
4197.0,3
4680.0,3
4682.0,3
4728.0,3
4733.0,3
5727.0,3
7513.0,3
7669.0,3
7670.0,3
9225.0,3
9374.0,3
9593.0,3
9599.0,3
9827.0,3
17504.0,3
7853.0,3
3593.0,3
16103.0,3
1270.0,3
12195.0,3
18436.0,3
9290.0,3
4788.0,3
9622.0,3
2497.0,3
2521.0,3
295.0,3
6350.0,3
9044.0,3
6719.0,3
6730.0,3
16284.0,3
11908.0,3
6784.0,3
10358.0,3
1784.0,3
2033.0,3
3066.0,3
5641.0,3
6067.0,3
6260.0,3
6434.0,3
6493.0,3
7380.0,3
7784.0,3
10836.0,3
11023.0,3
11931.0,3
12168.0,3
14989.0,3
15226.0,3
16498.0,3
16554.0,3
17014.0,3
17019.0,3
19674.0,3
19975.0,3
64555.0,3
15276.0,3
6467.0,3
10331.0,3
2905.0,3
18672.0,3
8225.0,3
1299.0,3
6762.0,3
8496.0,3
16118.0,3
16001.0,3
15218.0,3
10981.0,3
20102.0,3
21518.0,3
14437.0,3
19778.0,3
3831.0,3
8101.0,3
7349.0,3
11404.0,3
13606.0,3
18485.0,3
16427.0,3
10911.0,3
19218.0,3
6971.0,3
4006.0,3
7955.0,3
10614.0,3
13982.0,3
15035.0,3
16910.0,3
14937.0,3
10661.0,3
18487.0,3
13608.0,3
14312.0,3
5650.0,3
17207.0,3
19353.0,3
19436.0,3
15496.0,3
1741.0,3
13760.0,3
11678.0,3
5671.0,3
13525.0,3
16578.0,3
11912.0,3
6922.0,3
15679.0,3
12998.0,3
8788.0,3
4908.0,3
13612.0,3
10566.0,3
376.0,3
13804.0,3
10959.0,3
19513.0,3
14985.0,3
12456.0,3
3320.0,3
17471.0,3
4755.0,3
17495.0,3
20419.0,3
16384.0,3
2457.0,3
2200.0,3
1951.0,3
7772.0,3
3146.0,3
5972.0,3
14966.0,3
6429.0,3
19960.0,3
17398.0,3
15570.0,3
1294.0,3
3152.0,3
12861.0,3
4200.0,3
16094.0,3
3575.0,3
18822.0,3
7993.0,3
9436.0,3
4768.0,3
16550.0,3
7915.0,3
8047.0,3
10609.0,3
15457.0,3
8657.0,3
252.0,3
7170.0,3
3359.0,3
852.0,3
15296.0,3
10979.0,3
14691.0,3
10349.0,3
11537.0,3
9577.0,3
101.0,3
109.0,3
157.0,3
81.0,3
238.0,3
297.0,3
568.0,3
577.0,3
600.0,3
6.0,3
803.0,3
1341.0,3
1668.0,3
1698.0,3
1746.0,3
1757.0,3
1760.0,3
1767.0,3
1785.0,3
1789.0,3
1790.0,3
1791.0,3
1800.0,3
1833.0,3
1928.0,3
2015.0,3
2041.0,3
2050.0,3
2277.0,3
2529.0,3
2551.0,3
2575.0,3
2711.0,3
2752.0,3
2824.0,3
2825.0,3
2856.0,3
2899.0,3
2901.0,3
2911.0,3
2933.0,3
3064.0,3
3292.0,3
3362.0,3
3364.0,3
3366.0,3
3385.0,3
3388.0,3
3404.0,3
3405.0,3
3447.0,3
3450.0,3
3463.0,3
3479.0,3
3494.0,3
3502.0,3
3505.0,3
3554.0,3
3555.0,3
3566.0,3
3571.0,3
3594.0,3
3602.0,3
3608.0,3
3614.0,3
3653.0,3
3714.0,3
3728.0,3
3733.0,3
3742.0,3
3746.0,3
3749.0,3
3764.0,3
3768.0,3
3801.0,3
3815.0,3
3816.0,3
3833.0,3
3850.0,3
3851.0,3
3899.0,3
3900.0,3
3912.0,3
3931.0,3
3955.0,3
3998.0,3
4000.0,3
4005.0,3
4010.0,3
4043.0,3
4134.0,3
4150.0,3
4166.0,3
4184.0,3
4187.0,3
4191.0,3
4203.0,3
4208.0,3
4231.0,3
4243.0,3
4258.0,3
4278.0,3
4293.0,3
4307.0,3
4314.0,3
4323.0,3
4355.0,3
4373.0,3
4456.0,3
4471.0,3
4544.0,3
4565.0,3
4570.0,3
4574.0,3
4581.0,3
4595.0,3
4637.0,3
4725.0,3
4750.0,3
4761.0,3
4766.0,3
4799.0,3
4940.0,3
4979.0,3
4999.0,3
5041.0,3
5048.0,3
5050.0,3
5054.0,3
5056.0,3
5078.0,3
5093.0,3
5097.0,3
5112.0,3
5496.0,3
5511.0,3
5645.0,3
5652.0,3
5661.0,3
5662.0,3
5674.0,3
5675.0,3
5676.0,3
5677.0,3
5678.0,3
5680.0,3
5681.0,3
5689.0,3
5714.0,3
5737.0,3
5738.0,3
5767.0,3
5769.0,3
5778.0,3
5779.0,3
5784.0,3
5786.0,3
6061.0,3
6062.0,3
6070.0,3
6073.0,3
6076.0,3
6109.0,3
6138.0,3
6140.0,3
6163.0,3
6175.0,3
6181.0,3
6195.0,3
6222.0,3
6223.0,3
6224.0,3
6225.0,3
6226.0,3
6227.0,3
6231.0,3
6245.0,3
6255.0,3
6295.0,3
6302.0,3
6309.0,3
6311.0,3
6318.0,3
6321.0,3
6325.0,3
6331.0,3
6334.0,3
6337.0,3
6355.0,3
6357.0,3
6364.0,3
6367.0,3
6372.0,3
6396.0,3
6413.0,3
6423.0,3
6432.0,3
6435.0,3
6440.0,3
6451.0,3
6456.0,3
6459.0,3
6465.0,3
6471.0,3
6479.0,3
6482.0,3
6504.0,3
6507.0,3
6524.0,3
6528.0,3
6533.0,3
6536.0,3
6550.0,3
6553.0,3
6567.0,3
6580.0,3
6598.0,3
6603.0,3
6652.0,3
6653.0,3
6779.0,3
6917.0,3
6918.0,3
6931.0,3
6941.0,3
6943.0,3
6945.0,3
6958.0,3
6981.0,3
6984.0,3
6988.0,3
7013.0,3
7025.0,3
7030.0,3
7035.0,3
7057.0,3
7066.0,3
7070.0,3
7078.0,3
7115.0,3
7124.0,3
7138.0,3
7143.0,3
7151.0,3
7180.0,3
7182.0,3
7194.0,3
7207.0,3
7212.0,3
7222.0,3
7227.0,3
7228.0,3
7235.0,3
7253.0,3
7258.0,3
7265.0,3
7268.0,3
7284.0,3
7288.0,3
7303.0,3
7309.0,3
7321.0,3
7332.0,3
7341.0,3
7350.0,3
7381.0,3
7392.0,3
7393.0,3
7452.0,3
7459.0,3
7462.0,3
7497.0,3
7545.0,3
7643.0,3
7727.0,3
7733.0,3
7743.0,3
7751.0,3
7752.0,3
7759.0,3
7770.0,3
7795.0,3
7810.0,3
7823.0,3
7839.0,3
7843.0,3
7851.0,3
7859.0,3
7866.0,3
7876.0,3
7877.0,3
7912.0,3
7921.0,3
7924.0,3
7926.0,3
7938.0,3
7944.0,3
7949.0,3
7963.0,3
7982.0,3
8002.0,3
8008.0,3
8015.0,3
8021.0,3
8025.0,3
8043.0,3
8048.0,3
8052.0,3
8070.0,3
8073.0,3
8074.0,3
8079.0,3
8085.0,3
8105.0,3
8108.0,3
8109.0,3
8110.0,3
8120.0,3
8133.0,3
8134.0,3
8155.0,3
8161.0,3
8169.0,3
8210.0,3
8938.0,3
9246.0,3
9334.0,3
9548.0,3
10130.0,3
10241.0,3
10246.0,3
10248.0,3
10257.0,3
10292.0,3
10300.0,3
10302.0,3
10311.0,3
10316.0,3
10325.0,3
10333.0,3
10346.0,3
10381.0,3
10383.0,3
10384.0,3
10390.0,3
10396.0,3
10397.0,3
10399.0,3
10405.0,3
10416.0,3
10424.0,3
10430.0,3
10435.0,3
10440.0,3
10444.0,3
10461.0,3
10468.0,3
10473.0,3
10487.0,3
10497.0,3
10504.0,3
10507.0,3
10514.0,3
10534.0,3
10537.0,3
10563.0,3
10577.0,3
10597.0,3
10604.0,3
10608.0,3
10612.0,3
10618.0,3
10635.0,3
10647.0,3
10663.0,3
10665.0,3
10674.0,3
10676.0,3
10679.0,3
10694.0,3
10721.0,3
10724.0,3
10726.0,3
10727.0,3
10735.0,3
10738.0,3
10756.0,3
10763.0,3
10770.0,3
10771.0,3
10772.0,3
10794.0,3
10801.0,3
10804.0,3
10810.0,3
10818.0,3
10825.0,3
10826.0,3
10827.0,3
10828.0,3
10829.0,3
10831.0,3
10832.0,3
10833.0,3
10840.0,3
10848.0,3
10852.0,3
10855.0,3
10859.0,3
10860.0,3
10868.0,3
10882.0,3
10899.0,3
10916.0,3
10920.0,3
10921.0,3
10928.0,3
10933.0,3
10946.0,3
10948.0,3
10949.0,3
10960.0,3
10980.0,3
10991.0,3
10994.0,3
11003.0,3
11010.0,3
11011.0,3
11021.0,3
11033.0,3
11036.0,3
11049.0,3
11061.0,3
11068.0,3
11071.0,3
11091.0,3
11101.0,3
11104.0,3
11107.0,3
11114.0,3
11139.0,3
11151.0,3
11168.0,3
11169.0,3
11171.0,3
11177.0,3
11185.0,3
11198.0,3
11219.0,3
11223.0,3
11225.0,3
11226.0,3
11227.0,3
11234.0,3
11253.0,3
11270.0,3
11272.0,3
11305.0,3
11306.0,3
11316.0,3
11317.0,3
11329.0,3
11331.0,3
11358.0,3
11359.0,3
11381.0,3
11398.0,3
11400.0,3
11403.0,3
11405.0,3
11409.0,3
11412.0,3
11418.0,3
11424.0,3
11430.0,3
11437.0,3
11439.0,3
11449.0,3
11458.0,3
11461.0,3
11483.0,3
11491.0,3
11500.0,3
11508.0,3
11510.0,3
11512.0,3
11521.0,3
11527.0,3
11528.0,3
11530.0,3
11536.0,3
11538.0,3
11539.0,3
11541.0,3
11548.0,3
11550.0,3
11561.0,3
11570.0,3
11575.0,3
11576.0,3
11579.0,3
11587.0,3
11588.0,3
11590.0,3
11593.0,3
11595.0,3
11598.0,3
11600.0,3
11603.0,3
11606.0,3
11610.0,3
11611.0,3
11612.0,3
11615.0,3
11623.0,3
11635.0,3
11643.0,3
11656.0,3
11665.0,3
11692.0,3
11709.0,3
11710.0,3
11716.0,3
11721.0,3
11735.0,3
11737.0,3
11741.0,3
11760.0,3
11761.0,3
11770.0,3
11771.0,3
11774.0,3
11791.0,3
11804.0,3
11816.0,3
11819.0,3
11820.0,3
11822.0,3
11828.0,3
11840.0,3
11848.0,3
11852.0,3
11853.0,3
11854.0,3
11859.0,3
11869.0,3
11870.0,3
11877.0,3
11881.0,3
11883.0,3
11889.0,3
11890.0,3
11897.0,3
11902.0,3
11919.0,3
11935.0,3
11945.0,3
11946.0,3
11948.0,3
11955.0,3
11957.0,3
11961.0,3
11965.0,3
11966.0,3
11984.0,3
11986.0,3
11990.0,3
12014.0,3
12015.0,3
12016.0,3
12017.0,3
12031.0,3
12033.0,3
12044.0,3
12049.0,3
12057.0,3
12070.0,3
12076.0,3
12077.0,3
12087.0,3
12097.0,3
12101.0,3
12103.0,3
12112.0,3
12114.0,3
12115.0,3
12131.0,3
12133.0,3
12141.0,3
12156.0,3
12158.0,3
12159.0,3
12171.0,3
12175.0,3
12178.0,3
12179.0,3
12181.0,3
12182.0,3
12197.0,3
12198.0,3
12201.0,3
12202.0,3
12205.0,3
12208.0,3
12227.0,3
12259.0,3
12273.0,3
12278.0,3
12279.0,3
12282.0,3
12283.0,3
12885.0,3
12888.0,3
13328.0,3
13329.0,3
13337.0,3
13341.0,3
13342.0,3
13344.0,3
13350.0,3
13363.0,3
13371.0,3
13379.0,3
13384.0,3
13388.0,3
13399.0,3
13403.0,3
13404.0,3
13405.0,3
13408.0,3
13409.0,3
13416.0,3
13419.0,3
13431.0,3
13439.0,3
13442.0,3
13445.0,3
13454.0,3
13464.0,3
13472.0,3
13488.0,3
13490.0,3
13492.0,3
13496.0,3
13516.0,3
13527.0,3
13534.0,3
13545.0,3
13554.0,3
13563.0,3
13567.0,3
13576.0,3
13578.0,3
13583.0,3
13586.0,3
13591.0,3
13592.0,3
13597.0,3
13601.0,3
13602.0,3
13607.0,3
13609.0,3
13613.0,3
13614.0,3
13622.0,3
13635.0,3
13638.0,3
13676.0,3
13704.0,3
13717.0,3
13718.0,3
13719.0,3
13726.0,3
13734.0,3
13736.0,3
13739.0,3
13745.0,3
13750.0,3
13754.0,3
13756.0,3
13765.0,3
13768.0,3
13772.0,3
13776.0,3
13782.0,3
13790.0,3
13791.0,3
13792.0,3
13793.0,3
13805.0,3
13815.0,3
13824.0,3
13829.0,3
13831.0,3
13837.0,3
13840.0,3
13842.0,3
13843.0,3
13846.0,3
13855.0,3
13866.0,3
13871.0,3
13880.0,3
13882.0,3
13885.0,3
13887.0,3
13889.0,3
13894.0,3
13899.0,3
13904.0,3
13915.0,3
13930.0,3
13941.0,3
13943.0,3
13950.0,3
13975.0,3
13984.0,3
13986.0,3
13996.0,3
14021.0,3
14025.0,3
14027.0,3
14033.0,3
14037.0,3
14040.0,3
14042.0,3
14044.0,3
14046.0,3
14051.0,3
14073.0,3
14080.0,3
14090.0,3
14103.0,3
14107.0,3
14130.0,3
14134.0,3
14135.0,3
14145.0,3
14155.0,3
14174.0,3
14180.0,3
14181.0,3
14182.0,3
14185.0,3
14188.0,3
14192.0,3
14221.0,3
14225.0,3
14244.0,3
14255.0,3
14257.0,3
14258.0,3
14283.0,3
14288.0,3
14289.0,3
14296.0,3
14298.0,3
14299.0,3
14300.0,3
14301.0,3
14302.0,3
14303.0,3
14304.0,3
14305.0,3
14307.0,3
14309.0,3
14321.0,3
14329.0,3
14330.0,3
14335.0,3
14342.0,3
14347.0,3
14350.0,3
14352.0,3
14361.0,3
14362.0,3
14363.0,3
14403.0,3
14417.0,3
14419.0,3
14423.0,3
14428.0,3
14442.0,3
14447.0,3
14452.0,3
14461.0,3
14466.0,3
14471.0,3
14482.0,3
14499.0,3
14501.0,3
14505.0,3
14509.0,3
14510.0,3
14512.0,3
14513.0,3
14530.0,3
14532.0,3
14543.0,3
14545.0,3
14554.0,3
14557.0,3
14558.0,3
14564.0,3
14578.0,3
14586.0,3
14594.0,3
14598.0,3
14600.0,3
14604.0,3
14619.0,3
14626.0,3
14634.0,3
14636.0,3
14645.0,3
14646.0,3
14649.0,3
14655.0,3
14657.0,3
14667.0,3
14671.0,3
14682.0,3
14685.0,3
14694.0,3
14695.0,3
14699.0,3
14703.0,3
14704.0,3
14713.0,3
14716.0,3
14742.0,3
14743.0,3
14744.0,3
14745.0,3
14748.0,3
14750.0,3
14758.0,3
14765.0,3
14770.0,3
14793.0,3
14801.0,3
14811.0,3
14819.0,3
14821.0,3
14828.0,3
14839.0,3
14847.0,3
14860.0,3
14864.0,3
14882.0,3
14887.0,3
14903.0,3
14915.0,3
14935.0,3
14941.0,3
14948.0,3
14955.0,3
14962.0,3
14986.0,3
14999.0,3
15002.0,3
15011.0,3
15014.0,3
15018.0,3
15021.0,3
15023.0,3
15059.0,3
15062.0,3
15069.0,3
15081.0,3
15094.0,3
15098.0,3
15100.0,3
15101.0,3
15117.0,3
15129.0,3
15134.0,3
15137.0,3
15141.0,3
15148.0,3
15149.0,3
15163.0,3
15166.0,3
15172.0,3
15175.0,3
15184.0,3
15207.0,3
15215.0,3
15221.0,3
15225.0,3
15227.0,3
15233.0,3
15234.0,3
15248.0,3
15251.0,3
15267.0,3
15277.0,3
15280.0,3
15288.0,3
15289.0,3
15290.0,3
15309.0,3
15312.0,3
15320.0,3
15333.0,3
15335.0,3
15339.0,3
15342.0,3
15345.0,3
16385.0,3
16387.0,3
16389.0,3
16402.0,3
16421.0,3
16465.0,3
16474.0,3
16482.0,3
16488.0,3
16496.0,3
16511.0,3
16516.0,3
16517.0,3
16530.0,3
16534.0,3
16556.0,3
16564.0,3
16590.0,3
16597.0,3
16598.0,3
16604.0,3
16608.0,3
16612.0,3
16617.0,3
16621.0,3
16628.0,3
16631.0,3
16635.0,3
16645.0,3
16646.0,3
16664.0,3
16683.0,3
16698.0,3
16721.0,3
16727.0,3
16747.0,3
16756.0,3
16787.0,3
16788.0,3
16794.0,3
16799.0,3
16835.0,3
16836.0,3
16848.0,3
16852.0,3
16860.0,3
16886.0,3
16908.0,3
16916.0,3
16918.0,3
16922.0,3
16929.0,3
16931.0,3
16937.0,3
16940.0,3
16948.0,3
16968.0,3
16971.0,3
16997.0,3
16998.0,3
17033.0,3
17039.0,3
17041.0,3
17046.0,3
17049.0,3
17065.0,3
17075.0,3
17094.0,3
17096.0,3
17100.0,3
17105.0,3
17115.0,3
17129.0,3
17145.0,3
17150.0,3
17159.0,3
17171.0,3
17212.0,3
17240.0,3
17244.0,3
17263.0,3
17264.0,3
17285.0,3
17306.0,3
17310.0,3
17317.0,3
17340.0,3
17341.0,3
17354.0,3
17363.0,3
17366.0,3
17379.0,3
17732.0,3
18447.0,3
18476.0,3
18480.0,3
18500.0,3
18504.0,3
18506.0,3
18511.0,3
18517.0,3
18529.0,3
18533.0,3
18539.0,3
18570.0,3
18588.0,3
18593.0,3
18603.0,3
18608.0,3
18610.0,3
18614.0,3
18618.0,3
18632.0,3
18634.0,3
18641.0,3
18663.0,3
18679.0,3
18682.0,3
18685.0,3
18694.0,3
18696.0,3
18724.0,3
18726.0,3
18744.0,3
18755.0,3
18772.0,3
18785.0,3
18805.0,3
18814.0,3
18824.0,3
18827.0,3
18830.0,3
18831.0,3
18854.0,3
18879.0,3
18893.0,3
18900.0,3
18901.0,3
18902.0,3
18908.0,3
18911.0,3
18929.0,3
18939.0,3
18943.0,3
18961.0,3
18969.0,3
18977.0,3
18984.0,3
18987.0,3
19006.0,3
19014.0,3
19023.0,3
19024.0,3
19043.0,3
19055.0,3
19061.0,3
19079.0,3
19081.0,3
19087.0,3
19095.0,3
19096.0,3
19097.0,3
19105.0,3
19112.0,3
19113.0,3
19122.0,3
19124.0,3
19125.0,3
19126.0,3
19130.0,3
19131.0,3
19139.0,3
19142.0,3
19148.0,3
19165.0,3
19166.0,3
19172.0,3
19176.0,3
19194.0,3
19195.0,3
19201.0,3
19221.0,3
19235.0,3
19237.0,3
19248.0,3
19249.0,3
19254.0,3
19265.0,3
19277.0,3
19286.0,3
19289.0,3
19301.0,3
19306.0,3
19311.0,3
19318.0,3
19331.0,3
19334.0,3
19336.0,3
19341.0,3
19349.0,3
19362.0,3
19364.0,3
19386.0,3
19389.0,3
19390.0,3
19396.0,3
19398.0,3
19408.0,3
19409.0,3
19414.0,3
19437.0,3
19469.0,3
19473.0,3
19481.0,3
19499.0,3
19501.0,3
19502.0,3
19514.0,3
19528.0,3
19530.0,3
19538.0,3
19554.0,3
19555.0,3
19556.0,3
19559.0,3
19560.0,3
19567.0,3
19570.0,3
19573.0,3
19575.0,3
19593.0,3
19606.0,3
19615.0,3
19624.0,3
19625.0,3
19627.0,3
19643.0,3
19725.0,3
19748.0,3
19753.0,3
19755.0,3
19757.0,3
19761.0,3
19770.0,3
19772.0,3
19779.0,3
19789.0,3
19794.0,3
19813.0,3
19821.0,3
19833.0,3
19837.0,3
19846.0,3
19850.0,3
19864.0,3
19868.0,3
19870.0,3
19879.0,3
19887.0,3
19893.0,3
19894.0,3
19905.0,3
19911.0,3
19921.0,3
19951.0,3
19984.0,3
19985.0,3
19997.0,3
20000.0,3
20016.0,3
20062.0,3
20065.0,3
20071.0,3
20081.0,3
20082.0,3
20092.0,3
20101.0,3
20111.0,3
20113.0,3
20119.0,3
20123.0,3
20151.0,3
20153.0,3
20160.0,3
20175.0,3
20176.0,3
20177.0,3
20205.0,3
20208.0,3
20211.0,3
20223.0,3
20234.0,3
20259.0,3
20282.0,3
20293.0,3
20320.0,3
20349.0,3
20350.0,3
20356.0,3
20357.0,3
20383.0,3
20392.0,3
20396.0,3
20397.0,3
20402.0,3
20432.0,3
20436.0,3
20437.0,3
20443.0,3
20447.0,3
20454.0,3
21504.0,3
21531.0,3
21535.0,3
102.0,3
122.0,3
210.0,3
243.0,3
1238.0,3
19724.0,3
12223.0,3
4039.0,3
14929.0,3
19343.0,3
19210.0,3
3464.0,3
6388.0,3
8063.0,3
10364.0,3
10490.0,3
18870.0,3
8175.0,3
7472.0,3
7610.0,3
15617.0,3
18970.0,3
6128.0,3
15376.0,3
13761.0,3
11415.0,3
11752.0,3
12280.0,3
16491.0,3
11969.0,3
19961.0,3
5432.0,3
6774.0,3
12304.0,3
8756.0,3
13126.0,3
16190.0,3
13462.0,3
15030.0,3
14818.0,3
9053.0,3
8196.0,3
8379.0,3
10409.0,3
13956.0,3
19009.0,3
11083.0,3
14875.0,3
3615.0,3
2110.0,3
5466.0,3
14631.0,3
3857.0,3
1254.0,3
3252.0,3
8340.0,3
13228.0,3
20564.0,3
10686.0,3
5704.0,3
7098.0,3
9621.0,3
7679.0,3
9838.0,3
7586.0,3
12850.0,3
11798.0,3
6200.0,3
7386.0,3
15118.0,3
15337.0,3
17196.0,3
18555.0,3
5656.0,3
10521.0,3
9050.0,3
12874.0,3
12428.0,3
12465.0,3
12505.0,3
15529.0,3
8855.0,3
3313.0,3
5602.0,3
7176.0,3
12498.0,3
12650.0,3
12835.0,3
12913.0,3
12922.0,3
12954.0,3
12974.0,3
13018.0,3
13047.0,3
13060.0,3
13098.0,3
13175.0,3
13180.0,3
15481.0,3
15483.0,3
15515.0,3
15660.0,3
15715.0,3
15795.0,3
15981.0,3
16004.0,3
16161.0,3
16177.0,3
16219.0,3
18446.0,3
14475.0,3
13482.0,3
1959.0,3
724.0,3
1913.0,3
16193.0,3
8672.0,3
13322.0,3
10790.0,3
9602.0,3
4713.0,3
4716.0,3
7062.0,3
15988.0,3
3328.0,3
5459.0,3
17394.0,3
19250.0,3
4663.0,3
9457.0,3
9777.0,3
10060.0,3
11044.0,3
7783.0,3
6555.0,3
12149.0,3
13981.0,3
19363.0,3
6114.0,3
13649.0,3
18928.0,3
4434.0,3
4787.0,3
5639.0,3
5710.0,3
6127.0,3
6487.0,3
7584.0,3
7590.0,3
7632.0,3
8301.0,3
8452.0,3
9051.0,3
9326.0,3
9340.0,3
9398.0,3
9549.0,3
9834.0,3
9905.0,3
10586.0,3
11531.0,3
12143.0,3
12687.0,3
13032.0,3
13224.0,3
13595.0,3
13856.0,3
14202.0,3
15159.0,3
15772.0,3
15834.0,3
16031.0,3
16329.0,3
16592.0,3
17069.0,3
17079.0,3
17400.0,3
17433.0,3
17671.0,3
18895.0,3
19114.0,3
20312.0,3
5593.0,3
7699.0,3
9558.0,3
10269.0,3
10353.0,3
16660.0,3
11214.0,3
17500.0,3
4635.0,3
16028.0,3
7346.0,3
9931.0,3
4651.0,3
17185.0,3
14310.0,3
10588.0,3
11856.0,3
6752.0,3
3352.0,3
7884.0,3
14117.0,3
7004.0,3
14175.0,3
10179.0,3
9277.0,3
6728.0,3
3333.0,3
5378.0,3
5409.0,3
8622.0,3
8647.0,3
9191.0,3
12775.0,3
15562.0,3
11944.0,3
20343.0,3
8952.0,3
2418.0,3
3745.0,3
3209.0,3
9138.0,3
5975.0,3
10210.0,3
4058.0,3
9513.0,3
12860.0,3
15329.0,3
7441.0,3
19670.0,3
7869.0,3
15206.0,3
15087.0,3
20319.0,3
11693.0,3
2568.0,3
4374.0,3
11466.0,3
11777.0,3
12230.0,3
13386.0,3
17569.0,3
3976.0,3
11378.0,3
14323.0,3
13674.0,3
14271.0,3
17172.0,3
6582.0,3
17081.0,3
3895.0,3
16857.0,3
14430.0,3
19075.0,3
6327.0,3
10954.0,3
9085.0,3
5617.0,3
20486.0,3
15767.0,3
9119.0,3
17382.0,3
175.0,3
1556.0,3
14870.0,3
12691.0,3
6886.0,3
14659.0,3
9860.0,3
10077.0,3
14479.0,3
15703.0,3
8983.0,3
10377.0,3
14506.0,3
8685.0,3
9000.0,3
13145.0,3
7047.0,3
19138.0,3
16361.0,3
11042.0,3
9425.0,3
4743.0,3
700.0,3
15779.0,3
6805.0,3
11979.0,3
16016.0,3
12778.0,3
10192.0,3
20047.0,3
6261.0,3
10357.0,3
10545.0,3
11279.0,3
11975.0,3
13546.0,3
13783.0,3
16643.0,3
19464.0,3
19923.0,3
225.0,3
1201.0,3
1312.0,3
3553.0,3
14115.0,3
3741.0,3
5713.0,3
17020.0,3
10843.0,3
10935.0,3
11288.0,3
19157.0,3
16982.0,3
14909.0,3
19740.0,3
14504.0,3
15314.0,3
18721.0,3
5538.0,3
2588.0,3
8611.0,3
5408.0,3
3738.0,3
12956.0,3
6065.0,3
6147.0,3
6813.0,3
10429.0,3
10834.0,3
12797.0,3
7315.0,3
12930.0,3
10080.0,3
3718.0,3
9694.0,3
6966.0,3
6433.0,3
5651.0,3
8349.0,3
13249.0,3
13951.0,3
16087.0,3
12491.0,3
8641.0,3
6731.0,3
18993.0,3
7232.0,3
13526.0,3
17388.0,3
18732.0,3
18754.0,3
14719.0,3
14815.0,3
8942.0,3
9105.0,3
8372.0,3
8553.0,3
8575.0,3
12519.0,3
12707.0,3
8932.0,3
16065.0,3
5498.0,3
6697.0,3
16811.0,3
19890.0,3
17160.0,3
1740.0,3
15588.0,3
9471.0,3
10265.0,3
7959.0,3
15180.0,3
6505.0,3
10417.0,3
13878.0,3
16712.0,3
16735.0,3
18547.0,3
9460.0,3
17409.0,3
14668.0,3
2019.0,3
9474.0,3
17550.0,3
15874.0,3
12394.0,3
6341.0,3
19766.0,3
16378.0,3
13063.0,3
5556.0,3
11572.0,3
2500.0,3
2513.0,3
2518.0,3
2526.0,3
2527.0,3
2687.0,3
2907.0,3
4459.0,3
4673.0,3
4675.0,3
4678.0,3
4686.0,3
4689.0,3
4693.0,3
4694.0,3
4702.0,3
4703.0,3
4704.0,3
4715.0,3
4732.0,3
4758.0,3
4777.0,3
4795.0,3
6894.0,3
7306.0,3
7479.0,3
7500.0,3
7501.0,3
7514.0,3
7522.0,3
7524.0,3
7527.0,3
7529.0,3
7667.0,3
7676.0,3
7677.0,3
7678.0,3
7682.0,3
7687.0,3
8069.0,3
8920.0,3
9369.0,3
9497.0,3
9596.0,3
9597.0,3
9600.0,3
9605.0,3
9609.0,3
9824.0,3
10021.0,3
10362.0,3
17444.0,3
2510.0,3
8634.0,3
16301.0,3
7312.0,3
10708.0,3
19993.0,3
11995.0,3
14262.0,3
12334.0,3
8903.0,3
8203.0,3
8551.0,3
8584.0,3
5585.0,3
11747.0,3
15898.0,3
3253.0,3
9109.0,3
15381.0,3
15394.0,3
12866.0,3
4774.0,3
9232.0,3
9658.0,3
14916.0,3
8559.0,3
8437.0,3
20494.0,3
18951.0,3
3956.0,3
8522.0,3
8046.0,3
10347.0,3
3789.0,3
13265.0,3
5423.0,3
17062.0,3
11522.0,3
2767.0,3
12806.0,3
1899.0,3
16531.0,3
7910.0,3
7984.0,3
17269.0,3
7826.0,3
10261.0,3
10482.0,3
13937.0,3
14562.0,3
18988.0,3
19016.0,3
19875.0,3
2122.0,3
8563.0,3
8773.0,3
10053.0,3
9316.0,3
13340.0,3
10245.0,3
15697.0,3
9910.0,3
7968.0,3
16920.0,3
8447.0,3
15710.0,3
11292.0,3
8549.0,3
517.0,3
19803.0,3
13036.0,3
6721.0,3
12767.0,3
12946.0,3
12445.0,3
16257.0,3
19048.0,3
13381.0,3
19583.0,3
11172.0,3
3968.0,3
3810.0,3
6342.0,3
8007.0,3
1831.0,3
7080.0,3
10479.0,3
10560.0,3
11677.0,3
11888.0,3
12146.0,3
14249.0,3
15107.0,3
16960.0,3
19038.0,3
19259.0,3
19278.0,3
20032.0,3
7325.0,3
10847.0,3
5457.0,3
137.0,3
12242.0,3
10494.0,3
16250.0,3
16337.0,3
681.0,3
4648.0,3
12955.0,3
5606.0,3
6746.0,3
6845.0,3
17645.0,3
703.0,3
9874.0,3
11683.0,3
10578.0,3
3.0,3
111.0,3
557.0,3
1742.0,3
4530.0,3
10755.0,3
11745.0,3
13326.0,3
13796.0,3
14325.0,3
29.0,3
9862.0,3
13157.0,3
9126.0,3
16774.0,3
17501.0,3
7203.0,3
11682.0,3
19696.0,3
13152.0,3
5430.0,3
19612.0,3
4967.0,3
17017.0,3
10620.0,3
13876.0,3
9744.0,3
2764.0,3
7604.0,3
7605.0,3
9294.0,3
9663.0,3
9664.0,3
9792.0,3
9885.0,3
10084.0,3
14172.0,3
11346.0,3
8208.0,3
8767.0,3
17458.0,3
14390.0,3
3368.0,3
11100.0,3
13663.0,3
15268.0,3
19578.0,3
680.0,3
1275.0,3
1754.0,3
6733.0,3
8303.0,3
12329.0,3
13167.0,3
288.0,3
10003.0,3
7518.0,3
17617.0,3
4657.0,3
9741.0,3
9835.0,3
10086.0,3
2386.0,3
20133.0,3
19027.0,3
10631.0,3
17283.0,3
16497.0,3
14472.0,3
816.0,3
11647.0,3
19405.0,3
19619.0,3
15274.0,3
11842.0,3
14274.0,3
1889.0,3
2647.0,3
3239.0,3
5401.0,3
5413.0,3
5464.0,3
5517.0,3
5521.0,3
6900.0,3
8222.0,3
8309.0,3
8344.0,3
8391.0,3
8397.0,3
8481.0,3
8735.0,3
8843.0,3
8859.0,3
9072.0,3
9132.0,3
10627.0,3
12299.0,3
12312.0,3
12313.0,3
12316.0,3
12348.0,3
12420.0,3
12541.0,3
12544.0,3
12571.0,3
12579.0,3
12611.0,3
12638.0,3
12693.0,3
12722.0,3
12796.0,3
12886.0,3
12919.0,3
13115.0,3
13125.0,3
13140.0,3
13246.0,3
13259.0,3
15446.0,3
15465.0,3
15477.0,3
15580.0,3
15594.0,3
15600.0,3
15709.0,3
15725.0,3
15726.0,3
15747.0,3
15960.0,3
16060.0,3
16097.0,3
16316.0,3
8009.0,3
15604.0,3
6844.0,3
8212.0,3
17176.0,3
8001.0,3
5533.0,3
5669.0,3
13200.0,3
20057.0,3
9459.0,3
7671.0,3
2514.0,3
10168.0,3
7929.0,3
8278.0,3
8396.0,3
9128.0,3
12713.0,3
13153.0,3
15414.0,3
15430.0,3
15473.0,3
15536.0,3
15764.0,3
16096.0,3
16234.0,3
3260.0,3
11103.0,3
17118.0,3
11605.0,3
3954.0,3
6957.0,3
16246.0,3
5407.0,3
64619.0,3
9025.0,3
15794.0,3
8472.0,3
10116.0,3
4645.0,3
9304.0,3
1902.0,3
9584.0,3
9244.0,3
9793.0,3
9939.0,3
10026.0,3
10099.0,3
17541.0,3
4810.0,3
4849.0,3
1260.0,3
9554.0,3
4747.0,3
12745.0,3
9041.0,3
2686.0,3
9012.0,3
12605.0,3
1901.0,3
20045.0,3
16006.0,3
5607.0,3
9292.0,3
5574.0,3
1759.0,3
3220.0,3
12738.0,3
1224.0,3
38.0,3
7656.0,3
7533.0,3
9776.0,3
17547.0,3
9740.0,3
6882.0,3
8581.0,3
19610.0,3
17342.0,3
11024.0,3
11526.0,3
8324.0,3
5568.0,3
11192.0,3
12645.0,3
12670.0,3
3248.0,3
20684.0,3
12705.0,3
8955.0,3
8687.0,3
13803.0,3
15358.0,3
10160.0,3
12039.0,3
5391.0,3
5483.0,3
5595.0,3
6821.0,3
6878.0,3
8412.0,3
8578.0,3
8593.0,3
8638.0,3
8827.0,3
8866.0,3
8879.0,3
9059.0,3
9099.0,3
9115.0,3
9175.0,3
9188.0,3
9197.0,3
12291.0,3
12431.0,3
12510.0,3
12553.0,3
12558.0,3
12625.0,3
12658.0,3
12665.0,3
12915.0,3
12941.0,3
13054.0,3
13091.0,3
13130.0,3
13282.0,3
13530.0,3
15368.0,3
15372.0,3
15387.0,3
15434.0,3
15451.0,3
15456.0,3
15514.0,3
15540.0,3
15590.0,3
15790.0,3
15854.0,3
15982.0,3
14606.0,3
17562.0,3
5666.0,3
14373.0,3
8749.0,3
7713.0,3
4796.0,3
9657.0,3
14791.0,3
14064.0,3
3703.0,3
11479.0,3
12350.0,3
16357.0,3
16828.0,3
7444.0,3
792.0,3
6083.0,3
6089.0,3
7020.0,3
7154.0,3
7460.0,3
8094.0,3
10922.0,3
11157.0,3
11744.0,3
11845.0,3
12258.0,3
14516.0,3
16416.0,3
17312.0,3
19711.0,3
19832.0,3
2018.0,3
10881.0,3
8167.0,3
11751.0,3
19723.0,3
5109.0,3
14824.0,3
13187.0,3
11742.0,3
3493.0,3
8091.0,3
7326.0,3
1324.0,3
12824.0,3
8246.0,3
13502.0,3
19041.0,3
7523.0,3
7674.0,3
9994.0,3
10743.0,3
17508.0,3
12577.0,3
14100.0,3
13577.0,3
12780.0,3
18701.0,3
20524.0,3
3233.0,3
8708.0,3
239.0,3
549.0,3
3386.0,3
8146.0,3
15353.0,3
16989.0,3
11282.0,3
7794.0,3
18621.0,3
7368.0,3
15383.0,3
2611.0,3
12618.0,3
8326.0,3
9386.0,3
17498.0,3
5465.0,3
16185.0,3
19668.0,3
14995.0,3
6356.0,3
4941.0,3
15213.0,3
13851.0,3
7168.0,3
7790.0,3
12020.0,3
15765.0,3
11188.0,3
12822.0,3
6705.0,3
12306.0,3
19934.0,3
14063.0,3
15064.0,3
7908.0,3
7137.0,3
4983.0,3
7690.0,3
9354.0,3
9356.0,3
9357.0,3
9368.0,3
9380.0,3
9601.0,3
10000.0,3
10001.0,3
10002.0,3
10004.0,3
10011.0,3
10019.0,3
17514.0,3
17527.0,3
4719.0,3
19004.0,3
4631.0,3
6686.0,3
7620.0,3
9468.0,3
9742.0,3
9938.0,3
17565.0,3
4142.0,3
16297.0,3
12761.0,3
15316.0,3
3776.0,3
9317.0,3
7563.0,3
7623.0,3
12450.0,3
12512.0,3
19931.0,3
8851.0,3
12798.0,3
16070.0,3
12369.0,3
9991.0,3
4695.0,3
14144.0,3
9778.0,3
5522.0,3
12539.0,3
12562.0,3
15440.0,3
2847.0,3
6769.0,3
8486.0,3
12792.0,3
6846.0,3
6639.0,3
15939.0,3
10273.0,3
6380.0,3
8501.0,3
1887.0,3
8267.0,3
8286.0,3
8508.0,3
8664.0,3
8865.0,3
8890.0,3
8970.0,3
9112.0,3
12324.0,3
12423.0,3
5550.0,3
8256.0,3
9450.0,3
7649.0,3
7297.0,3
11696.0,3
6995.0,3
13006.0,3
19655.0,3
10517.0,3
20132.0,3
13327.0,3
4449.0,3
11544.0,3
6703.0,3
9213.0,3
12959.0,3
13106.0,3
15530.0,3
15586.0,3
8944.0,3
14484.0,3
3681.0,3
4511.0,3
6198.0,3
12013.0,3
16561.0,3
6867.0,3
11773.0,3
10812.0,3
6249.0,3
3803.0,3
2895.0,3
2578.0,3
5558.0,3
12427.0,3
2587.0,3
10458.0,3
12580.0,3
18516.0,3
9831.0,3
9915.0,3
10135.0,3
11486.0,3
17408.0,3
17420.0,3
15444.0,3
8406.0,3
9908.0,3
9381.0,3
2170.0,3
2823.0,3
3462.0,3
3607.0,3
4608.0,3
4736.0,3
4739.0,3
4740.0,3
4744.0,3
4752.0,3
4763.0,3
4786.0,3
6992.0,3
7175.0,3
7486.0,3
7496.0,3
7543.0,3
7556.0,3
7566.0,3
7567.0,3
7718.0,3
9262.0,3
9288.0,3
9300.0,3
9313.0,3
9328.0,3
9412.0,3
9426.0,3
9443.0,3
9451.0,3
9463.0,3
9505.0,3
9509.0,3
9547.0,3
9555.0,3
9567.0,3
9624.0,3
9652.0,3
9667.0,3
9717.0,3
9734.0,3
9746.0,3
9748.0,3
9797.0,3
9901.0,3
9913.0,3
9942.0,3
9983.0,3
10115.0,3
10123.0,3
10129.0,3
10134.0,3
10145.0,3
10221.0,3
10235.0,3
17459.0,3
17484.0,3
17499.0,3
17631.0,3
17654.0,3
17662.0,3
17720.0,3
17722.0,3
13864.0,3
1670.0,3
1673.0,3
8252.0,3
4775.0,3
1916.0,3
2715.0,3
2716.0,3
10715.0,3
10875.0,3
11097.0,3
13522.0,3
19200.0,3
11102.0,3
10733.0,3
10897.0,3
11242.0,3
11338.0,3
11432.0,3
11497.0,3
11802.0,3
11993.0,3
13357.0,3
14087.0,3
14282.0,3
10334.0,3
11911.0,3
13000.0,3
13186.0,3
16091.0,3
20471.0,3
7939.0,3
6283.0,3
20327.0,3
4264.0,3
11499.0,3
6250.0,3
14306.0,3
20033.0,3
6684.0,3
12897.0,3
13973.0,3
4557.0,3
8.0,3
302.0,3
3634.0,3
7276.0,3
13348.0,3
3794.0,3
12419.0,3
8560.0,3
12843.0,3
13830.0,3
705.0,3
815.0,3
14551.0,3
1547.0,3
8923.0,3
8926.0,3
13103.0,3
2874.0,3
10894.0,3
64622.0,3
17010.0,3
12736.0,3
5486.0,3
11420.0,3
7966.0,3
2818.0,3
1569.0,3
11670.0,3
5647.0,3
4201.0,3
3701.0,3
19640.0,3
16136.0,3
7961.0,3
3720.0,3
12692.0,3
3301.0,3
8743.0,3
13001.0,3
17561.0,3
9906.0,3
7530.0,3
9619.0,3
5622.0,3
17169.0,3
11231.0,3
13475.0,3
4358.0,3
18545.0,3
11652.0,3
19644.0,3
10305.0,3
13555.0,3
14823.0,3
18945.0,3
131.0,3
11422.0,3
18581.0,3
11127.0,3
15607.0,3
4279.0,3
6739.0,3
12457.0,3
16206.0,3
14825.0,3
19535.0,3
19549.0,3
11459.0,3
8815.0,3
12652.0,3
12710.0,3
12721.0,3
13158.0,3
13284.0,3
16210.0,3
11298.0,3
48.0,3
89.0,3
303.0,3
22.0,3
132.0,3
13.0,3
1103.0,3
1455.0,3
1464.0,3
1472.0,3
1485.0,3
1503.0,3
1527.0,3
1842.0,3
555.0,3
37.0,3
84.0,3
5058.0,3
5264.0,3
10764.0,3
83.0,3
149.0,3
257.0,3
298.0,3
374.0,3
523.0,3
592.0,3
1242.0,3
1453.0,3
1456.0,3
1655.0,3
3381.0,3
5856.0,3
5957.0,3
9310.0,3
12979.0,3
12879.0,3
2839.0,3
1653.0,3
8973.0,3
8681.0,3
13173.0,3
15768.0,3
4700.0,3
3235.0,3
9016.0,3
6722.0,3
16113.0,3
12606.0,3
19661.0,3
12006.0,3
2055.0,3
7893.0,3
13504.0,3
14431.0,3
15798.0,3
10034.0,3
8617.0,3
15628.0,3
15945.0,3
19324.0,3
10886.0,3
1298.0,3
14292.0,3
1761.0,3
10421.0,3
10483.0,3
15269.0,3
14771.0,3
13994.0,3
8335.0,3
8363.0,3
8390.0,3
9102.0,3
12564.0,3
12908.0,3
13263.0,3
8900.0,3
17445.0,3
6496.0,3
6214.0,3
15208.0,3
7418.0,3
11841.0,3
18586.0,3
7652.0,3
15965.0,3
3840.0,3
4807.0,3
9941.0,3
10131.0,3
4433.0,3
16682.0,3
8428.0,3
8517.0,3
9095.0,3
12296.0,3
12777.0,3
12891.0,3
12987.0,3
13028.0,3
15792.0,3
15924.0,3
2592.0,3
8466.0,3
8505.0,3
8707.0,3
6307.0,3
7208.0,3
1280.0,3
2637.0,3
6112.0,3
6300.0,3
10437.0,3
10522.0,3
10759.0,3
10811.0,3
10978.0,3
11170.0,3
12083.0,3
13321.0,3
13513.0,3
14386.0,3
14387.0,3
14873.0,3
14940.0,3
15138.0,3
15192.0,3
15676.0,3
16830.0,3
16984.0,3
17309.0,3
18747.0,3
18864.0,3
18905.0,3
18915.0,3
19151.0,3
19590.0,3
19962.0,3
20020.0,3
11211.0,3
5055.0,3
17465.0,3
3699.0,3
7283.0,3
6118.0,3
8339.0,3
12934.0,3
6778.0,3
13945.0,3
14571.0,3
9259.0,3
9729.0,3
1491.0,3
467.0,3
5412.0,3
16394.0,3
9971.0,3
1303.0,3
10153.0,3
6144.0,3
16821.0,3
15894.0,3
8852.0,3
5388.0,3
2167.0,3
5428.0,3
6656.0,3
8760.0,3
12390.0,3
15654.0,3
2172.0,3
16475.0,3
11487.0,3
11490.0,3
9063.0,3
3661.0,3
3662.0,3
4641.0,3
19441.0,3
12981.0,3
8869.0,3
12978.0,3
4554.0,3
226.0,3
13148.0,3
15717.0,3
11834.0,3
6517.0,3
9808.0,3
18791.0,3
16905.0,3
11320.0,3
8690.0,3
6702.0,3
6991.0,3
19001.0,3
14236.0,3
5725.0,3
14311.0,3
9418.0,3
7436.0,3
684.0,3
7122.0,3
11956.0,3
12305.0,3
5504.0,3
9935.0,3
4515.0,3
9653.0,3
3215.0,3
13672.0,3
12633.0,3
5492.0,3
4765.0,3
7470.0,3
7487.0,3
7568.0,3
7613.0,3
7616.0,3
7636.0,3
7654.0,3
7715.0,3
9315.0,3
10025.0,3
4274.0,3
4618.0,3
11978.0,3
15057.0,3
4943.0,3
7454.0,3
11478.0,3
14112.0,3
14537.0,3
16624.0,3
19515.0,3
8400.0,3
8771.0,3
9125.0,3
19507.0,3
19197.0,3
16818.0,3
10527.0,3
8313.0,3
7750.0,3
13738.0,3
15518.0,3
15396.0,3
20029.0,3
15045.0,3
11769.0,3
6620.0,3
14514.0,3
6623.0,3
16211.0,3
5594.0,3
160.0,3
237.0,3
513.0,3
706.0,3
1591.0,3
1832.0,3
1968.0,3
2150.0,3
2154.0,3
2572.0,3
2698.0,3
2928.0,3
3087.0,3
3089.0,3
3659.0,3
3932.0,3
3951.0,3
4045.0,3
4048.0,3
4324.0,3
4519.0,3
4913.0,3
5024.0,3
5665.0,3
5705.0,3
6059.0,3
6102.0,3
6197.0,3
6201.0,3
6203.0,3
6411.0,3
6428.0,3
6484.0,3
6532.0,3
6601.0,3
6612.0,3
6650.0,3
6912.0,3
6913.0,3
6949.0,3
6967.0,3
6973.0,3
6994.0,3
7012.0,3
7019.0,3
7021.0,3
7024.0,3
7128.0,3
7177.0,3
7192.0,3
7263.0,3
7453.0,3
7753.0,3
7754.0,3
7796.0,3
7811.0,3
7902.0,3
7909.0,3
7922.0,3
8006.0,3
8016.0,3
8017.0,3
8049.0,3
8051.0,3
8058.0,3
8112.0,3
8113.0,3
8114.0,3
8115.0,3
8153.0,3
9739.0,3
10259.0,3
10297.0,3
10389.0,3
10469.0,3
10516.0,3
10532.0,3
10638.0,3
10685.0,3
10719.0,3
10760.0,3
10819.0,3
10820.0,3
10849.0,3
10878.0,3
10975.0,3
11022.0,3
11057.0,3
11118.0,3
11145.0,3
11146.0,3
11147.0,3
11148.0,3
11149.0,3
11244.0,3
11264.0,3
11296.0,3
11379.0,3
11474.0,3
11485.0,3
11609.0,3
11613.0,3
11690.0,3
11732.0,3
11764.0,3
11792.0,3
11809.0,3
11904.0,3
11954.0,3
11967.0,3
12035.0,3
12036.0,3
12052.0,3
12069.0,3
12100.0,3
12147.0,3
12153.0,3
12167.0,3
12207.0,3
12216.0,3
12224.0,3
12233.0,3
13313.0,3
13351.0,3
13389.0,3
13423.0,3
13433.0,3
13444.0,3
13465.0,3
13473.0,3
13483.0,3
13506.0,3
13536.0,3
13547.0,3
13564.0,3
13593.0,3
13624.0,3
13661.0,3
13662.0,3
13664.0,3
13666.0,3
13667.0,3
13668.0,3
13669.0,3
13670.0,3
13671.0,3
13673.0,3
13675.0,3
13698.0,3
13722.0,3
13730.0,3
13766.0,3
13775.0,3
13781.0,3
13819.0,3
13869.0,3
13873.0,3
13890.0,3
13932.0,3
13939.0,3
13959.0,3
14000.0,3
14052.0,3
14054.0,3
14075.0,3
14099.0,3
14132.0,3
14146.0,3
14196.0,3
14198.0,3
14200.0,3
14201.0,3
14229.0,3
14238.0,3
14246.0,3
14268.0,3
14293.0,3
14294.0,3
14317.0,3
14340.0,3
14353.0,3
14368.0,3
14369.0,3
14372.0,3
14374.0,3
14383.0,3
14410.0,3
14416.0,3
14434.0,3
14473.0,3
14485.0,3
14518.0,3
14519.0,3
14529.0,3
14531.0,3
14574.0,3
14576.0,3
14614.0,3
14673.0,3
14680.0,3
14722.0,3
14746.0,3
14751.0,3
14764.0,3
14767.0,3
14809.0,3
14816.0,3
14822.0,3
14830.0,3
14861.0,3
14876.0,3
14878.0,3
14894.0,3
14898.0,3
14912.0,3
14919.0,3
14932.0,3
14945.0,3
14946.0,3
14963.0,3
14968.0,3
14987.0,3
14994.0,3
15016.0,3
15040.0,3
15047.0,3
15052.0,3
15086.0,3
15088.0,3
15090.0,3
15144.0,3
15191.0,3
15240.0,3
15242.0,3
15254.0,3
16411.0,3
16432.0,3
16495.0,3
16514.0,3
16515.0,3
16536.0,3
16540.0,3
16542.0,3
16549.0,3
16557.0,3
16570.0,3
16644.0,3
16672.0,3
16677.0,3
16687.0,3
16738.0,3
16759.0,3
16766.0,3
16769.0,3
16793.0,3
16851.0,3
16871.0,3
16878.0,3
16889.0,3
16893.0,3
16900.0,3
17013.0,3
17018.0,3
17045.0,3
17054.0,3
17097.0,3
17123.0,3
17142.0,3
17146.0,3
17149.0,3
17165.0,3
17216.0,3
17221.0,3
17236.0,3
17251.0,3
17254.0,3
17267.0,3
17282.0,3
17289.0,3
17360.0,3
17383.0,3
17385.0,3
17396.0,3
17402.0,3
18531.0,3
18540.0,3
18560.0,3
18583.0,3
18594.0,3
18595.0,3
18619.0,3
18625.0,3
18629.0,3
18647.0,3
18661.0,3
18670.0,3
18707.0,3
18713.0,3
18733.0,3
18756.0,3
18777.0,3
18793.0,3
18829.0,3
18841.0,3
18842.0,3
18847.0,3
18857.0,3
18859.0,3
18873.0,3
18887.0,3
18896.0,3
18918.0,3
18927.0,3
18933.0,3
18938.0,3
18976.0,3
19013.0,3
19031.0,3
19040.0,3
19057.0,3
19092.0,3
19098.0,3
19106.0,3
19107.0,3
19115.0,3
19127.0,3
19145.0,3
19150.0,3
19158.0,3
19175.0,3
19206.0,3
19262.0,3
19271.0,3
19297.0,3
19313.0,3
19325.0,3
19377.0,3
19418.0,3
19458.0,3
19470.0,3
19576.0,3
19586.0,3
19603.0,3
19604.0,3
19607.0,3
19636.0,3
19642.0,3
19647.0,3
19653.0,3
19708.0,3
19719.0,3
19722.0,3
19756.0,3
19780.0,3
19854.0,3
19867.0,3
19872.0,3
19884.0,3
19913.0,3
19936.0,3
19956.0,3
19957.0,3
19974.0,3
20018.0,3
20064.0,3
20070.0,3
20129.0,3
20194.0,3
20219.0,3
20296.0,3
20298.0,3
20313.0,3
20346.0,3
20365.0,3
20379.0,3
20476.0,3
64512.0,3
64610.0,3
64615.0,3
64616.0,3
64621.0,3
65102.0,3
65111.0,3
65131.0,3
65209.0,3
65400.0,3
27.0,3
19350.0,3
14315.0,3
9766.0,3
5503.0,3
15869.0,3
16010.0,3
15531.0,3
15186.0,3
15901.0,3
9448.0,3
6436.0,3
13196.0,3
15182.0,3
10408.0,3
18906.0,3
11074.0,3
16410.0,3
19198.0,3
18565.0,3
17001.0,3
19355.0,3
12066.0,3
11992.0,3
16508.0,3
11755.0,3
13118.0,3
2118.0,3
5572.0,3
9097.0,3
8990.0,3
19261.0,3
13771.0,3
12878.0,3
8220.0,3
13068.0,3
15784.0,3
16105.0,3
16200.0,3
18761.0,3
13456.0,3
10159.0,3
12502.0,3
11632.0,3
8670.0,3
1853.0,3
7925.0,3
10299.0,3
14076.0,3
11390.0,3
8511.0,3
20535.0,3
255.0,3
16798.0,3
8777.0,3
8386.0,3
15026.0,3
4042.0,3
15463.0,3
5462.0,3
19663.0,3
8798.0,3
15593.0,3
15787.0,3
3784.0,3
18666.0,3
6402.0,3
19217.0,3
17721.0,3
8557.0,3
7820.0,3
4550.0,3
7260.0,3
14642.0,3
8594.0,3
8691.0,3
10823.0,3
19457.0,3
19815.0,3
19800.0,3
16046.0,3
16868.0,3
19163.0,3
12371.0,3
19651.0,3
5626.0,3
9186.0,3
17140.0,3
20010.0,3
11336.0,3
202.0,3
10361.0,3
12894.0,3
1897.0,3
20521.0,3
15735.0,3
3251.0,3
1930.0,3
6534.0,3
1200.0,3
8209.0,3
9078.0,3
8255.0,3
8839.0,3
12409.0,3
12727.0,3
8233.0,3
10032.0,3
4862.0,3
10202.0,3
10232.0,3
18818.0,3
15488.0,3
766.0,3
12338.0,3
6410.0,3
14585.0,3
12333.0,3
8327.0,3
15756.0,3
13230.0,3
20114.0,3
5427.0,3
6407.0,3
6761.0,3
11444.0,3
19028.0,3
6475.0,3
7855.0,3
6853.0,3
13156.0,3
13297.0,3
1483.0,3
10710.0,3
8137.0,3
14435.0,3
14534.0,3
18833.0,3
19366.0,3
9922.0,3
4778.0,3
9671.0,3
16224.0,3
12260.0,3
3874.0,3
20050.0,3
1691.0,3
4195.0,3
4198.0,3
4259.0,3
4996.0,3
5000.0,3
5003.0,3
5088.0,3
5670.0,3
6129.0,3
6132.0,3
6354.0,3
6468.0,3
6500.0,3
6508.0,3
6565.0,3
7104.0,3
7213.0,3
7280.0,3
7809.0,3
7829.0,3
7956.0,3
8082.0,3
8092.0,3
8709.0,3
10310.0,3
10470.0,3
10633.0,3
10750.0,3
10784.0,3
10839.0,3
11174.0,3
11216.0,3
11251.0,3
11669.0,3
11686.0,3
11695.0,3
11697.0,3
11778.0,3
12008.0,3
12125.0,3
12137.0,3
12157.0,3
13362.0,3
13426.0,3
13446.0,3
13512.0,3
13748.0,3
13910.0,3
13912.0,3
13917.0,3
14451.0,3
14542.0,3
14747.0,3
14922.0,3
15001.0,3
15041.0,3
15096.0,3
15128.0,3
15169.0,3
15217.0,3
15250.0,3
15266.0,3
15318.0,3
16417.0,3
16484.0,3
16650.0,3
16669.0,3
16792.0,3
16840.0,3
16930.0,3
16970.0,3
16991.0,3
17012.0,3
17060.0,3
17110.0,3
17155.0,3
17186.0,3
17201.0,3
17308.0,3
17314.0,3
18451.0,3
18507.0,3
18542.0,3
18554.0,3
18653.0,3
18702.0,3
18730.0,3
18740.0,3
18746.0,3
18784.0,3
18807.0,3
18811.0,3
18850.0,3
18916.0,3
18992.0,3
18994.0,3
18995.0,3
18997.0,3
19078.0,3
19179.0,3
19545.0,3
19700.0,3
19701.0,3
20046.0,3
16581.0,3
16582.0,3
15761.0,3
17637.0,3
8347.0,3
19650.0,3
7502.0,3
7685.0,3
10094.0,3
10502.0,3
4605.0,3
5722.0,3
1695.0,3
690.0,3
1733.0,3
772.0,3
12403.0,3
3296.0,3
6678.0,3
6760.0,3
6904.0,3
8362.0,3
8527.0,3
8554.0,3
8784.0,3
8964.0,3
8999.0,3
9036.0,3
12362.0,3
12372.0,3
12417.0,3
12662.0,3
12807.0,3
12832.0,3
12864.0,3
13049.0,3
13193.0,3
16057.0,3
16077.0,3
16140.0,3
16208.0,3
20529.0,3
5560.0,3
17380.0,3
15305.0,3
12607.0,3
8132.0,3
14269.0,3
17373.0,3
7336.0,3
13370.0,3
4167.0,3
8180.0,3
12733.0,3
6675.0,3
19074.0,3
9470.0,3
12560.0,3
19816.0,3
14014.0,3
12674.0,3
16713.0,3
14406.0,3
18986.0,3
6539.0,3
20196.0,3
16030.0,3
8919.0,3
9715.0,3
4776.0,3
4741.0,3
1708.0,3
1309.0,3
4003.0,3
3790.0,3
17452.0,3
7629.0,3
20462.0,3
16302.0,3
3246.0,3
25.0,3
13291.0,3
13802.0,3
12056.0,3
15686.0,3
8710.0,3
15843.0,3
1967.0,3
16279.0,3
8724.0,3
20713.0,3
8856.0,3
8513.0,3
4709.0,3
7512.0,3
7516.0,3
9352.0,3
9999.0,3
10006.0,3
10009.0,3
10018.0,3
17525.0,3
4683.0,3
4711.0,3
7133.0,3
9614.0,3
7511.0,3
5798.0,3
16027.0,3
3302.0,3
5499.0,3
19717.0,3
19358.0,3
11776.0,3
5390.0,3
7619.0,3
12776.0,3
19572.0,3
7559.0,3
15608.0,3
12432.0,3
12968.0,3
1836.0,3
15517.0,3
19186.0,3
19367.0,3
11551.0,3
8399.0,3
6600.0,3
20244.0,3
9603.0,3
18646.0,3
6525.0,3
12817.0,3
12657.0,3
19941.0,3
7577.0,3
8436.0,3
6830.0,3
5389.0,3
12554.0,3
11341.0,3
10354.0,3
14653.0,3
16541.0,3
19531.0,3
19728.0,3
4193.0,3
14827.0,3
11994.0,3
6510.0,3
11252.0,3
10651.0,3
11301.0,3
11638.0,3
13659.0,3
13786.0,3
16648.0,3
11943.0,3
10934.0,3
13019.0,3
3704.0,3
10985.0,3
19940.0,3
3767.0,3
6221.0,3
17307.0,3
12116.0,3
8698.0,3
11543.0,3
16242.0,3
9177.0,3
9004.0,3
12565.0,3
12779.0,3
12839.0,3
13081.0,3
13286.0,3
15592.0,3
15712.0,3
16141.0,3
16351.0,3
9076.0,3
3506.0,3
2553.0,3
18963.0,3
2495.0,3
2496.0,3
2701.0,3
11659.0,3
13964.0,3
14313.0,3
14281.0,3
9998.0,3
8463.0,3
4658.0,3
10039.0,3
17632.0,3
9498.0,3
17443.0,3
12135.0,3
12140.0,3
13495.0,3
13835.0,3
14457.0,3
14463.0,3
14650.0,3
14868.0,3
16594.0,3
16885.0,3
18479.0,3
18881.0,3
19361.0,3
15565.0,3
17576.0,3
1237.0,3
12400.0,3
10165.0,3
4670.0,3
424.0,3
19682.0,3
16965.0,3
20161.0,3
6807.0,3
8592.0,3
6597.0,3
7395.0,3
8156.0,3
13944.0,3
13706.0,3
14813.0,3
17266.0,3
16083.0,3
17074.0,3
13548.0,3
15452.0,3
11971.0,3
16902.0,3
5683.0,3
789.0,3
6664.0,3
6847.0,3
8421.0,3
8686.0,3
12473.0,3
12661.0,3
13220.0,3
6776.0,3
19609.0,3
8291.0,3
1781.0,3
9270.0,3
2576.0,3
10977.0,3
18839.0,3
20089.0,3
20283.0,3
10915.0,3
15386.0,3
12294.0,3
16809.0,3
8940.0,3
12377.0,3
12411.0,3
16286.0,3
8319.0,3
16568.0,3
3632.0,3
1840.0,3
18817.0,3
12479.0,3
2134.0,3
8782.0,3
12386.0,3
19987.0,3
1226.0,3
4143.0,3
16486.0,3
5104.0,3
5106.0,3
14980.0,3
11900.0,3
676.0,3
4926.0,3
5692.0,3
11058.0,3
9685.0,3
3244.0,3
15410.0,3
13630.0,3
13888.0,3
17230.0,3
8802.0,3
10213.0,3
15325.0,3
19713.0,3
7628.0,3
9301.0,3
8761.0,3
20271.0,3
19699.0,3
16867.0,3
10983.0,3
19129.0,3
20574.0,3
8434.0,3
5776.0,3
13034.0,3
7290.0,3
7362.0,3
10866.0,3
11675.0,3
13849.0,3
15195.0,3
19280.0,3
20719.0,3
12975.0,3
18655.0,3
14425.0,3
9767.0,3
18921.0,3
13983.0,3
1704.0,3
13369.0,3
12636.0,3
8333.0,3
12895.0,3
1872.0,3
17323.0,3
6831.0,3
9345.0,3
9511.0,3
9727.0,3
9731.0,3
9736.0,3
9887.0,3
9889.0,3
17646.0,3
15205.0,3
20542.0,3
6793.0,3
17168.0,3
15490.0,3
8515.0,3
6304.0,3
8994.0,3
11674.0,3
12257.0,3
7825.0,3
16265.0,3
9950.0,3
16638.0,3
4286.0,3
19282.0,3
838.0,3
6171.0,3
6638.0,3
7861.0,3
11257.0,3
12021.0,3
13911.0,3
14817.0,3
19869.0,3
20069.0,3
12511.0,3
12698.0,3
15971.0,3
16346.0,3
11443.0,3
11833.0,3
4961.0,3
14420.0,3
5573.0,3
16300.0,3
2486.0,3
12322.0,3
5469.0,3
790.0,3
6689.0,3
261.0,3
1940.0,3
7317.0,3
1749.0,3
15051.0,3
7657.0,3
4770.0,3
13474.0,3
19460.0,3
16854.0,3
11163.0,3
3676.0,3
145.0,3
3677.0,3
6122.0,3
16035.0,3
5394.0,3
6614.0,3
4465.0,3
8927.0,3
8814.0,3
10943.0,3
18612.0,3
15272.0,3
16366.0,3
8841.0,3
7359.0,3
2163.0,3
3329.0,3
8953.0,3
11300.0,3
5642.0,3
10853.0,3
19541.0,3
20231.0,3
7017.0,3
10796.0,3
9761.0,3
14110.0,3
16480.0,3
7054.0,3
15450.0,3
17334.0,3
19190.0,3
6298.0,3
9946.0,3
12212.0,3
3136.0,3
2381.0,3
2650.0,3
745.0,3
11533.0,3
2834.0,3
8164.0,3
17553.0,3
9876.0,3
14568.0,3
7141.0,3
9212.0,3
13218.0,3
15560.0,3
12433.0,3
9280.0,3
6630.0,3
3218.0,3
6854.0,3
8331.0,3
8482.0,3
8629.0,3
8636.0,3
8752.0,3
8904.0,3
12976.0,3
15682.0,3
15757.0,3
15835.0,3
15850.0,3
20628.0,3
15684.0,3
12578.0,3
18958.0,3
11850.0,3
80.0,3
16447.0,3
7835.0,3
18743.0,3
14440.0,3
3612.0,3
9395.0,3
4808.0,3
15173.0,3
3737.0,3
11753.0,3
15155.0,3
14147.0,3
13965.0,3
16365.0,3
15943.0,3
1290.0,3
3344.0,3
5597.0,3
8943.0,3
20538.0,3
7965.0,3
6589.0,3
1130.0,3
12215.0,3
11421.0,3
8971.0,3
12145.0,3
14041.0,3
12396.0,3
4660.0,3
16526.0,3
195.0,3
1236.0,3
2571.0,3
3588.0,3
4179.0,3
4183.0,3
4263.0,3
8188.0,3
10294.0,3
10314.0,3
10583.0,3
10666.0,3
10844.0,3
10995.0,3
11278.0,3
11369.0,3
11627.0,3
11795.0,3
12186.0,3
13919.0,3
14226.0,3
14566.0,3
14612.0,3
15104.0,3
18703.0,3
18985.0,3
683.0,3
4436.0,3
7880.0,3
8011.0,3
11135.0,3
11388.0,3
12050.0,3
12360.0,3
18551.0,3
19826.0,3
8535.0,3
6829.0,3
19920.0,3
14285.0,3
9892.0,3
7976.0,3
11333.0,3
8640.0,3
7477.0,3
9260.0,3
9476.0,3
8226.0,3
12297.0,3
1975.0,3
13985.0,3
17558.0,3
13685.0,3
7891.0,3
12096.0,3
8404.0,3
8821.0,3
5398.0,3
8281.0,3
20465.0,3
6858.0,3
9367.0,3
16928.0,3
15063.0,3
1835.0,3
2603.0,3
3240.0,3
15474.0,3
8863.0,3
14805.0,3
9221.0,3
173.0,3
4677.0,3
4685.0,3
4691.0,3
4707.0,3
4720.0,3
7683.0,3
9351.0,3
9353.0,3
9359.0,3
9365.0,3
9370.0,3
9379.0,3
9595.0,3
9613.0,3
9995.0,3
17512.0,3
17513.0,3
3084.0,3
4681.0,3
4688.0,3
20109.0,3
13046.0,3
10947.0,3
4223.0,3
16812.0,3
16795.0,3
9902.0,3
9415.0,3
7482.0,3
9918.0,3
15677.0,3
5571.0,3
1489.0,3
1292.0,3
7408.0,3
19611.0,3
16308.0,3
6072.0,3
9590.0,3
10051.0,3
11360.0,3
6669.0,3
6764.0,3
6849.0,3
6850.0,3
6877.0,3
6905.0,3
8068.0,3
8228.0,3
8433.0,3
8445.0,3
8668.0,3
8840.0,3
8968.0,3
9021.0,3
9557.0,3
12339.0,3
12486.0,3
12720.0,3
12801.0,3
12880.0,3
12967.0,3
12971.0,3
12980.0,3
12997.0,3
13100.0,3
13205.0,3
13778.0,3
15494.0,3
15535.0,3
15572.0,3
15724.0,3
15740.0,3
15769.0,3
15899.0,3
15951.0,3
16134.0,3
18523.0,3
5532.0,3
12046.0,3
15365.0,3
11901.0,3
14573.0,3
16627.0,3
12966.0,3
8308.0,3
14150.0,3
11578.0,3
6371.0,3
6568.0,3
17086.0,3
14446.0,3
13427.0,3
4813.0,3
9307.0,3
32.0,3
9680.0,3
16467.0,3
17204.0,3
10074.0,3
4655.0,3
5974.0,3
6179.0,3
9279.0,3
13708.0,3
14693.0,3
12476.0,3
12992.0,3
15930.0,3
15759.0,3
3832.0,3
4555.0,3
5655.0,3
5726.0,3
7397.0,3
10596.0,3
31.0,3
127.0,3
8711.0,3
9160.0,3
11699.0,3
6866.0,3
12361.0,3
15705.0,3
12964.0,3
9649.0,3
7291.0,3
19509.0,3
15362.0,3
13141.0,3
10307.0,3
11269.0,3
19110.0,3
13078.0,3
5772.0,3
17274.0,3
817.0,3
8456.0,3
8876.0,3
12877.0,3
12472.0,3
9977.0,3
2512.0,3
10182.0,3
12335.0,3
8910.0,3
8871.0,3
6716.0,3
8401.0,3
8468.0,3
12378.0,3
13026.0,3
16162.0,3
6103.0,3
6387.0,3
4454.0,3
13762.0,3
14068.0,3
5377.0,3
16768.0,3
15321.0,3
14038.0,3
13570.0,3
9106.0,3
12569.0,3
12970.0,3
13143.0,3
15524.0,3
15548.0,3
15919.0,3
16040.0,3
16289.0,3
18715.0,3
15229.0,3
11831.0,3
2749.0,3
3739.0,3
9929.0,3
7639.0,3
9819.0,3
17432.0,3
17620.0,3
17621.0,3
17622.0,3
9812.0,3
9813.0,3
9816.0,3
7716.0,3
7489.0,3
767.0,3
14658.0,3
10701.0,3
3113.0,3
17362.0,3
19926.0,3
18576.0,3
19824.0,3
6352.0,3
8632.0,3
8284.0,3
10249.0,3
15564.0,3
15371.0,3
6365.0,3
1580.0,3
1583.0,3
10884.0,3
9576.0,3
1316.0,3
3112.0,3
6095.0,3
11685.0,3
14131.0,3
17135.0,3
17339.0,3
19902.0,3
159.0,3
16849.0,3
19632.0,3
60002.0,3
8757.0,3
16334.0,3
8415.0,3
6602.0,3
3538.0,3
5913.0,3
10780.0,3
18843.0,3
12005.0,3
8525.0,3
19132.0,3
4493.0,3
11119.0,3
100.0,3
13390.0,3
19742.0,3
11781.0,3
17393.0,3
19551.0,3
1935.0,3
14851.0,3
12825.0,3
19351.0,3
18489.0,3
8061.0,3
10141.0,3
15627.0,3
12962.0,3
8717.0,3
20120.0,3
16980.0,3
10379.0,3
4181.0,3
13023.0,3
20008.0,3
14398.0,3
18690.0,3
19416.0,3
3287.0,3
13105.0,3
12950.0,3
3238.0,3
6743.0,3
10422.0,3
20501.0,3
8512.0,3
1955.0,3
5561.0,3
19058.0,3
10617.0,3
7307.0,3
200.0,3
1335.0,3
5113.0,3
5750.0,3
9235.0,3
9751.0,3
9839.0,3
10838.0,3
11350.0,3
16819.0,3
18920.0,3
5754.0,3
10613.0,3
19211.0,3
5978.0,3
13828.0,3
11342.0,3
3396.0,3
10420.0,3
6775.0,3
3334.0,3
9538.0,3
17669.0,3
8928.0,3
8963.0,3
14394.0,3
19943.0,3
14869.0,3
14959.0,3
9491.0,3
13918.0,3
1706.0,3
13243.0,3
7773.0,3
14263.0,3
4804.0,3
17132.0,3
7131.0,3
11470.0,3
15110.0,3
5049.0,3
15665.0,3
3751.0,3
16834.0,3
1205.0,3
12856.0,3
9070.0,3
14436.0,3
4669.0,3
20652.0,3
6248.0,3
12211.0,3
19007.0,3
16699.0,3
11547.0,3
10075.0,3
9709.0,3
14739.0,3
16607.0,3
11194.0,3
14020.0,3
14465.0,3
16425.0,3
19548.0,3
20225.0,3
20230.0,3
20262.0,3
1351.0,3
8142.0,3
11739.0,3
17658.0,3
13517.0,3
12837.0,3
8145.0,3
15220.0,3
14784.0,3
3585.0,3
9245.0,3
9303.0,3
9325.0,3
9432.0,3
9503.0,3
9872.0,3
10022.0,3
6509.0,3
18684.0,3
6646.0,3
19543.0,3
13270.0,3
13269.0,3
16771.0,3
7491.0,3
17636.0,3
17749.0,3
13539.0,3
1307.0,3
11153.0,3
11451.0,3
6983.0,3
7079.0,3
11109.0,3
11580.0,3
12173.0,3
15105.0,3
20141.0,3
3452.0,3
1322.0,3
16225.0,3
19996.0,3
15640.0,3
9148.0,3
16499.0,3
19030.0,3
11191.0,3
16988.0,3
16276.0,3
3316.0,3
6800.0,3
6856.0,3
8241.0,3
8345.0,3
8350.0,3
8371.0,3
8395.0,3
8443.0,3
8568.0,3
8580.0,3
8615.0,3
8675.0,3
8732.0,3
8744.0,3
8790.0,3
8797.0,3
8810.0,3
8828.0,3
8888.0,3
8936.0,3
8997.0,3
9068.0,3
9110.0,3
12327.0,3
12332.0,3
12380.0,3
12452.0,3
12487.0,3
12543.0,3
12668.0,3
12683.0,3
12685.0,3
12690.0,3
12768.0,3
12791.0,3
12821.0,3
13056.0,3
13095.0,3
13174.0,3
13257.0,3
13295.0,3
15468.0,3
16230.0,3
20597.0,3
20663.0,3
3226.0,3
5480.0,3
5553.0,3
5563.0,3
6662.0,3
6828.0,3
6863.0,3
6903.0,3
8249.0,3
12928.0,3
9878.0,3
5697.0,3
14752.0,3
2836.0,3
15498.0,3
3330.0,3
18482.0,3
15079.0,3
4265.0,3
14124.0,3
12911.0,3
12808.0,3
12726.0,3
65000.0,3
14702.0,3
3489.0,3
17214.0,3
8318.0,3
12359.0,3
12430.0,3
12769.0,3
12527.0,3
2860.0,3
3243.0,3
8837.0,3
11137.0,3
3132.0,3
17486.0,3
14149.0,3
7281.0,3
14388.0,3
8966.0,3
5384.0,3
8961.0,3
15412.0,3
12750.0,3
17343.0,3
6306.0,3
12471.0,3
16974.0,3
15256.0,3
17487.0,3
5536.0,3
7234.0,3
14727.0,3
7169.0,3
7659.0,3
714.0,3
8149.0,3
10857.0,3
11040.0,3
11303.0,3
11520.0,3
13884.0,3
18878.0,3
19853.0,3
1932.0,3
3449.0,3
17643.0,3
4624.0,3
7571.0,3
4559.0,3
7601.0,3
13288.0,3
12176.0,3
13268.0,3
3245.0,3
9154.0,3
8126.0,3
13147.0,3
6840.0,3
9442.0,3
20728.0,3
13990.0,3
15183.0,3
7580.0,3
17509.0,3
7114.0,3
11160.0,3
1326.0,3
14690.0,3
11395.0,3
17200.0,3
13139.0,3
12614.0,3
3429.0,3
4729.0,3
6819.0,3
20487.0,3
3228.0,3
10190.0,3
9656.0,3
6518.0,3
5588.0,3
9940.0,3
19915.0,3
15534.0,3
7651.0,3
13181.0,3
20167.0,3
9997.0,3
9943.0,3
4861.0,3
15132.0,3
11796.0,3
12003.0,3
12210.0,3
13954.0,3
16992.0,3
11765.0,3
19161.0,3
11267.0,3
6241.0,3
11814.0,3
11456.0,3
14210.0,3
1662.0,3
11749.0,3
18601.0,3
10704.0,3
10128.0,3
7407.0,3
6677.0,3
15389.0,3
14507.0,3
9912.0,3
9267.0,3
17329.0,3
17548.0,3
14128.0,3
20587.0,3
5621.0,3
5686.0,3
7996.0,3
13858.0,3
9031.0,3
12838.0,3
15492.0,3
4469.0,3
6747.0,3
8207.0,3
8258.0,3
8705.0,3
9152.0,3
9202.0,3
12903.0,3
12914.0,3
13124.0,3
13202.0,3
16145.0,3
2614.0,3
12455.0,3
10204.0,3
17666.0,3
20263.0,3
15920.0,3
2056.0,3
13021.0,3
6663.0,3
20575.0,3
14569.0,3
2129.0,3
8745.0,3
8262.0,3
5102.0,3
5103.0,3
5105.0,3
11830.0,3
2146.0,3
8497.0,3
11268.0,3
14129.0,3
11173.0,3
8812.0,3
8704.0,3
12358.0,3
12406.0,3
15842.0,3
5927.0,3
4714.0,3
13221.0,3
16179.0,3
11813.0,3
5663.0,3
57.0,3
11602.0,3
11607.0,3
11736.0,3
8901.0,3
11727.0,3
18764.0,3
10106.0,3
5664.0,3
3107.0,3
5587.0,3
6660.0,3
7990.0,3
8195.0,3
8271.0,3
8366.0,3
8435.0,3
8546.0,3
8613.0,3
12496.0,3
12927.0,3
12944.0,3
13017.0,3
13207.0,3
15533.0,3
15612.0,3
15639.0,3
15729.0,3
15773.0,3
15926.0,3
15961.0,3
16304.0,3
16353.0,3
20547.0,3
20577.0,3
1462.0,3
5392.0,3
9026.0,3
15469.0,3
15803.0,3
7737.0,3
17256.0,3
611.0,3
855.0,3
17120.0,3
2831.0,3
12105.0,3
16667.0,3
10628.0,3
14570.0,3
20369.0,3
3748.0,3
4790.0,3
7558.0,3
7564.0,3
7621.0,3
7626.0,3
7627.0,3
9271.0,3
9273.0,3
9274.0,3
9275.0,3
9276.0,3
9320.0,3
9321.0,3
9322.0,3
9323.0,3
9452.0,3
9455.0,3
9488.0,3
9489.0,3
9490.0,3
9493.0,3
9522.0,3
9525.0,3
9526.0,3
9527.0,3
9529.0,3
9532.0,3
9570.0,3
9571.0,3
9572.0,3
9579.0,3
9628.0,3
9630.0,3
9634.0,3
9635.0,3
9642.0,3
9645.0,3
9646.0,3
9647.0,3
9684.0,3
9686.0,3
9687.0,3
9692.0,3
9695.0,3
9696.0,3
9699.0,3
9703.0,3
9704.0,3
9705.0,3
9706.0,3
9708.0,3
9753.0,3
9754.0,3
9755.0,3
9756.0,3
9757.0,3
9759.0,3
9760.0,3
9774.0,3
9775.0,3
9779.0,3
9780.0,3
9781.0,3
9782.0,3
9784.0,3
9840.0,3
9842.0,3
9843.0,3
9845.0,3
9846.0,3
9849.0,3
9850.0,3
9852.0,3
9854.0,3
9858.0,3
9865.0,3
9866.0,3
9867.0,3
9868.0,3
9870.0,3
9871.0,3
9944.0,3
9949.0,3
9954.0,3
9956.0,3
9958.0,3
9961.0,3
9962.0,3
9965.0,3
9966.0,3
9967.0,3
9968.0,3
9970.0,3
9973.0,3
9974.0,3
9979.0,3
9982.0,3
10037.0,3
10041.0,3
10045.0,3
10047.0,3
10049.0,3
10052.0,3
10054.0,3
10056.0,3
10057.0,3
10058.0,3
10065.0,3
10066.0,3
10067.0,3
10069.0,3
10070.0,3
10071.0,3
10164.0,3
10169.0,3
10172.0,3
10178.0,3
10180.0,3
10184.0,3
10185.0,3
10187.0,3
10188.0,3
10189.0,3
10191.0,3
10195.0,3
10196.0,3
10198.0,3
17568.0,3
17570.0,3
17575.0,3
17582.0,3
3813.0,3
3825.0,3
4665.0,3
4671.0,3
4749.0,3
5434.0,3
8348.0,3
8825.0,3
15369.0,3
9988.0,3
9881.0,3
1798.0,3
9608.0,3
14213.0,3
14432.0,3
13731.0,3
13532.0,3
15891.0,3
7525.0,3
17423.0,3
2706.0,3
18512.0,3
11871.0,3
8087.0,3
3944.0,3
12931.0,3
9701.0,3
9318.0,3
9631.0,3
9693.0,3
19630.0,3
619.0,3
17464.0,3
13009.0,3
4211.0,3
7920.0,3
11492.0,3
16502.0,3
18806.0,3
19505.0,3
19716.0,3
6086.0,3
12363.0,3
18691.0,3
15287.0,3
4805.0,3
19093.0,3
12982.0,3
9127.0,3
13581.0,3
9732.0,3
16171.0,3
15204.0,3
11126.0,3
7431.0,3
12364.0,3
5328.0,3
17556.0,3
9184.0,3
8795.0,3
19523.0,3
14237.0,3
16659.0,3
15427.0,3
8662.0,3
13062.0,3
17659.0,3
4647.0,3
9293.0,3
9536.0,3
9665.0,3
9926.0,3
17435.0,3
17485.0,3
17706.0,3
454.0,3
18441.0,3
14001.0,3
17566.0,3
19479.0,3
377.0,3
1334.0,3
1903.0,3
9080.0,3
16019.0,3
16149.0,3
10372.0,3
14402.0,3
2897.0,3
13860.0,3
18823.0,3
9523.0,3
12659.0,3
9060.0,3
4356.0,3
2135.0,3
3286.0,3
6668.0,3
2012.0,3
12078.0,3
13073.0,3
6771.0,3
12435.0,3
6865.0,3
15825.0,3
3597.0,3
4387.0,3
15832.0,3
13616.0,3
12995.0,3
3883.0,3
18503.0,3
19759.0,3
4509.0,3
16966.0,3
7498.0,3
7606.0,3
9820.0,3
4802.0,3
13417.0,3
7756.0,3
12255.0,3
2853.0,3
5515.0,3
8833.0,3
8610.0,3
5549.0,3
7256.0,3
16750.0,3
13374.0,3
7932.0,3
11018.0,3
9193.0,3
15037.0,3
19083.0,3
5474.0,3
15814.0,3
3347.0,3
800.0,3
2652.0,3
3848.0,3
6183.0,3
7734.0,3
7781.0,3
7788.0,3
7928.0,3
10329.0,3
10808.0,3
11084.0,3
11453.0,3
11489.0,3
11666.0,3
12188.0,3
12226.0,3
13430.0,3
14177.0,3
14280.0,3
14358.0,3
14502.0,3
14663.0,3
14820.0,3
15160.0,3
17328.0,3
18563.0,3
19152.0,3
19215.0,3
19848.0,3
646.0,3
6412.0,3
8524.0,3
15804.0,3
2561.0,3
11255.0,3
13823.0,3
1914.0,3
16115.0,3
17356.0,3
14467.0,3
14678.0,3
10589.0,3
15666.0,3
17047.0,3
5668.0,3
8199.0,3
12651.0,3
15438.0,3
13364.0,3
19305.0,3
19080.0,3
7492.0,3
9837.0,3
15374.0,3
18855.0,3
14405.0,3
2140.0,3
20568.0,3
11205.0,3
14717.0,3
19281.0,3
10488.0,3
17401.0,3
19037.0,3
19731.0,3
5745.0,3
11063.0,3
14047.0,3
13694.0,3
7153.0,3
20266.0,3
13874.0,3
11800.0,3
13935.0,3
2524.0,3
2554.0,3
12771.0,3
7270.0,3
19480.0,3
14835.0,3
19677.0,3
55.0,3
10466.0,3
5510.0,3
9242.0,3
7540.0,3
5939.0,3
7974.0,3
278.0,3
14540.0,3
8633.0,3
8766.0,3
12464.0,3
11517.0,3
11893.0,3
15552.0,3
4793.0,3
6619.0,3
6584.0,3
2013.0,3
6462.0,3
12637.0,3
20407.0,3
15845.0,3
11419.0,3
16323.0,3
9920.0,3
13861.0,3
17175.0,3
9583.0,3
11567.0,3
10296.0,3
11806.0,3
11892.0,3
9429.0,3
10535.0,3
17113.0,3
12236.0,3
11702.0,3
15989.0,3
13753.0,3
8951.0,3
8794.0,3
16252.0,3
10282.0,3
15439.0,3
14136.0,3
14549.0,3
19582.0,3
11377.0,3
14942.0,3
5954.0,3
99.0,3
17480.0,3
20077.0,3
15708.0,3
13004.0,3
13336.0,3
6299.0,3
7578.0,3
13285.0,3
19685.0,3
6386.0,3
15716.0,3
16229.0,3
13033.0,3
17510.0,3
20148.0,3
10918.0,3
15670.0,3
279.0,3
6125.0,3
6543.0,3
7162.0,3
7313.0,3
7365.0,3
7465.0,3
7738.0,3
8141.0,3
10412.0,3
10454.0,3
10455.0,3
10670.0,3
10688.0,3
11156.0,3
11271.0,3
11431.0,3
11644.0,3
11706.0,3
11801.0,3
11835.0,3
11844.0,3
11896.0,3
11921.0,3
13459.0,3
14026.0,3
14030.0,3
14204.0,3
14346.0,3
14692.0,3
14840.0,3
15201.0,3
16606.0,3
16685.0,3
16891.0,3
18739.0,3
19089.0,3
19090.0,3
20044.0,3
12062.0,3
13290.0,3
7589.0,3
9231.0,3
7581.0,3
8306.0,3
18459.0,3
13161.0,3
8409.0,3
9056.0,3
10655.0,3
15084.0,3
8072.0,3
8786.0,3
13104.0,3
15782.0,3
16117.0,3
16123.0,3
20626.0,3
9266.0,3
7534.0,3
4780.0,3
10697.0,3
20128.0,3
19783.0,3
19919.0,3
15906.0,3
6873.0,3
13138.0,3
5535.0,3
16158.0,3
9975.0,3
8243.0,3
17560.0,3
5395.0,3
12653.0,3
17293.0,3
12678.0,3
8473.0,3
15893.0,3
16150.0,3
9090.0,3
3326.0,3
9546.0,3
10584.0,3
16049.0,3
5470.0,3
11779.0,3
16191.0,3
18437.0,3
8329.0,3
20604.0,3
10569.0,3
11960.0,3
13067.0,3
12632.0,3
5740.0,3
19116.0,3
18561.0,3
13347.0,3
13641.0,3
15123.0,3
17190.0,3
19193.0,3
10737.0,3
11396.0,3
10263.0,3
1882.0,3
1880.0,3
11334.0,3
11977.0,3
6074.0,3
9641.0,3
16126.0,3
7485.0,3
7596.0,3
15061.0,3
15367.0,3
12099.0,3
15928.0,3
4622.0,3
11906.0,3
18591.0,3
12281.0,3
8796.0,3
5564.0,3
6566.0,3
12619.0,3
10431.0,3
13645.0,3
3628.0,3
9611.0,3
5716.0,3
16452.0,3
14116.0,3
7271.0,3
3873.0,3
10103.0,3
9269.0,3
14849.0,3
8650.0,3
12546.0,3
12676.0,3
6783.0,3
8298.0,3
43.0,3
9698.0,3
11155.0,3
6448.0,3
15695.0,3
15938.0,3
16901.0,3
16189.0,3
14885.0,3
15102.0,3
19945.0,3
7490.0,3
15433.0,3
12375.0,3
5881.0,3
10218.0,3
10096.0,3
16806.0,3
6345.0,3
6316.0,3
12581.0,3
6718.0,3
12163.0,3
10046.0,3
9768.0,3
14161.0,3
14787.0,3
15235.0,3
14404.0,3
208.0,3
13596.0,3
6795.0,3
8574.0,3
13566.0,3
11030.0,3
18546.0,3
20448.0,3
12194.0,3
12859.0,3
4601.0,3
5752.0,3
7064.0,3
20274.0,3
11343.0,3
17008.0,3
12515.0,3
11950.0,3
16588.0,3
17210.0,3
18693.0,3
17640.0,3
7694.0,3
14730.0,3
2380.0,3
16014.0,3
20227.0,3
18468.0,3
13928.0,3
20306.0,3
11354.0,3
11062.0,3
13354.0,3
15036.0,3
11154.0,3
15786.0,3
13367.0,3
7016.0,3
21522.0,3
9143.0,3
6798.0,3
15162.0,3
9518.0,3
7962.0,3
6361.0,3
7958.0,3
8166.0,3
11775.0,3
11942.0,3
18630.0,3
20311.0,3
13463.0,3
12402.0,3
9045.0,3
16527.0,3
6895.0,3
12852.0,3
13086.0,3
8907.0,3
11406.0,3
6081.0,3
19589.0,3
2501.0,3
9179.0,3
5609.0,3
14137.0,3
688.0,3
9227.0,3
20533.0,3
3512.0,3
19829.0,3
10800.0,3
10557.0,3
11315.0,3
12079.0,3
8993.0,3
16413.0,3
20714.0,3
9163.0,3
20586.0,3
16711.0,3
2883.0,3
3268.0,3
5425.0,3
12376.0,3
378.0,3
1213.0,3
2107.0,3
2852.0,3
2108.0,3
2602.0,3
6834.0,3
19251.0,3
18440.0,3
13720.0,3
6948.0,3
18695.0,3
1841.0,3
12819.0,3
270.0,3
16743.0,3
15470.0,3
8355.0,3
6366.0,3
12869.0,3
3208.0,3
18635.0,3
15519.0,3
5519.0,3
9494.0,3
17571.0,3
8038.0,3
5473.0,3
1276.0,3
7049.0,3
8669.0,3
71.0,3
3671.0,3
14275.0,3
7366.0,3
16837.0,3
10295.0,3
10166.0,3
9581.0,3
10031.0,3
6720.0,3
13800.0,3
9899.0,3
10098.0,3
15933.0,3
20605.0,3
8860.0,3
16804.0,3
16507.0,3
19229.0,3
11899.0,3
10174.0,3
9848.0,3
6199.0,3
15209.0,3
12357.0,3
13131.0,3
15744.0,3
1511.0,3
16745.0,3
11280.0,3
1545.0,3
15324.0,3
14535.0,3
20012.0,3
13316.0,3
7980.0,3
11637.0,3
6137.0,3
12958.0,3
8470.0,3
16709.0,3
15649.0,3
3401.0,3
19774.0,3
12111.0,3
14487.0,3
7849.0,3
12566.0,3
16319.0,3
12494.0,3
9475.0,3
19807.0,3
19423.0,3
11562.0,3
7927.0,3
14675.0,3
20031.0,3
3134.0,3
2498.0,3
1206.0,3
15987.0,3
13188.0,3
19741.0,3
15310.0,3
16023.0,3
12932.0,3
20094.0,3
13394.0,3
13893.0,3
12994.0,3
2116.0,3
10632.0,3
11307.0,3
14517.0,3
18888.0,3
786.0,3
7.0,3
10475.0,3
19332.0,3
2707.0,3
17243.0,3
7526.0,3
19508.0,3
8010.0,3
16935.0,3
11233.0,3
3325.0,3
14011.0,3
19617.0,3
1331.0,3
4748.0,3
73.0,3
5445.0,3
7118.0,3
9978.0,3
9171.0,3
14178.0,3
4569.0,3
571.0,3
11717.0,3
13524.0,3
9195.0,3
15957.0,3
19994.0,3
8965.0,3
15459.0,3
693.0,3
17462.0,3
15060.0,3
10337.0,3
8128.0,3
4923.0,3
19065.0,3
19393.0,3
4553.0,3
20394.0,3
14677.0,3
8688.0,3
13400.0,3
11817.0,3
16994.0,3
13425.0,3
10520.0,3
9817.0,3
19801.0,3
7774.0,3
15968.0,3
5516.0,3
8609.0,3
8826.0,3
9118.0,3
12542.0,3
12603.0,3
15749.0,3
15931.0,3
12708.0,3
13127.0,3
9847.0,3
20707.0,3
9034.0,3
10343.0,3
19654.0,3
14348.0,3
14464.0,3
11078.0,3
15246.0,3
11720.0,3
19223.0,3
10519.0,3
5707.0,3
10288.0,3
6621.0,3
9716.0,3
10441.0,3
10792.0,3
11371.0,3
12053.0,3
12250.0,3
13385.0,3
13432.0,3
13677.0,3
13703.0,3
14266.0,3
14577.0,3
15121.0,3
15190.0,3
16684.0,3
17101.0,3
17124.0,3
17238.0,3
18444.0,3
18763.0,3
18765.0,3
18767.0,3
18768.0,3
18769.0,3
18917.0,3
19633.0,3
20078.0,3
3947.0,3
4497.0,3
14318.0,3
9214.0,3
4441.0,3
144.0,3
12576.0,3
13258.0,3
1474.0,3
9886.0,3
7617.0,3
6982.0,3
16626.0,3
15714.0,3
13740.0,3
11964.0,3
13865.0,3
17071.0,3
14741.0,3
12441.0,3
18674.0,3
11922.0,3
10351.0,3
7140.0,3
8346.0,3
3605.0,3
6648.0,3
9410.0,3
9821.0,3
10275.0,3
3550.0,3
9172.0,3
5743.0,3
2648.0,3
13289.0,3
8823.0,3
802.0,3
8304.0,3
8723.0,3
8874.0,3
9130.0,3
12696.0,3
12953.0,3
13044.0,3
15674.0,3
15903.0,3
16059.0,3
16080.0,3
16101.0,3
16217.0,3
16363.0,3
20585.0,3
9725.0,3
12829.0,3
12848.0,3
13236.0,3
20739.0,3
290.0,3
12709.0,3
15892.0,3
14800.0,3
10395.0,3
14947.0,3
15602.0,3
3211.0,3
11039.0,3
10732.0,3
12193.0,3
19520.0,3
16120.0,3
9005.0,3
20492.0,3
20156.0,3
15937.0,3
6315.0,3
19751.0,3
14696.0,3
12584.0,3
18687.0,3
19241.0,3
14259.0,3
6535.0,3
19285.0,3
8573.0,3
16222.0,3
7314.0,3
7015.0,3
7757.0,3
11060.0,3
11351.0,3
11426.0,3
11427.0,3
11707.0,3
12271.0,3
13343.0,3
13560.0,3
7725.0,3
15043.0,3
16558.0,3
19992.0,3
16341.0,3
13129.0,3
13128.0,3
15896.0,3
18520.0,3
12093.0,3
8057.0,3
8206.0,3
5518.0,3
14308.0,3
3957.0,3
10317.0,3
11179.0,3
13455.0,3
14644.0,3
14697.0,3
14712.0,3
15275.0,3
17051.0,3
17268.0,3
19012.0,3
19720.0,3
3933.0,3
20472.0,3
17333.0,3
11509.0,3
8083.0,3
11.0,3
12287.0,3
13594.0,3
6485.0,3
17087.0,3
18798.0,3
3293.0,3
17647.0,3
188.0,3
6884.0,3
8343.0,3
8601.0,3
12963.0,3
16066.0,3
20709.0,3
5380.0,3
12602.0,3
1565.0,3
4738.0,3
1600.0,3
18711.0,3
6192.0,3
9338.0,3
8194.0,3
12847.0,3
12965.0,3
20548.0,3
8702.0,3
15991.0,3
1729.0,3
15859.0,3
11373.0,3
6373.0,3
19267.0,3
15783.0,3
808.0,3
19737.0,3
19925.0,3
8193.0,3
13082.0,3
6078.0,3
7337.0,3
12973.0,3
5872.0,3
2721.0,3
8197.0,3
8605.0,3
12993.0,3
14953.0,3
2848.0,3
3058.0,3
5468.0,3
8663.0,3
12925.0,3
46.0,3
15501.0,3
15946.0,3
16104.0,3
10506.0,3
6419.0,3
1982.0,3
7042.0,3
10594.0,3
10064.0,3
4792.0,3
10467.0,3
10348.0,3
14133.0,3
10786.0,3
14496.0,3
13650.0,3
11718.0,3
10576.0,3
7509.0,3
13294.0,3
16255.0,3
16625.0,3
12206.0,3
19375.0,3
2162.0,3
14151.0,3
6736.0,3
9723.0,3
16639.0,3
17559.0,3
17668.0,3
17397.0,3
18983.0,3
13696.0,3
2822.0,3
18760.0,3
6592.0,3
15493.0,3
6893.0,3
9165.0,3
11604.0,3
1692.0,3
4002.0,3
4004.0,3
6826.0,3
7618.0,3
7994.0,3
14222.0,3
12666.0,3
14273.0,3
12426.0,3
6726.0,3
18913.0,3
2846.0,3
3707.0,3
9674.0,3
15484.0,3
17088.0,3
18499.0,3
19141.0,3
20236.0,3
10028.0,3
14345.0,3
8431.0,3
12545.0,3
12454.0,3
10692.0,3
2631.0,3
16251.0,3
8830.0,3
11387.0,3
17737.0,3
9826.0,3
20559.0,3
15027.0,3
3092.0,3
6756.0,3
8368.0,3
8408.0,3
8477.0,3
8659.0,3
8729.0,3
8736.0,3
8803.0,3
9042.0,3
9096.0,3
9108.0,3
12347.0,3
12368.0,3
12387.0,3
12429.0,3
12620.0,3
12649.0,3
12772.0,3
13267.0,3
13277.0,3
13283.0,3
15513.0,3
15532.0,3
15581.0,3
15661.0,3
15818.0,3
15998.0,3
16133.0,3
16267.0,3
20493.0,3
15437.0,3
2688.0,3
7960.0,3
13541.0,3
14904.0,3
16807.0,3
18838.0,3
7038.0,3
15690.0,3
7152.0,3
7764.0,3
8076.0,3
268.0,3
14757.0,3
19690.0,3
15031.0,3
10678.0,3
4587.0,3
8755.0,3
4452.0,3
14378.0,3
6133.0,3
5731.0,3
12804.0,3
9052.0,3
12640.0,3
12755.0,3
9508.0,3
16114.0,3
6871.0,3
8635.0,3
8689.0,3
8716.0,3
8718.0,3
12789.0,3
12937.0,3
13037.0,3
13108.0,3
13114.0,3
13122.0,3
15727.0,3
8065.0,3
13489.0,3
4543.0,3
11207.0,3
6661.0,3
9008.0,3
12684.0,3
9306.0,3
8799.0,3
5694.0,3
17488.0,3
17439.0,3
14931.0,3
16658.0,3
15624.0,3
12068.0,3
6472.0,3
6540.0,3
18699.0,3
15176.0,3
5774.0,3
13733.0,3
11410.0,3
5718.0,3
19639.0,3
15420.0,3
13235.0,3
6522.0,3
9181.0,3
19558.0,3
13111.0,3
9091.0,3
11248.0,3
4366.0,3
14643.0,3
2515.0,3
4762.0,3
4634.0,3
9387.0,3
9507.0,3
6108.0,3
8680.0,3
3856.0,3
4319.0,3
5051.0,3
5637.0,3
5739.0,3
6576.0,3
7216.0,3
7930.0,3
10368.0,3
11608.0,3
11858.0,3
12095.0,3
14891.0,3
15131.0,3
20183.0,3
5773.0,3
19051.0,3
17519.0,3
8651.0,3
8653.0,3
19776.0,3
9917.0,3
33.0,3
1140.0,3
1120.0,3
2863.0,3
3265.0,3
3305.0,3
3308.0,3
3324.0,3
3582.0,3
4222.0,3
5081.0,3
5385.0,3
5399.0,3
5403.0,3
5410.0,3
5417.0,3
5419.0,3
5424.0,3
5493.0,3
5539.0,3
5552.0,3
5557.0,3
5583.0,3
5604.0,3
5605.0,3
5611.0,3
5615.0,3
5631.0,3
6123.0,3
6403.0,3
6469.0,3
6659.0,3
6665.0,3
6695.0,3
6727.0,3
6734.0,3
6754.0,3
6785.0,3
6835.0,3
8198.0,3
8224.0,3
8245.0,3
8251.0,3
8266.0,3
8272.0,3
8277.0,3
8330.0,3
8332.0,3
8387.0,3
8426.0,3
8469.0,3
8483.0,3
8514.0,3
8582.0,3
8586.0,3
8608.0,3
8612.0,3
8733.0,3
8737.0,3
8740.0,3
8741.0,3
8785.0,3
8787.0,3
8807.0,3
8816.0,3
8857.0,3
8881.0,3
8897.0,3
8954.0,3
8957.0,3
8974.0,3
8977.0,3
8980.0,3
8984.0,3
8986.0,3
8992.0,3
9013.0,3
9104.0,3
9120.0,3
9133.0,3
9167.0,3
9189.0,3
9200.0,3
9208.0,3
10876.0,3
11825.0,3
11929.0,3
12032.0,3
12110.0,3
12220.0,3
12222.0,3
12267.0,3
12308.0,3
12320.0,3
12352.0,3
12382.0,3
12401.0,3
12414.0,3
12458.0,3
12513.0,3
12547.0,3
12573.0,3
12621.0,3
12626.0,3
12634.0,3
12667.0,3
12781.0,3
12784.0,3
12787.0,3
12868.0,3
12871.0,3
12876.0,3
12909.0,3
13064.0,3
13088.0,3
13197.0,3
13198.0,3
13226.0,3
13237.0,3
13299.0,3
13300.0,3
13411.0,3
13437.0,3
13902.0,3
13913.0,3
13974.0,3
14108.0,3
14455.0,3
14477.0,3
14679.0,3
14721.0,3
14829.0,3
15385.0,3
15435.0,3
15504.0,3
15509.0,3
15554.0,3
15687.0,3
15702.0,3
15758.0,3
15879.0,3
15979.0,3
16095.0,3
16195.0,3
16237.0,3
16406.0,3
16569.0,3
16882.0,3
16985.0,3
17035.0,3
17125.0,3
17252.0,3
17304.0,3
17374.0,3
19388.0,3
20481.0,3
20704.0,3
20751.0,3
10023.0,3
17642.0,3
11210.0,3
12209.0,3
3994.0,3
17358.0,3
2519.0,3
4664.0,3
2509.0,3
4723.0,3
4854.0,3
752.0,3
5506.0,3
3734.0,3
5687.0,3
6113.0,3
6379.0,3
6596.0,3
6725.0,3
6936.0,3
7010.0,3
7086.0,3
7252.0,3
7390.0,3
7503.0,3
7506.0,3
7637.0,3
7673.0,3
7686.0,3
7735.0,3
7782.0,3
8121.0,3
8247.0,3
8365.0,3
8607.0,3
8975.0,3
9145.0,3
9161.0,3
9416.0,3
9607.0,3
9610.0,3
9836.0,3
9993.0,3
10007.0,3
10013.0,3
10323.0,3
10355.0,3
10538.0,3
10993.0,3
11189.0,3
11285.0,3
11414.0,3
11545.0,3
12277.0,3
12568.0,3
12612.0,3
12656.0,3
12793.0,3
13213.0,3
13273.0,3
13276.0,3
13867.0,3
14608.0,3
14654.0,3
14700.0,3
15143.0,3
15522.0,3
15860.0,3
16305.0,3
16315.0,3
16668.0,3
16858.0,3
16870.0,3
17043.0,3
17403.0,3
18590.0,3
18649.0,3
18820.0,3
19669.0,3
19852.0,3
19904.0,3
19998.0,3
3925.0,3
10322.0,3
7293.0,3
18650.0,3
14808.0,3
12404.0,3
8090.0,3
20329.0,3
11014.0,3
16814.0,3
3431.0,3
13110.0,3
11680.0,3
14949.0,3
8474.0,3
9087.0,3
6933.0,3
16295.0,3
16075.0,3
4644.0,3
9672.0,3
14581.0,3
2820.0,3
6788.0,3
9039.0,3
12314.0,3
13079.0,3
17468.0,3
17552.0,3
7868.0,3
16461.0,3
553.0,3
1257.0,3
1883.0,3
3336.0,3
3342.0,3
5381.0,3
5577.0,3
5590.0,3
6740.0,3
6841.0,3
6848.0,3
8213.0,3
8289.0,3
8373.0,3
8520.0,3
8526.0,3
8656.0,3
8763.0,3
8792.0,3
8862.0,3
8873.0,3
9007.0,3
9170.0,3
12288.0,3
12321.0,3
12422.0,3
12447.0,3
12466.0,3
12597.0,3
12664.0,3
12923.0,3
13031.0,3
13112.0,3
13177.0,3
13201.0,3
13231.0,3
15550.0,3
15598.0,3
65500.0,3
2131.0,3
12840.0,3
764.0,3
14184.0,3
15975.0,3
17507.0,3
15475.0,3
12984.0,3
8722.0,3
15923.0,3
16052.0,3
6868.0,3
2876.0,3
12284.0,3
13415.0,3
5623.0,3
18853.0,3
16673.0,3
11891.0,3
19180.0,3
12672.0,3
9064.0,3
16223.0,3
17349.0,3
10754.0,3
14539.0,3
6068.0,3
5630.0,3
16168.0,3
12631.0,3
15526.0,3
20139.0,3
11926.0,3
18668.0,3
17260.0,3
10587.0,3
13737.0,3
16957.0,3
19785.0,3
7370.0,3
11195.0,3
7864.0,3
17156.0,3
11325.0,3
1332.0,3
16312.0,3
765.0,3
11728.0,3
10081.0,3
10114.0,3
11450.0,3
18720.0,3
15340.0,3
18957.0,3
1505.0,3
14234.0,3
6057.0,3
19118.0,3
6383.0,3
19841.0,3
17166.0,3
8849.0,3
8066.0,3
6979.0,3
7246.0,3
12214.0,3
13619.0,3
14039.0,3
15127.0,3
15356.0,3
17114.0,3
19183.0,3
20260.0,3
20143.0,3
6368.0,3
3820.0,3
4372.0,3
5076.0,3
4527.0,3
6437.0,3
7113.0,3
7127.0,3
7324.0,3
7333.0,3
7439.0,3
7723.0,3
7767.0,3
7832.0,3
7881.0,3
7951.0,3
7986.0,3
8158.0,3
10510.0,3
10558.0,3
10573.0,3
10621.0,3
10664.0,3
10689.0,3
10749.0,3
10766.0,3
10815.0,3
10851.0,3
10925.0,3
10930.0,3
10950.0,3
10973.0,3
10989.0,3
11016.0,3
11027.0,3
11054.0,3
11070.0,3
11092.0,3
11190.0,3
11206.0,3
11209.0,3
11215.0,3
11239.0,3
11261.0,3
11319.0,3
11323.0,3
11370.0,3
11402.0,3
11471.0,3
11553.0,3
11565.0,3
11586.0,3
11591.0,3
11594.0,3
11766.0,3
11789.0,3
11794.0,3
11864.0,3
11918.0,3
11953.0,3
11976.0,3
11988.0,3
12084.0,3
12138.0,3
12204.0,3
12221.0,3
12237.0,3
13333.0,3
13396.0,3
13435.0,3
13493.0,3
13573.0,3
13603.0,3
13654.0,3
13689.0,3
13691.0,3
13693.0,3
13710.0,3
13729.0,3
13744.0,3
13749.0,3
13770.0,3
13816.0,3
13818.0,3
13853.0,3
14060.0,3
14082.0,3
14194.0,3
14206.0,3
14228.0,3
14395.0,3
14421.0,3
14444.0,3
14523.0,3
14547.0,3
14591.0,3
14635.0,3
14647.0,3
14724.0,3
14725.0,3
14733.0,3
14858.0,3
14951.0,3
15020.0,3
15145.0,3
15164.0,3
15249.0,3
15284.0,3
16439.0,3
16468.0,3
16478.0,3
16489.0,3
16555.0,3
16678.0,3
16760.0,3
16767.0,3
16823.0,3
16976.0,3
16995.0,3
17066.0,3
17127.0,3
17194.0,3
17259.0,3
17441.0,3
18435.0,3
18524.0,3
18665.0,3
18708.0,3
18719.0,3
18866.0,3
18891.0,3
18923.0,3
19034.0,3
19076.0,3
19121.0,3
19170.0,3
19173.0,3
19185.0,3
19187.0,3
19307.0,3
19337.0,3
19434.0,3
19518.0,3
19532.0,3
19550.0,3
19566.0,3
19697.0,3
19712.0,3
19885.0,3
19922.0,3
20131.0,3
20155.0,3
20179.0,3
20280.0,3
20450.0,3
20470.0,3
21533.0,3
1787.0,3
4239.0,3
8591.0,3
5435.0,3
12609.0,3
5396.0,3
8564.0,3
13160.0,3
2594.0,3
2595.0,3
15467.0,3
6896.0,3
5603.0,3
11047.0,3
12090.0,3
14917.0,3
17303.0,3
17404.0,3
18865.0,3
18964.0,3
19552.0,3
11052.0,3
16749.0,3
19831.0,3
19935.0,3
4376.0,3
4496.0,3
15811.0,3
19474.0,3
14191.0,3
15746.0,3
12108.0,3
13533.0,3
16623.0,3
16945.0,3
19738.0,3
16783.0,3
13039.0,3
10565.0,3
16318.0,3
1484.0,3
16098.0,3
2612.0,3
10199.0,3
17024.0,3
15304.0,3
14494.0,3
6862.0,3
16428.0,3
16099.0,3
8692.0,3
9726.0,3
7598.0,3
9265.0,3
11762.0,3
16693.0,3
19796.0,3
6713.0,3
4.0,3
17724.0,3
18558.0,3
12716.0,3
9417.0,3
3633.0,3
11625.0,3
13697.0,3
14007.0,3
15247.0,3
16438.0,3
17345.0,3
17392.0,3
19062.0,3
19662.0,3
7424.0,3
2941.0,3
7744.0,3
15742.0,3
6499.0,3
15876.0,3
16100.0,3
10695.0,3
13477.0,3
3465.0,3
8239.0,3
1248.0,3
8624.0,3
12917.0,3
12989.0,3
15424.0,3
15527.0,3
16051.0,3
16259.0,3
719.0,3
12019.0,3
1879.0,3
16426.0,3
9959.0,3
11313.0,3
1667.0,3
13093.0,3
16692.0,3
11933.0,3
5386.0,3
17152.0,3
6056.0,3
5033.0,3
15615.0,3
16429.0,3
9164.0,3
12595.0,3
12853.0,3
12899.0,3
12907.0,3
13251.0,3
15862.0,3
16024.0,3
16152.0,3
13040.0,3
13225.0,3
16599.0,3
13083.0,3
19765.0,3
4613.0,3
8579.0,3
2697.0,3
10207.0,3
10660.0,3
8460.0,3
2276.0,3
8248.0,3
20198.0,3
5513.0,3
5596.0,3
2609.0,3
7642.0,3
8244.0,3
15364.0,3
5505.0,3
20086.0,3
14669.0,3
6289.0,3
13741.0,3
18860.0,3
20076.0,3
19641.0,3
15140.0,3
16580.0,3
16734.0,3
16938.0,3
20226.0,3
9011.0,3
1663.0,3
19224.0,3
4188.0,3
5763.0,3
6481.0,3
10680.0,3
11987.0,3
12229.0,3
13352.0,3
13469.0,3
13639.0,3
13680.0,3
13690.0,3
14152.0,3
14242.0,3
14334.0,3
14458.0,3
14533.0,3
15244.0,3
15306.0,3
16553.0,3
16707.0,3
16782.0,3
16895.0,3
17034.0,3
17302.0,3
18585.0,3
18982.0,3
20056.0,3
20068.0,3
20265.0,3
20303.0,3
20398.0,3
20456.0,3
15922.0,3
7631.0,3
9543.0,3
9788.0,3
17551.0,3
11668.0,3
20404.0,3
9324.0,3
3409.0,3
13920.0,3
15238.0,3
14759.0,3
14588.0,3
16528.0,3
11237.0,3
8054.0,3
224.0,3
20553.0,3
13559.0,3
15851.0,3
9486.0,3
17479.0,3
17489.0,3
6717.0,3
1849.0,3
4959.0,3
16808.0,3
17644.0,3
11286.0,3
9238.0,3
9796.0,3
9825.0,3
9829.0,3
9830.0,3
10029.0,3
10095.0,3
10125.0,3
17426.0,3
17447.0,3
17453.0,3
17648.0,3
18836.0,3
14624.0,3
7557.0,3
7664.0,3
7458.0,3
7301.0,3
13179.0,3
4958.0,3
13653.0,3
14975.0,3
20258.0,3
19863.0,3
1342.0,3
1739.0,3
8237.0,3
8912.0,3
12520.0,3
12552.0,3
12712.0,3
13030.0,3
13250.0,3
15482.0,3
15623.0,3
15667.0,3
15731.0,3
16247.0,3
18973.0,3
13208.0,3
5703.0,3
4717.0,3
6879.0,3
9103.0,3
13065.0,3
15917.0,3
5559.0,3
10809.0,3
14498.0,3
20485.0,3
17247.0,3
10571.0,3
9174.0,3
446.0,3
9199.0,3
1909.0,3
8721.0,3
2830.0,3
3389.0,3
5855.0,3
20632.0,3
15236.0,3
12912.0,3
16762.0,3
16876.0,3
11808.0,3
12481.0,3
10616.0,3
16610.0,3
18.0,3
19715.0,3
17461.0,3
9409.0,3
9146.0,3
12762.0,3
10753.0,3
14061.0,3
17134.0,3
5471.0,3
19667.0,3
8947.0,3
12752.0,3
13074.0,3
15425.0,3
15823.0,3
16061.0,3
19086.0,3
12635.0,3
2042.0,3
9833.0,3
10111.0,3
4109.0,3
1778.0,3
5042.0,3
11655.0,3
13806.0,3
12731.0,3
10152.0,3
13280.0,3
15341.0,3
19672.0,3
7521.0,3
12943.0,3
17138.0,3
10345.0,3
13214.0,3
19522.0,3
15856.0,3
16121.0,3
14687.0,3
13713.0,3
12744.0,3
13552.0,3
18478.0,3
9394.0,3
8697.0,3
8376.0,3
8934.0,3
9038.0,3
12524.0,3
9520.0,3
4939.0,3
3881.0,3
6180.0,3
17416.0,3
6139.0,3
8425.0,3
16021.0,3
655.0,3
13449.0,3
15569.0,3
13779.0,3
8956.0,3
13373.0,3
1531.0,3
15406.0,3
20649.0,3
8831.0,3
17157.0,3
6706.0,3
20042.0,3
14251.0,3
13142.0,3
8731.0,3
205.0,3
9187.0,3
2607.0,3
2546.0,3
11477.0,3
3460.0,3
5402.0,3
12356.0,3
12715.0,3
12845.0,3
15616.0,3
15954.0,3
6901.0,3
8216.0,3
19564.0,3
8250.0,3
15929.0,3
13053.0,3
15497.0,3
15048.0,3
7467.0,3
9389.0,3
65120.0,3
17511.0,3
8191.0,3
16320.0,3
4662.0,3
12990.0,3
7223.0,3
19477.0,3
19939.0,3
2683.0,3
13238.0,3
8359.0,3
8311.0,3
11589.0,3
7660.0,3
839.0,3
12448.0,3
15243.0,3
14167.0,3
15502.0,3
18736.0,3
12443.0,3
16875.0,3
2199.0,3
17064.0,3
10774.0,3
19991.0,3
19025.0,3
14544.0,3
14988.0,3
6335.0,3
7856.0,3
8747.0,3
8071.0,3
15948.0,3
9800.0,3
4789.0,3
9801.0,3
17078.0,3
12551.0,3
24.0,3
7847.0,3
15841.0,3
15698.0,3
9528.0,3
9568.0,3
9573.0,3
9632.0,3
9644.0,3
9689.0,3
9690.0,3
9758.0,3
9769.0,3
9853.0,3
9861.0,3
9864.0,3
9972.0,3
10048.0,3
10050.0,3
10155.0,3
10156.0,3
10161.0,3
10162.0,3
17578.0,3
17245.0,3
6280.0,3
1942.0,3
9190.0,3
12598.0,3
12680.0,3
5760.0,3
20181.0,3
14048.0,3
9676.0,3
18990.0,3
18910.0,3
3141.0,3
7892.0,3
16950.0,3
3255.0,3
8192.0,3
12593.0,3
15458.0,3
15461.0,3
15820.0,3
16324.0,3
18477.0,3
20703.0,3
20754.0,3
4500.0,3
15889.0,3
9980.0,3
1877.0,3
6855.0,3
13012.0,3
8384.0,3
13969.0,3
18774.0,3
20543.0,3
10024.0,3
14059.0,3
13071.0,3
14193.0,3
5960.0,3
7068.0,3
14256.0,3
11939.0,3
14143.0,3
15750.0,3
2493.0,3
834.0,3
16634.0,3
8528.0,3
12988.0,3
13817.0,3
8334.0,3
16471.0,3
16629.0,3
19196.0,3
1890.0,3
3083.0,3
14462.0,3
11099.0,3
7542.0,3
9544.0,3
2036.0,3
13368.0,3
1888.0,3
14032.0,3
70.0,3
3527.0,3
6629.0,3
11131.0,3
11318.0,3
186.0,3
9914.0,3
13097.0,3
18453.0,3
8285.0,3
3327.0,3
12833.0,3
16260.0,3
11694.0,3
17287.0,3
19192.0,3
6495.0,3
12735.0,3
12873.0,3
13190.0,3
16069.0,3
16008.0,3
5523.0,3
10224.0,3
4759.0,3
17052.0,3
15915.0,3
14120.0,3
9458.0,3
8626.0,3
13702.0,3
50.0,3
9810.0,3
7466.0,3
4148.0,3
6888.0,3
8715.0,3
8894.0,3
12537.0,3
12617.0,3
12660.0,3
12802.0,3
12849.0,3
13264.0,3
15445.0,3
15707.0,3
15805.0,3
16116.0,3
16240.0,3
20623.0,3
9530.0,3
4858.0,3
9192.0,3
19164.0,3
16919.0,3
11178.0,3
11222.0,3
15388.0,3
7087.0,3
12075.0,3
9728.0,3
11614.0,3
14396.0,3
10063.0,3
10073.0,3
10176.0,3
17574.0,3
7624.0,3
20221.0,3
8321.0,3
2523.0,3
2008.0,3
5719.0,3
3754.0,3
17131.0,3
15626.0,3
16000.0,3
14896.0,3
14749.0,3
15212.0,3
16565.0,3
11501.0,3
18534.0,3
12438.0,3
9524.0,3
12449.0,3
10484.0,3
9637.0,3
10107.0,3
10447.0,3
8320.0,3
17249.0,3
13042.0,3
1124.0,3
18515.0,3
8758.0,3
8844.0,3
8946.0,3
15426.0,3
15704.0,3
4783.0,3
18486.0,3
16924.0,3
15375.0,3
11851.0,3
10990.0,3
19394.0,3
4860.0,3
7611.0,3
14888.0,3
2534.0,3
9890.0,3
11386.0,3
10403.0,3
13398.0,3
11221.0,3
20004.0,3
5467.0,3
17253.0,3
11235.0,3
14734.0,3
11347.0,3
10139.0,3
17466.0,3
9654.0,3
9612.0,3
17326.0,3
15648.0,3
14927.0,3
15097.0,3
4133.0,3
4781.0,3
7478.0,3
7710.0,3
9283.0,3
9785.0,3
10126.0,3
7535.0,3
7538.0,3
15111.0,3
2259.0,3
9875.0,3
7219.0,3
18678.0,3
11581.0,3
17536.0,3
16165.0,3
9916.0,3
19459.0,3
13331.0,3
15397.0,3
2511.0,3
9372.0,3
19983.0,3
19246.0,3
13015.0,3
15662.0,3
17167.0,3
7570.0,3
10599.0,3
11204.0,3
16283.0,3
1852.0,3
5653.0,3
11293.0,3
2007.0,3
15603.0,3
16695.0,3
7410.0,3
9643.0,3
12012.0,3
13727.0,3
9873.0,3
19981.0,3
9216.0,3
5416.0,3
5436.0,3
5624.0,3
6709.0,3
8234.0,3
8394.0,3
8529.0,3
8818.0,3
8896.0,3
8922.0,3
8967.0,3
9019.0,3
9158.0,3
10226.0,3
12323.0,3
12482.0,3
12521.0,3
12642.0,3
12929.0,3
12948.0,3
12969.0,3
13016.0,3
13035.0,3
13052.0,3
13066.0,3
13216.0,3
15557.0,3
15567.0,3
15609.0,3
15699.0,3
15857.0,3
15956.0,3
16198.0,3
16207.0,3
16371.0,3
17491.0,3
6758.0,3
17233.0,3
9237.0,3
13997.0,3
18804.0,3
12.0,3
11684.0,3
7029.0,3
7896.0,3
14565.0,3
16923.0,3
10798.0,3
11569.0,3
16637.0,3
16853.0,3
17148.0,3
18775.0,3
20011.0,3
11339.0,3
3670.0,3
12977.0,3
9539.0,3
9209.0,3
11143.0,3
8264.0,3
8357.0,3
12561.0,3
15431.0,3
15575.0,3
2119.0,3
18877.0,3
7445.0,3
851.0,3
4470.0,3
14503.0,3
3796.0,3
13261.0,3
8793.0,3
10097.0,3
6470.0,3
6671.0,3
7991.0,3
10117.0,3
9018.0,3
12916.0,3
15622.0,3
15748.0,3
15837.0,3
5579.0,3
20037.0,3
13962.0,3
19613.0,3
16855.0,3
8914.0,3
10953.0,3
14278.0,3
813.0,3
14832.0,3
227.0,3
8130.0,3
6488.0,3
8204.0,3
8360.0,3
8307.0,3
8569.0,3
8648.0,3
9183.0,3
9215.0,3
12349.0,3
12374.0,3
13058.0,3
13219.0,3
13232.0,3
15506.0,3
15579.0,3
15613.0,3
15657.0,3
15669.0,3
15743.0,3
15781.0,3
15813.0,3
15983.0,3
16037.0,3
16068.0,3
16107.0,3
93.0,3
8750.0,3
3700.0,3
6303.0,3
6253.0,3
7089.0,3
8012.0,3
10457.0,3
10813.0,3
11082.0,3
11362.0,3
12265.0,3
13537.0,3
14074.0,3
14344.0,3
14492.0,3
14495.0,3
14584.0,3
14611.0,3
14732.0,3
14866.0,3
14978.0,3
15089.0,3
15278.0,3
16833.0,3
17361.0,3
18438.0,3
18525.0,3
18652.0,3
19205.0,3
19274.0,3
19415.0,3
19786.0,3
19812.0,3
20149.0,3
7736.0,3
17098.0,3
14863.0,3
11324.0,3
18448.0,3
9084.0,3
12596.0,3
13987.0,3
15568.0,3
15766.0,3
17211.0,3
11866.0,3
19588.0,3
7157.0,3
13441.0,3
9335.0,3
12469.0,3
4306.0,3
13953.0,3
18681.0,3
4151.0,3
9332.0,3
19666.0,3
12018.0,3
2165.0,3
14169.0,3
15409.0,3
7484.0,3
9879.0,3
10087.0,3
17449.0,3
14871.0,3
9856.0,3
10745.0,3
11152.0,3
10559.0,3
1717.0,3
11797.0,3
11803.0,3
14785.0,3
14846.0,3
18742.0,3
19692.0,3
3918.0,3
13165.0,3
12622.0,3
13700.0,3
17218.0,3
10453.0,3
6852.0,3
15888.0,3
12734.0,3
103.0,3
13883.0,3
13896.0,3
13877.0,3
12379.0,3
9512.0,3
15641.0,3
11440.0,3
18809.0,3
19842.0,3
20285.0,3
2503.0,3
4692.0,3
9618.0,3
17503.0,3
13795.0,3
16182.0,3
15694.0,3
15112.0,3
2148.0,3
2643.0,3
8205.0,3
12307.0,3
8895.0,3
7254.0,3
7238.0,3
11963.0,3
19562.0,3
14855.0,3
13315.0,3
3663.0,3
10758.0,3
11183.0,3
11937.0,3
13709.0,3
13847.0,3
16603.0,3
7519.0,3
7531.0,3
7668.0,3
7672.0,3
9222.0,3
9371.0,3
10020.0,3
10564.0,3
10279.0,3
14.0,3
20.0,3
26.0,3
91.0,3
3685.0,3
3756.0,3
4385.0,3
11872.0,3
18930.0,3
18559.0,3
15671.0,3
16264.0,3
13480.0,3
18705.0,3
12863.0,3
16401.0,3
679.0,3
1776.0,3
9023.0,3
12766.0,3
15454.0,3
16282.0,3
6164.0,3
6571.0,3
19897.0,3
14521.0,3
16740.0,3
16015.0,3
19084.0,3
16817.0,3
10132.0,3
16266.0,3
19747.0,3
16865.0,3
16477.0,3
11349.0,3
12353.0,3
9430.0,3
20518.0,3
19517.0,3
1480.0,3
16519.0,3
12616.0,3
15178.0,3
14102.0,3
6906.0,3
12548.0,3
13557.0,3
3043.0,3
3845.0,3
19068.0,3
20136.0,3
8780.0,3
9691.0,3
11754.0,3
19626.0,3
12820.0,3
15778.0,3
5757.0,3
15775.0,3
12749.0,3
5780.0,3
14468.0,3
13248.0,3
12500.0,3
9182.0,3
8925.0,3
16688.0,3
12794.0,3
16983.0,3
18882.0,3
19620.0,3
19955.0,3
2158.0,3
5979.0,3
19036.0,3
9256.0,3
12872.0,3
13132.0,3
7206.0,3
7900.0,3
12082.0,3
11846.0,3
20418.0,3
14474.0,3
18858.0,3
3365.0,3
2900.0,3
7023.0,3
7807.0,3
8117.0,3
10298.0,3
10654.0,3
10887.0,3
11067.0,3
11220.0,3
11274.0,3
11671.0,3
11878.0,3
11917.0,3
12085.0,3
12184.0,3
13503.0,3
13715.0,3
13801.0,3
13808.0,3
14476.0,3
14629.0,3
14728.0,3
15150.0,3
15198.0,3
15281.0,3
15322.0,3
16400.0,3
16620.0,3
16680.0,3
16820.0,3
16866.0,3
16873.0,3
17036.0,3
17246.0,3
18518.0,3
18569.0,3
18778.0,3
19149.0,3
19204.0,3
19726.0,3
19948.0,3
20083.0,3
1808.0,3
11302.0,3
15363.0,3
12480.0,3
1251.0,3
4767.0,3
9551.0,3
17023.0,3
14560.0,3
17741.0,3
14379.0,3
10197.0,3
8836.0,3
13244.0,3
2917.0,3
6332.0,3
6400.0,3
6897.0,3
12493.0,3
13568.0,3
15421.0,3
19767.0,3
2471.0,3
5509.0,3
16132.0,3
18622.0,3
19977.0,3
11480.0,3
10944.0,3
16934.0,3
16671.0,3
20108.0,3
9093.0,3
8450.0,3
2857.0,3
19506.0,3
13724.0,3
15878.0,3
20014.0,3
12718.0,3
4367.0,3
16559.0,3
14490.0,3
9721.0,3
15074.0,3
9081.0,3
11197.0,3
10173.0,3
3599.0,3
59.0,3
8572.0,3
10118.0,3
7065.0,3
16780.0,3
17147.0,3
14356.0,3
14407.0,3
9502.0,3
15366.0,3
10082.0,3
12881.0,3
16800.0,3
2920.0,3
5512.0,3
19681.0,3
12383.0,3
15157.0,3
15279.0,3
422.0,3
14652.0,3
9032.0,3
6694.0,3
1589.0,3
11827.0,3
3935.0,3
4411.0,3
4444.0,3
15819.0,3
10319.0,3
12904.0,3
14058.0,3
14884.0,3
8595.0,3
12550.0,3
12679.0,3
12739.0,3
15487.0,3
15632.0,3
15934.0,3
16173.0,3
20702.0,3
20333.0,3
2047.0,3
6883.0,3
19896.0,3
19865.0,3
14607.0,3
2.0,3
9919.0,3
16422.0,3
1829.0,3
14264.0,3
4158.0,3
20096.0,3
10942.0,3
20629.0,3
19452.0,3
8883.0,3
9278.0,3
14661.0,3
5690.0,3
14013.0,3
7622.0,3
17579.0,3
10696.0,3
8804.0,3
9211.0,3
8200.0,3
8751.0,3
13121.0,3
20516.0,3
6700.0,3
6876.0,3
16331.0,3
2929.0,3
19232.0,3
10113.0,3
14265.0,3
9564.0,3
20154.0,3
8498.0,3
5592.0,3
2520.0,3
10266.0,3
9770.0,3
13254.0,3
6737.0,3
8583.0,3
8858.0,3
8884.0,3
12309.0,3
12559.0,3
15360.0,3
15584.0,3
15663.0,3
15668.0,3
15875.0,3
15887.0,3
16076.0,3
16155.0,3
820.0,3
13611.0,3
20687.0,3
19117.0,3
18475.0,3
19451.0,3
16912.0,3
16566.0,3
11356.0,3
13135.0,3
1227.0,3
9495.0,3
19315.0,3
19637.0,3
20317.0,3
9067.0,3
13764.0,3
7749.0,3
19082.0,3
8931.0,3
13318.0,3
14553.0,3
11894.0,3
10508.0,3
7088.0,3
5684.0,3
16801.0,3
1471.0,3
13169.0,3
20522.0,3
16826.0,3
11836.0,3
12064.0,3
3846.0,3
6220.0,3
6358.0,3
6950.0,3
6954.0,3
6999.0,3
7055.0,3
7296.0,3
7351.0,3
7837.0,3
7883.0,3
7936.0,3
8259.0,3
9823.0,3
10673.0,3
11162.0,3
11731.0,3
11880.0,3
11913.0,3
12092.0,3
12117.0,3
12119.0,3
13003.0,3
13163.0,3
13345.0,3
13627.0,3
13629.0,3
13955.0,3
13957.0,3
14320.0,3
14349.0,3
14413.0,3
14592.0,3
14895.0,3
14936.0,3
14991.0,3
15077.0,3
15285.0,3
15300.0,3
15347.0,3
15516.0,3
15664.0,3
15872.0,3
15936.0,3
16392.0,3
16395.0,3
16396.0,3
16399.0,3
16405.0,3
16412.0,3
16455.0,3
16544.0,3
16595.0,3
16647.0,3
16676.0,3
16739.0,3
16842.0,3
16869.0,3
16993.0,3
17093.0,3
17184.0,3
17301.0,3
17311.0,3
17506.0,3
18439.0,3
18640.0,3
18692.0,3
18712.0,3
18803.0,3
18950.0,3
19202.0,3
19381.0,3
19421.0,3
19504.0,3
19540.0,3
19764.0,3
19836.0,3
20495.0,3
20222.0,3
13589.0,3
13758.0,3
9844.0,3
6322.0,3
16359.0,3
15521.0,3
6443.0,3
4130.0,3
11641.0,3
20138.0,3
11790.0,3
12151.0,3
5429.0,3
8358.0,3
12594.0,3
8536.0,3
2060.0,3
2193.0,3
6130.0,3
13470.0,3
7318.0,3
12235.0,3
4623.0,3
18849.0,3
19797.0,3
5569.0,3
17031.0,3
16215.0,3
15485.0,3
15685.0,3
19209.0,3
6794.0,3
9194.0,3
11679.0,3
1317.0,3
13514.0,3
7647.0,3
20616.0,3
1113.0,3
8643.0,3
17231.0,3
11193.0,3
4592.0,3
12238.0,3
16520.0,3
6699.0,3
12724.0,3
15423.0,3
13471.0,3
10489.0,3
11123.0,3
11308.0,3
11636.0,3
11667.0,3
19356.0,3
19739.0,3
6458.0,3
13742.0,3
1874.0,3
17198.0,3
10476.0,3
14709.0,3
15582.0,3
16143.0,3
15643.0,3
9963.0,3
10186.0,3
17573.0,3
9487.0,3
9683.0,3
20573.0,3
13968.0,3
13617.0,3
3144.0,3
14992.0,3
7045.0,3
4965.0,3
637.0,3
747.0,3
1602.0,3
1637.0,3
1649.0,3
1727.0,3
1985.0,3
1989.0,3
2746.0,3
3544.0,3
5303.0,3
5322.0,3
5326.0,3
5845.0,3
5860.0,3
5958.0,3
425.0,3
635.0,3
638.0,3
17618.0,3
18502.0,3
16423.0,3
9180.0,3
19834.0,3
3996.0,3
7997.0,3
11053.0,3
19429.0,3
6688.0,3
8035.0,3
9035.0,3
4295.0,3
4661.0,3
5730.0,3
11837.0,3
16431.0,3
8510.0,3
8503.0,3
6405.0,3
12525.0,3
16754.0,3
2274.0,3
14056.0,3
17653.0,3
4270.0,3
6188.0,3
13494.0,3
20576.0,3
7432.0,3
14930.0,3
13051.0,3
20646.0,3
11584.0,3
16020.0,3
9299.0,3
15471.0,3
15512.0,3
11657.0,3
7294.0,3
16303.0,3
19678.0,3
19000.0,3
3669.0,3
13777.0,3
10480.0,3
6406.0,3
15696.0,3
15689.0,3
6107.0,3
2600.0,3
15499.0,3
3621.0,3
8978.0,3
16330.0,3
6382.0,3
16473.0,3
3867.0,3
18689.0,3
4611.0,3
11159.0,3
760.0,3
1114.0,3
1117.0,3
1119.0,3
19044.0,3
19877.0,3
19656.0,3
19188.0,3
12935.0,3
797.0,3
14609.0,3
16503.0,3
1301.0,3
6431.0,3
19804.0,3
4730.0,3
2504.0,3
12570.0,3
13916.0,3
7766.0,3
7158.0,3
12882.0,3
19903.0,3
20489.0,3
15478.0,3
19749.0,3
15927.0,3
20248.0,3
17083.0,3
6071.0,3
17170.0,3
7644.0,3
5619.0,3
13069.0,3
13212.0,3
15659.0,3
15688.0,3
13931.0,3
4547.0,3
17355.0,3
19162.0,3
4599.0,3
12067.0,3
8442.0,3
8495.0,3
8969.0,3
9135.0,3
12407.0,3
12437.0,3
12936.0,3
13247.0,3
15486.0,3
16188.0,3
20621.0,3
9552.0,3
10147.0,3
20036.0,3
7071.0,3
14762.0,3
12311.0,3
2506.0,3
12492.0,3
8534.0,3
1850.0,3
19333.0,3
14579.0,3
6377.0,3
10230.0,3
12366.0,3
72.0,3
10700.0,3
10653.0,3
13376.0,3
4993.0,3
13518.0,3
2161.0,3
6633.0,3
3510.0,3
4538.0,3
9350.0,3
9355.0,3
8762.0,3
12893.0,3
15422.0,3
6804.0,3
3262.0,3
15711.0,3
16292.0,3
1678.0,3
2894.0,3
15271.0,3
2640.0,3
3380.0,3
3428.0,3
9591.0,3
10702.0,3
16.0,3
45.0,3
68.0,3
291.0,3
292.0,3
17422.0,3
10671.0,3
10962.0,3
16154.0,3
11839.0,3
19851.0,3
12398.0,3
14630.0,3
9947.0,3
9575.0,3
14729.0,3
3629.0,3
17438.0,3
7050.0,3
1657.0,3
17205.0,3
12121.0,3
18759.0,3
13763.0,3
19155.0,3
15967.0,3
8323.0,3
15489.0,3
11952.0,3
8028.0,3
16883.0,3
16110.0,3
16584.0,3
16874.0,3
10970.0,3
11838.0,3
16181.0,3
15739.0,3
13162.0,3
11376.0,3
13223.0,3
2629.0,3
4927.0,3
15000.0,3
14862.0,3
20544.0,3
10788.0,3
6506.0,3
17002.0,3
17624.0,3
14500.0,3
7469.0,3
14053.0,3
14900.0,3
9798.0,3
201.0,3
2052.0,3
5578.0,3
6803.0,3
8290.0,3
16142.0,3
6658.0,3
11038.0,3
5482.0,3
3762.0,3
14035.0,3
9142.0,3
3811.0,3
19594.0,3
12118.0,3
15935.0,3
8039.0,3
1482.0,3
10629.0,3
20683.0,3
16167.0,3
13194.0,3
15908.0,3
8677.0,3
14718.0,3
7785.0,3
3323.0,3
843.0,3
5764.0,3
12714.0,3
9927.0,3
13520.0,3
14812.0,3
14710.0,3
12499.0,3
12846.0,3
15508.0,3
16054.0,3
3839.0,3
17475.0,3
10339.0,3
15776.0,3
5071.0,3
14921.0,3
16364.0,3
15650.0,3
11008.0,3
16728.0,3
19995.0,3
19431.0,3
7181.0,3
20724.0,3
18758.0,3
3770.0,3
8125.0,3
8738.0,3
8867.0,3
8958.0,3
9071.0,3
13240.0,3
15380.0,3
15976.0,3
3340.0,3
8229.0,3
13556.0,3
4566.0,3
20490.0,3
15816.0,3
3866.0,3
3727.0,3
14956.0,3
19059.0,3
4364.0,3
12370.0,3
10464.0,3
17281.0,3
18656.0,3
6802.0,3
5755.0,3
2494.0,3
14641.0,3
9440.0,3
13050.0,3
8230.0,3
12497.0,3
15491.0,3
16270.0,3
9700.0,3
11626.0,3
16445.0,3
13061.0,3
3917.0,3
15800.0,3
9159.0,3
7844.0,3
9247.0,3
10768.0,3
8218.0,3
14961.0,3
16770.0,3
6161.0,3
11407.0,3
20035.0,3
9562.0,3
18787.0,3
13478.0,3
12799.0,3
12952.0,3
15585.0,3
15978.0,3
17193.0,3
13625.0,3
16781.0,3
4863.0,3
13998.0,3
16314.0,3
12884.0,3
15544.0,3
13773.0,3
49.0,3
5489.0,3
6744.0,3
8253.0,3
8618.0,3
8700.0,3
8991.0,3
9069.0,3
13092.0,3
20551.0,3
9358.0,3
12867.0,3
17456.0,3
12788.0,3
10657.0,3
8981.0,3
12830.0,3
16018.0,3
3916.0,3
11337.0,3
15255.0,3
52.0,3
15113.0,3
15732.0,3
11019.0,3
19527.0,3
17104.0,3
9589.0,3
12764.0,3
8449.0,3
12041.0,3
3392.0,3
20469.0,3
7688.0,3
16708.0,3
7755.0,3
11504.0,3
12042.0,3
10342.0,3
9585.0,3
7663.0,3
13365.0,3
6887.0,3
19019.0,3
8616.0,3
7261.0,3
16761.0,3
17082.0,3
17430.0,3
16393.0,3
11768.0,3
13774.0,3
18941.0,3
19228.0,3
5795.0,3
14409.0,3
11996.0,3
11401.0,3
4017.0,3
7828.0,3
7931.0,3
11452.0,3
11529.0,3
11722.0,3
11916.0,3
13498.0,3
13972.0,3
14223.0,3
14433.0,3
14996.0,3
15050.0,3
15065.0,3
16670.0,3
16813.0,3
17077.0,3
17324.0,3
19916.0,3
20072.0,3
17070.0,3
14920.0,3
15566.0,3
16915.0,3
15510.0,3
9559.0,3
11532.0,3
16290.0,3
11783.0,3
16441.0,3
18462.0,3
7475.0,3
9205.0,3
12933.0,3
15675.0,3
12468.0,3
11947.0,3
16601.0,3
14081.0,3
4536.0,3
6360.0,3
16772.0,3
16605.0,3
6570.0,3
11712.0,3
12272.0,3
15152.0,3
1461.0,3
14326.0,3
17378.0,3
20504.0,3
14689.0,3
7977.0,3
9891.0,3
9449.0,3
17707.0,3
11240.0,3
19830.0,3
19849.0,3
9550.0,3
10864.0,3
3591.0,3
12148.0,3
13429.0,3
2939.0,3
16942.0,3
2035.0,3
19822.0,3
6314.0,3
19839.0,3
16245.0,3
7726.0,3
18989.0,3
3625.0,3
234.0,3
3766.0,3
74.0,3
14522.0,3
7053.0,3
11473.0,3
7247.0,3
17427.0,3
16356.0,3
3314.0,3
10968.0,3
13227.0,3
5586.0,3
8519.0,3
17179.0,3
2562.0,3
161.0,3
10672.0,3
12154.0,3
20034.0,3
18611.0,3
12834.0,3
10181.0,3
9098.0,3
9857.0,3
8179.0,3
10042.0,3
17199.0,3
12274.0,3
7224.0,3
10240.0,3
14450.0,3
16719.0,3
18526.0,3
19243.0,3
19649.0,3
8402.0,3
11689.0,3
11970.0,3
18613.0,3
7947.0,3
19160.0,3
13378.0,3
4542.0,3
16904.0,3
3096.0,3
3307.0,3
3569.0,3
3573.0,3
3680.0,3
5610.0,3
5620.0,3
6595.0,3
8221.0,3
8232.0,3
8299.0,3
8493.0,3
8542.0,3
8660.0,3
8696.0,3
8703.0,3
8765.0,3
8801.0,3
8987.0,3
9065.0,3
9092.0,3
9150.0,3
9173.0,3
11002.0,3
12234.0,3
12319.0,3
12345.0,3
12385.0,3
12424.0,3
12475.0,3
12489.0,3
12624.0,3
12688.0,3
12701.0,3
12763.0,3
12854.0,3
12896.0,3
12996.0,3
13007.0,3
13013.0,3
13055.0,3
13084.0,3
13146.0,3
13189.0,3
15379.0,3
15429.0,3
15453.0,3
15472.0,3
15480.0,3
15589.0,3
15625.0,3
15633.0,3
15653.0,3
15681.0,3
15730.0,3
15734.0,3
15745.0,3
15789.0,3
15796.0,3
15799.0,3
15849.0,3
15852.0,3
15990.0,3
16032.0,3
16039.0,3
16050.0,3
16079.0,3
16086.0,3
16294.0,3
16350.0,3
16358.0,3
16368.0,3
16377.0,3
18676.0,3
20507.0,3
20631.0,3
20659.0,3
20696.0,3
20752.0,3
10236.0,3
65502.0,3
7635.0,3
7703.0,3
9542.0,3
9795.0,3
9822.0,3
10083.0,3
19147.0,3
15005.0,3
12991.0,3
13024.0,3
13292.0,3
15399.0,3
16753.0,3
10648.0,3
14366.0,3
16949.0,3
10388.0,3
19191.0,3
3354.0,3
14351.0,3
12442.0,3
8336.0,3
7661.0,3
13334.0,3
20671.0,3
8864.0,3
11364.0,3
13980.0,3
17279.0,3
13117.0,3
6818.0,3
12264.0,3
16732.0,3
16975.0,3
10992.0,3
11571.0,3
18781.0,3
10171.0,3
12263.0,3
16776.0,3
15897.0,3
3596.0,3
18592.0,3
11289.0,3
7310.0,3
12508.0,3
15377.0,3
5589.0,3
6710.0,3
19843.0,3
11228.0,3
13952.0,3
9382.0,3
10223.0,3
17473.0,3
15500.0,3
15006.0,3
10536.0,3
400.0,3
16159.0,3
2641.0,3
10043.0,3
20144.0,3
7082.0,3
12921.0,3
2109.0,3
12719.0,3
15403.0,3
16048.0,3
5600.0,3
5682.0,3
4600.0,3
8465.0,3
6864.0,3
8223.0,3
5628.0,3
11417.0,3
10736.0,3
12703.0,3
13191.0,3
15839.0,3
16174.0,3
9981.0,3
11290.0,3
1965.0,3
18600.0,3
4390.0,3
11094.0,3
17085.0,3
15722.0,3
11542.0,3
14125.0,3
5080.0,3
5961.0,3
16572.0,3
12373.0,3
20005.0,3
1682.0,3
10593.0,3
10681.0,3
14853.0,3
14854.0,3
15558.0,3
15771.0,3
8939.0,3
15853.0,3
3503.0,3
11385.0,3
15411.0,3
6296.0,3
7789.0,3
15265.0,3
4281.0,3
17202.0,3
15200.0,3
1321.0,3
18991.0,3
11860.0,3
7396.0,3
8930.0,3
12310.0,3
12189.0,3
11767.0,3
15315.0,3
19946.0,3
16500.0,3
13658.0,3
4609.0,3
4614.0,3
4627.0,3
4656.0,3
4760.0,3
7483.0,3
7499.0,3
7646.0,3
7705.0,3
9229.0,3
9230.0,3
9236.0,3
9241.0,3
9420.0,3
9504.0,3
9666.0,3
9799.0,3
9925.0,3
10027.0,3
10100.0,3
10146.0,3
17537.0,3
17564.0,3
17619.0,3
12024.0,3
19710.0,3
11549.0,3
19326.0,3
10231.0,3
8585.0,3
14439.0,3
13101.0,3
15877.0,3
9553.0,3
12540.0,3
15846.0,3
15630.0,3
16153.0,3
12412.0,3
20022.0,3
12106.0,3
17451.0,3
17300.0,3
12535.0,3
7582.0,3
9272.0,3
14043.0,3
6263.0,3
8263.0,3
8829.0,3
8905.0,3
15658.0,3
20651.0,3
5537.0,3
16342.0,3
14414.0,3
14391.0,3
14062.0,3
5762.0,3
11829.0,3
18942.0,3
3807.0,3
18932.0,3
15543.0,3
12700.0,3
10228.0,3
3080.0,3
18924.0,3
9711.0,3
12413.0,3
19119.0,3
1330.0,3
18513.0,3
19645.0,3
4528.0,3
11748.0,3
14925.0,3
18940.0,3
10938.0,3
16888.0,3
1488.0,3
8062.0,3
625.0,3
13266.0,3
15261.0,3
16239.0,3
5420.0,3
15793.0,3
7532.0,3
12071.0,3
14684.0,3
9447.0,3
20314.0,3
8539.0,3
15432.0,3
7202.0,3
20607.0,3
8533.0,3
8555.0,3
12842.0,3
15621.0,3
15723.0,3
15738.0,3
15868.0,3
16156.0,3
9254.0,3
4650.0,3
11701.0,3
1207.0,3
10474.0,3
10177.0,3
7344.0,3
11020.0,3
11051.0,3
12902.0,3
15916.0,3
10746.0,3
1475.0,3
11134.0,3
15476.0,3
7195.0,3
10318.0,3
11340.0,3
14664.0,3
20656.0,3
8013.0,3
8988.0,3
10264.0,3
5382.0,3
14763.0,3
15083.0,3
10782.0,3
12127.0,3
13682.0,3
11086.0,3
20581.0,3
3312.0,3
6820.0,3
8570.0,3
9107.0,3
12418.0,3
12686.0,3
13099.0,3
13192.0,3
15610.0,3
15736.0,3
16043.0,3
16345.0,3
15995.0,3
14552.0,3
17386.0,3
16752.0,3
19947.0,3
16288.0,3
1830.0,3
15941.0,3
17348.0,3
5742.0,3
6569.0,3
16609.0,3
4764.0,3
11106.0,3
9073.0,3
7399.0,3
12268.0,3
18488.0,3
