id,x,y,kde
17409,-115.740486,-122.16435
13380,77.74061,-97.656624
16804,44.098633,64.03143
2587,-159.64941,117.83496
15111,62.304905,10.259858
15544,-144.80322,3.548919
16342,-120.766716,75.75277
6484,128.27892,-26.592417
14335,98.892685,-46.276543
10497,83.898026,-96.76444
16143,-137.88322,113.5351
1263,41.406517,156.87122
20308,120.11983,38.907135
9195,-72.29271,4.9063716
2508,-60.348316,-82.38939
10277,-144.93565,-62.097046
13916,15.219125,3.1397612
13541,2.9748366,11.600099
19805,154.29875,58.67719
4648,-96.74131,-149.2996
14748,101.73805,124.27852
6469,79.258865,-6.481051
4274,-102.45224,-78.22696
13237,-51.97004,75.27353
19720,157.67902,-73.16432
10266,52.57887,40.90394
11979,142.51129,-0.2055932
17019,76.29456,-85.69215
16902,53.585835,-26.840881
9016,-145.96179,35.24834
4704,-45.448566,-84.28522
8061,6.940991,36.842922
11801,-175.67697,-56.857952
15592,-74.22323,-8.381896
16032,-65.53519,34.61749
11533,31.430714,94.26172
99,44.45052,-15.310792
7674,-54.365067,-79.24869
18558,0.82002485,-75.60422
11279,100.65118,-18.31671
16517,144.5842,-63.12746
3339,-164.04971,-8.224284
16320,14.018766,10.464895
7832,101.99098,-81.53263
8866,-165.36555,48.475254
10185,-10.699412,-183.77042
5663,139.29976,-68.037926
19334,126.39481,97.31229
8994,-105.157906,2.4632614
5489,-139.26624,7.4813957
19367,21.126747,27.145014
15213,145.84116,-14.052973
9666,-75.536095,-115.672386
20329,127.04958,13.423407
17473,-102.41452,-127.586624
10129,-113.37623,-128.53683
10948,79.06836,69.62106
5586,-73.59196,26.003382
419,34.46059,200.99062
11809,129.5998,-19.827196
13273,-67.87736,52.729713
10195,-5.12385,-189.35408
11006,27.694506,97.60069
12335,-143.83192,118.01697
6992,-39.825478,-61.422684
15086,143.5493,-1.5019624
19277,18.358652,-38.070873
16290,-124.15542,74.41615
11409,71.471054,97.3226
11126,55.83672,-110.89125
11331,-163.83011,44.257973
7527,-57.11337,-89.9174
10930,63.997902,-115.86283
8973,-88.65836,86.3796
13805,99.29766,120.93079
4669,0.58882767,-180.51208
31,81.96322,-10.709486
13744,38.756634,-127.13147
11548,113.81231,-62.355396
12767,-87.84582,69.52332
5093,68.0328,45.095455
74,104.87769,-145.46556
9685,-21.646296,-184.61807
8950,-42.001442,103.05253
19285,101.84292,-81.78143
5773,49.354107,88.291145
14885,40.223896,-11.284158
18885,18.285332,29.507565
7849,6.0930305,28.843073
7182,77.7283,-97.35731
12897,-60.24757,94.03808
11896,-177.03069,-56.682766
17018,140.05882,2.2057192
16173,-132.29506,109.24443
17301,61.32876,1.1521162
11955,125.16949,60.109863
11605,2.9183097,27.827868
16495,127.98003,-18.170458
8839,-25.563429,155.83394
6182,19.13546,-49.155937
3825,-4.8651366,-190.84586
13534,72.77476,103.53183
7015,124.86987,61.57569
8110,86.31888,67.32641
19133,17.03836,28.232714
14528,28.693027,-51.49802
13351,131.03177,-18.118208
15015,77.53289,-90.95286
1717,-25.058409,171.18047
12008,-4.9711943,-30.942205
10617,-145.63585,-61.790604
8534,-140.67403,26.735548
9567,-113.664536,-127.71048
12541,-86.42575,15.753572
10482,113.05243,-152.37282
13774,-134.32365,-49.396507
7459,89.229225,24.542282
9426,-110.352516,-137.93417
19018,17.86118,-56.300545
1930,-108.93967,3.8718503
18822,-132.68718,-52.771065
1504,32.117096,169.59439
5535,-72.42473,4.6047626
14367,158.53511,22.367374
6530,20.739307,-11.311771
9867,-0.41998532,-191.73724
8912,-59.604374,19.731968
11474,88.021255,-93.61484
7924,74.256516,96.15484
6345,18.956238,-13.155963
5496,-91.25835,31.014742
10169,2.0928075,-173.58441
9979,-8.304406,-183.59317
8428,-160.14412,38.68748
12910,-89.850296,-115.064316
10162,-1.5796775,-174.24539
15672,-144.63448,102.90901
13202,-156.3504,60.31274
6740,-88.55357,68.34203
3491,7.498124,-18.506638
8436,-131.06488,30.225805
4553,100.8709,-43.71526
16828,121.83599,-14.135666
4568,-22.219704,-12.281129
18567,43.270973,-26.26608
2170,-109.66115,-136.97012
12004,96.6488,-153.22826
6569,124.352715,59.71508
13884,27.401096,2.428838
20161,120.209724,-143.92416
16871,154.27444,22.540936
13066,-89.322296,10.199572
12502,-59.50297,101.39962
14473,122.75596,-2.735877
11908,-136.29932,-7.2385654
7238,89.88987,23.463923
20236,-34.425766,-120.93145
7016,125.63063,58.73372
11657,93.77302,23.4491
5468,-159.44215,116.43453
13867,-26.453245,25.603779
10033,-77.05318,-115.67965
10876,59.132637,-34.68695
19169,31.563822,74.51293
11545,-25.523901,27.113485
9911,-101.61835,-103.99511
4373,94.48448,119.35308
19864,95.75816,62.32048
15877,-110.20847,-27.737747
13500,34.732765,98.3434
18977,39.580826,-110.17806
4459,-54.09123,-88.724815
20030,68.31223,-62.901085
8452,-111.35807,-28.8859
12128,-49.982548,-41.330654
6863,-139.80888,116.48089
11417,59.56046,28.99235
4190,145.08011,-65.23689
9788,-115.1471,-135.69974
9695,-7.2536697,-183.67905
18505,132.16937,100.334915
13861,-26.535616,26.08912
12804,-143.54031,35.17167
15687,-70.04966,31.178673
13123,-128.15332,76.79514
2274,45.79062,9.248026
9967,-7.938221,-182.28128
16675,-0.7061957,36.070393
13049,-27.776808,140.91492
14812,66.33952,-93.11568
10683,36.61292,10.154324
12084,44.927536,-110.88396
15058,83.31405,-55.38534
9717,-109.91654,-138.20126
10242,109.04744,92.89413
12206,15.122952,0.16335309
1842,44.04534,157.57518
4372,51.71063,-118.223694
9379,-44.618576,-85.570595
13581,78.44172,38.245304
11828,72.13641,-13.989657
13537,14.41766,-82.54808
16941,-101.85656,-41.819313
4792,-23.99286,-181.17429
15798,-124.241516,70.57535
9013,-50.533104,59.068344
18685,156.87125,-12.827115
8411,-158.02972,117.96363
1784,18.831808,-11.337842
16604,88.78936,-54.20845
10346,123.6357,84.41885
513,88.33251,-22.467392
17211,5.7846017,27.837381
8958,-163.82141,-9.600849
8393,-147.00209,101.20508
15031,109.69439,-145.22641
17312,-125.82032,-10.217915
11752,-169.48682,-51.88115
2833,-89.95064,85.8609
2386,121.4807,42.12013
8319,-53.57453,74.78546
16373,-90.52058,11.605619
13132,-38.079235,83.02168
16673,128.565,34.292786
19936,133.711,-17.426096
19688,-161.47292,-88.4579
3754,146.84058,-66.4487
9099,-47.196312,104.7117
9382,-102.45029,-127.62453
20402,88.174416,61.48052
7622,3.711617,-197.50627
14425,-7.3512816,-85.48566
17383,132.87334,-19.697706
11751,-170.21965,-51.756912
17142,142.16438,-1.2185494
18670,139.53949,-22.695017
9406,-78.5634,-94.924164
18608,85.57746,70.25566
10521,165.37462,-25.86723
3319,-160.55415,74.99966
16594,-173.15695,-50.151
12348,-43.108757,88.002335
19876,-23.890917,19.695349
15630,-97.74989,13.072848
12378,-47.58196,28.026022
7501,-47.842567,-88.73554
7567,-106.85015,-140.55801
14188,159.4734,-10.306857
10986,-143.60298,-66.51393
14258,-10.207053,-73.57593
7911,109.00511,7.8227577
16149,-87.98802,69.17956
3745,-45.200558,110.2038
14979,77.16432,-45.38151
6509,96.71504,-154.1191
10613,35.57853,144.5882
6086,73.6483,15.974152
10047,-21.574236,-184.3246
16066,-156.84424,61.887108
18630,131.99211,-36.38241
1746,45.779846,9.209674
12632,-137.74362,35.34392
3503,142.3291,-63.122456
15270,150.22385,-73.899086
17316,5.632791,38.206657
13236,-162.99402,51.773663
851,117.38855,-141.5392
41,89.40964,-11.756645
8344,-45.91889,87.56773
11318,143.17398,-56.317406
11646,87.85864,-48.04525
11550,151.65309,-21.114105
11532,79.71346,38.46324
13914,-169.57439,-60.118637
5789,7.598064,24.18273
12554,-53.272118,55.272877
19416,69.41807,-61.60608
13524,153.34978,63.72047
13635,71.22303,104.21886
11471,46.41838,-98.464615
10091,-97.28704,-107.66515
20573,-73.1557,27.366465
2259,-24.753435,173.76376
3714,136.6682,95.324394
10878,157.35574,20.438515
18732,-36.792522,-85.05997
2549,-159.29248,-92.15584
13752,78.72627,40.377327
16516,158.10393,-13.481684
12729,-159.37097,35.01635
1460,33.075905,168.20201
8851,-54.01895,34.839718
17448,-101.963425,-104.42164
724,46.613453,180.40987
16417,-3.8902745,-39.235165
9018,-58.494526,111.37062
16888,9.009908,36.99222
12455,-135.83894,-6.9967666
19155,123.74566,41.36416
6380,32.008743,41.861675
12450,-56.57745,53.515923
11806,144.82059,67.07096
6725,-69.86813,27.518978
10910,-17.393444,-54.109642
13074,-162.59431,-11.743096
1483,31.354963,170.78926
11051,76.06415,-5.5203714
8208,-49.27527,86.56194
2158,-31.712732,152.4591
16968,70.44253,94.73896
16633,48.486248,-39.852318
14104,70.26897,-23.946253
12481,-65.98389,-2.3475144
17186,-4.7162223,-38.867455
11452,149.48839,-69.95186
17138,32.727684,94.803795
4385,146.61537,-67.02368
13676,76.69595,102.698906
7767,46.71945,-111.03135
14831,159.21437,63.86324
10487,41.085915,-55.482563
20311,134.09854,-35.787483
1451,31.447054,169.70532
15757,-147.86508,116.27139
18602,10.985959,40.445866
19874,12.8946295,35.33996
20225,135.34258,21.989008
15494,-112.573784,26.840094
13595,-136.2103,-8.245536
12257,22.123075,23.21321
16024,-42.54717,109.571144
3380,85.98131,-22.727695
20596,-127.41257,1.1627985
19198,56.356567,31.530407
10098,-87.134346,-116.437065
12394,-48.068165,54.754635
9075,-88.46425,14.58145
11833,123.84781,74.944855
17358,61.86016,9.337503
12692,-65.49989,84.524414
19525,43.754944,-26.393896
9916,-43.291615,-117.353935
14591,49.10372,-118.984726
10573,101.064964,-81.82622
15438,-46.241325,97.8383
15663,-69.207565,-6.4454365
3527,144.66525,-56.77505
11536,142.30109,-61.6107
1897,-105.32892,0.76443785
8618,-138.10095,9.212023
18666,156.95117,60.673603
16747,74.88502,105.223915
9850,1.9913161,-174.26059
10836,11.064437,-11.403732
16421,73.20491,101.453766
1241,-140.11165,5.7348666
11336,32.56279,-57.10973
5428,-64.227646,66.52624
3390,106.86551,1.223262
8807,-77.81792,79.393745
7247,3.977242,-7.0104465
38,64.29607,-23.031372
8009,51.7679,42.219616
7268,83.4798,69.669426
16690,107.26603,17.528938
18709,9.516331,33.256897
19113,87.49632,63.147438
80,6.5077796,21.483625
18796,23.714287,32.198105
12452,-135.32248,119.05297
14738,160.64009,20.551971
14121,15.249512,40.941692
7038,-158.82303,-88.719955
6250,119.13663,-24.838848
16038,-39.87096,94.54484
11822,106.3813,123.83616
3783,40.465332,-100.26083
17149,139.67908,-24.957727
14752,117.21774,-146.67229
4763,-93.98183,-145.35373
15682,-134.9071,106.74703
12995,-90.90027,14.981448
11099,-5.4395223,-85.423874
11966,98.798195,123.32062
8463,-71.34534,-7.3538346
7749,-59.37251,-47.815594
16619,47.458843,-42.928246
16068,-62.26155,105.20525
12922,-64.02405,-9.135891
102,143.67924,-58.095943
8425,-131.03926,29.006144
10096,-87.81923,-63.01305
16267,-82.50962,42.147774
18870,27.231058,-112.3025
19694,86.56118,-53.620174
12432,-94.04191,20.00316
9036,-30.728146,144.1192
12571,-45.769596,87.75977
14811,67.33733,99.86822
8151,-164.7541,-88.41236
18854,71.46279,97.375015
7341,79.99759,66.71608
8343,-159.61368,59.419163
702,-73.35875,23.874464
14386,117.62588,-37.044266
6319,152.52101,49.040165
8410,-168.42368,-6.8784084
8509,-141.28352,3.6240332
14313,78.227776,-81.15223
6758,-69.50988,51.057537
19976,29.61858,75.08148
16210,-70.69493,-5.8302684
20042,37.77663,-126.76783
8481,-48.509327,85.112274
7260,102.84194,41.724243
16699,30.879265,75.66973
16132,-162.37906,68.26277
10364,114.96915,-45.585716
7710,-44.139214,-123.233795
13431,85.425064,48.37406
16518,103.99495,-140.48758
16834,25.501015,18.598486
10045,5.1906843,-194.91362
9031,-49.27613,58.045776
11636,79.439285,15.239314
12886,-45.79815,87.428825
7656,-42.36143,-120.895294
16026,-137.82106,34.846394
10329,107.23017,-150.01488
7880,109.56739,41.123306
6596,39.23701,4.125621
6451,83.50292,67.70357
11012,52.56237,101.84734
16181,-154.45148,66.66421
17172,60.89898,59.75313
5688,111.23154,-141.55095
5436,-20.78861,150.9191
9409,-79.23739,-122.9105
20476,131.19823,-18.872566
12645,-21.994188,151.4739
11053,-111.72231,-42.592007
2520,-59.93905,-82.06076
17125,-44.273033,47.69501
7569,-116.448204,-138.93704
8298,-62.645992,73.98564
16126,-59.920258,100.97815
6122,89.28123,-27.162327
19541,-22.810652,-11.606728
8555,-162.83466,58.292313
3246,-100.305824,84.18158
9848,-5.0007396,-176.04861
14878,108.35963,-0.94192034
12322,-69.76325,59.460598
19783,11.299309,37.563053
11830,-120.39036,-13.883384
17242,158.64961,56.258987
19514,85.18171,65.28536
13874,-180.99129,-54.39674
10404,-5.14115,-102.75549
16884,24.01146,-82.89715
7794,96.175095,-147.71709
15580,-50.635803,104.9345
3312,-136.99991,104.467
13277,-80.75581,43.74359
10921,136.68544,95.57709
16478,49.92835,-118.362236
11355,22.484293,36.578377
14553,-173.09494,-49.913544
13441,106.450485,-143.45044
9024,-133.78714,39.713554
12370,-63.781387,16.79712
19809,152.65468,58.111996
18695,16.407244,-44.022987
3510,-60.321445,-85.64246
12310,-140.0683,34.451298
15415,-52.414104,96.05177
12609,-112.35859,37.17556
14775,1.7694185,29.26101
16750,89.39537,22.500246
19090,-176.047,-58.30215
14164,-4.6819453,-74.86868
14016,5.3691406,35.47413
11156,-176.7207,-55.345432
15656,-159.52925,35.003246
15680,-65.03283,39.208366
16914,117.36948,-146.62535
7652,-113.27919,-120.768524
14067,8.507118,28.390238
20039,1.8632262,39.116917
8697,-101.07942,-34.863586
11298,47.605213,-41.49802
10210,-79.13575,-122.19247
15266,4.6124287,-21.285286
10743,-54.410553,-80.19837
13098,-64.660126,-2.9837127
9688,-11.031168,-179.63315
3681,112.17691,-22.240772
10584,-21.414808,-55.181095
14345,23.148016,-41.31384
10004,-42.657173,-93.44699
11009,-0.63247186,38.786392
12569,-93.689125,12.97078
7632,-120.84599,-30.604866
6118,30.332674,68.37434
1104,-32.959785,62.157223
11741,128.77136,96.47454
7671,-54.364582,-79.21696
11808,60.496815,-40.130665
12771,-29.812117,151.56125
18530,109.311844,-145.5555
8120,76.240105,-65.99248
13619,-22.421116,-51.577072
15963,-90.66871,11.415321
19756,169.26044,0.7451633
4187,66.49202,106.73662
10946,84.2158,70.18345
7019,4.882091,-21.04255
11319,45.672836,-115.844864
14764,114.15276,-48.78011
18835,12.195567,45.70743
16047,-142.09656,32.103703
9959,-21.39058,-183.15198
13951,91.24255,23.718058
10670,-174.28775,-56.79338
9480,-115.79816,-139.78534
7933,27.170528,72.93532
18511,65.95535,41.901714
17300,150.70052,55.685104
7851,96.192314,118.64481
13366,33.60022,-118.23341
10535,85.28754,30.379465
14684,36.206753,74.05124
3564,29.45792,73.84611
19848,99.29812,-146.63019
13591,-149.05704,-64.77491
10840,104.09695,125.34093
14225,53.42183,-89.51468
16721,89.71523,63.596695
6440,106.70491,121.681206
17115,77.087975,66.21598
12083,116.11558,-41.427788
9039,-125.94173,109.71101
17332,122.89488,73.99399
20343,140.81877,-25.96804
12973,-130.55692,74.76183
20349,83.207016,61.27279
20383,57.95634,6.0243487
2199,-101.911736,-22.895279
5668,57.46371,13.383202
10032,-78.93862,-107.693054
18716,-8.193289,-104.00313
7604,-111.58174,-127.96622
7066,99.83471,-16.86309
14260,32.67715,72.66724
1531,32.89983,167.22446
12442,-146.45557,63.336266
13333,47.232456,-98.78556
13157,-58.28241,102.84068
13363,77.08544,100.24536
12879,-137.06308,102.822914
12839,-75.345894,-9.125507
11789,48.232807,-117.05415
9169,-63.94718,16.801146
12402,-137.67928,9.69983
14338,23.615644,41.300297
15465,-42.937614,92.76482
15535,-110.63821,25.941896
13633,-60.990025,-50.1976
16463,-60.291767,-51.049576
1706,88.01623,-40.789368
9067,-46.3784,103.8489
12788,-154.44185,76.5223
14886,-168.2867,-58.60853
7489,-119.788475,-127.7215
15088,164.84837,-28.013454
2041,76.16969,-38.941147
16180,-79.95223,80.75443
9290,-100.88603,-92.054535
13433,17.638653,-84.49478
4767,-100.53474,-77.44199
2588,-187.59755,65.066505
16682,62.8828,9.681874
15300,103.75055,42.121323
11841,60.25618,19.325117
9780,-2.8593078,-191.3139
4960,1.5254049,31.104778
15960,-63.354126,102.40034
13968,-1.4228623,-76.91059
12327,-133.23553,118.481926
16725,-10.564763,-56.719124
8198,-100.991264,80.813065
20072,150.58879,-71.22958
16052,-55.584297,-6.0772223
8112,85.48722,48.208584
11713,79.04586,-88.76355
11267,-9.434034,-77.83471
3429,-139.0158,100.393326
11790,11.407589,33.734528
4441,44.24068,178.93565
19027,114.973145,31.282856
17293,112.54955,-35.31147
15624,-54.593037,33.391052
18442,-11.311392,-57.348675
13877,21.109264,36.07502
16425,135.38695,22.016464
4616,-87.79178,-112.28343
3323,-137.33423,8.227861
2701,105.50107,-0.68631864
7586,-114.85015,-119.596886
8829,-146.21353,104.07078
11085,101.840515,-143.54437
3494,102.810616,123.55162
5396,-61.033497,-11.253285
14285,-115.05011,-36.21732
10282,-102.27548,-22.649075
7293,82.24572,-88.411354
10216,-115.721596,-126.62036
1888,-32.94695,62.15635
16608,63.333824,60.446987
9053,-37.2532,98.95428
8574,-131.4676,98.52578
5434,-129.89323,107.31639
12546,-62.675632,73.993095
15581,-78.241745,45.74234
14943,32.545578,-30.18249
13826,54.075558,-27.589836
9232,-91.644905,-68.78324
8493,-81.84807,35.711582
14590,88.395004,1.1656675
18925,51.322086,41.160175
16266,-85.65757,16.500984
11742,99.03815,-147.66393
19549,73.57874,-59.594433
11998,94.4842,-151.74017
11602,139.4017,-67.98534
9769,1.1074101,-171.65096
11967,126.46559,-17.543026
17179,2.9563036,30.589725
14398,-15.048533,-16.026321
8797,-137.66606,118.97048
20234,81.028175,99.61145
15217,-11.693089,-97.88161
8675,-138.2358,105.12847
9104,-70.33731,-9.766468
2471,-102.34254,-22.659828
6732,-91.84325,42.728233
7539,92.313324,-22.929699
3257,-58.105743,53.499817
7721,-116.55115,-122.372894
20470,45.738205,-116.02144
15998,-78.47848,41.20892
9826,-82.1432,-113.65149
12078,64.05018,-63.2962
9862,-22.419634,-185.37701
6567,32.82868,15.431284
19504,63.33536,1.9525579
20229,118.94617,41.95385
1511,30.328667,167.66702
8977,-49.366653,34.513653
13434,29.038378,71.20558
17340,88.5998,78.10985
16183,-143.49763,31.586613
19297,140.55295,-13.021708
9076,-75.0356,-9.283864
12138,48.254284,-118.12697
13100,-115.15818,27.310364
194,139.86926,-63.76439
13980,7.6785054,28.391048
16945,-20.18183,-11.312368
6123,-40.811554,-126.18252
15150,100.99896,-75.68005
16559,55.448093,30.805033
10826,82.92628,90.4031
12931,-49.82108,87.206055
10514,-141.3935,-67.01064
17014,13.023907,-12.349526
14392,9.721683,17.674986
11858,102.07196,-82.44732
16926,3.6280563,31.713938
7222,107.06698,2.812185
11561,41.770184,-10.311134
7502,-46.15072,-89.70777
3810,-160.68028,-87.17913
2379,127.885735,13.767387
19243,-19.284698,-38.44362
2632,37.66989,200.70583
15344,-5.3106165,-85.68363
2519,-41.860477,-82.40119
17464,-100.92711,-92.12778
2018,-125.98718,-11.556079
5536,-110.07997,-27.553814
15519,-59.629578,39.590965
19016,114.29666,-151.46858
6245,24.970985,-7.0164027
19099,47.78123,43.229774
14639,152.8777,55.68345
65102,128.4931,-14.993323
18664,79.96551,-89.6708
18833,1.2418076,41.813637
13401,120.56646,38.497612
378,89.86073,-21.936865
15245,30.807035,94.92921
3833,102.64656,125.64769
7864,-162.76561,-88.06038
13446,7.5753045,-33.51928
13462,46.452633,-40.712242
14730,60.676575,29.47832
14994,141.89447,-21.803537
11798,67.93607,-65.36641
15057,87.67477,6.9297147
12813,-45.541443,95.843
11147,36.84582,31.096956
7290,106.93415,20.956024
17158,13.068779,-52.340126
8610,-58.28192,95.533325
19375,15.084062,0.21548021
6826,-117.00021,-44.889977
14739,69.46173,-62.30711
14432,150.38527,59.87012
12960,-96.87151,32.37083
5481,-59.566837,-10.2980585
14168,146.81964,52.503555
9822,-112.73705,-116.983444
16882,-38.887035,46.015453
3368,74.07302,-85.01707
15852,-74.667725,26.404188
16105,-107.15548,48.16317
18987,23.980782,-53.856155
9583,-94.35258,-58.595016
15134,80.10537,70.795135
12171,80.00983,70.89373
11776,19.621756,-51.14049
6841,-40.64119,7.889119
16550,68.04762,-61.47634
12044,47.126125,-100.58732
11329,77.930756,-97.72384
8723,-26.487537,149.44785
11054,45.883667,-111.97763
11668,-0.45729634,-74.78327
4651,-99.78885,-80.94091
9605,-56.701977,-90.839066
9130,-22.555218,147.80011
18765,39.032867,-78.4514
11094,131.19229,-61.047615
9084,-61.141174,30.439495
15609,-114.85915,75.07109
12809,-160.46182,75.583755
9120,-71.82405,77.30844
14320,85.23901,0.2794688
4795,-56.749332,-87.90987
9901,-109.95043,-143.16145
13334,19.093716,-81.23696
8849,-167.48549,-6.097363
11984,72.813,102.590385
11134,122.35544,76.003
20136,84.83087,-53.211514
2003,148.1018,59.426212
1939,-24.545416,173.34258
11980,125.11271,38.112053
15520,-94.178024,58.187977
10661,96.347,119.01258
10322,82.0433,-88.43002
10628,65.4838,-56.141113
3110,76.12233,-39.09608
5676,0.12028974,-76.15598
8404,-80.466064,33.073162
11569,-128.50432,-11.471055
10981,20.273552,-85.37163
13952,151.34595,63.404808
4513,-44.941265,45.274704
4358,112.097786,-75.04437
5474,-97.796165,36.636276
8804,-53.525913,74.82077
18841,142.91888,-1.4565846
6917,-21.230228,-56.57388
10909,55.73323,-26.318733
4993,77.951706,-35.97286
12226,99.5172,-146.05743
17222,-169.75874,-58.838573
10022,-96.542015,-148.39455
17430,-80.672646,-86.89593
10186,-5.812262,-175.12897
13478,16.820652,-79.37951
16854,59.036762,28.499811
13430,99.222664,-146.27942
14556,124.68698,39.36697
10625,159.06313,60.59767
12209,-19.420212,-38.63836
15287,111.42244,-138.52907
9671,-44.547466,-111.94764
4664,-12.941334,-190.04756
7141,46.52804,2.8108554
13408,158.55315,-12.038492
3957,158.83829,-74.45344
15387,-53.032196,108.218506
20249,16.24468,29.733326
775,-25.968113,166.08067
12638,-42.59221,92.384834
9352,-46.016083,-94.13322
16779,-57.37809,-89.99542
17108,-167.33719,-59.462795
8766,-122.861046,66.286934
13910,-14.744352,-46.36408
7613,-101.48942,-81.02986
9080,-87.37371,69.58029
6327,114.66023,-152.68658
18804,95.14018,-152.0666
12930,-43.114246,97.32279
18533,158.61305,-72.479904
8030,128.23047,41.8163
18653,-1.4524225,-30.023224
5762,13.753118,33.5073
7355,48.624153,42.08797
6601,144.34558,-20.551474
11423,81.06293,-14.415477
19220,45.00585,-58.70675
12077,70.1199,65.83354
12053,41.678226,-82.31756
7177,131.41576,-16.396969
6125,-173.79364,-56.079292
18942,-51.389236,-40.61773
17046,87.45278,71.33913
16719,-18.96891,-37.583115
7025,88.09372,70.083275
2120,-92.92051,76.97738
3753,86.85966,65.82366
19065,20.115973,-7.979013
8320,-170.3705,-5.1548142
15770,-65.67288,40.169106
14021,129.12958,95.76879
8069,-53.46673,-81.327255
11424,47.695126,-30.789158
15426,-95.73731,42.860443
18957,87.64727,7.0010467
12296,-160.5161,33.398266
5557,-60.32889,41.045055
18978,29.91346,98.57054
10246,176.52025,5.098492
14151,45.278023,-118.6452
11303,-17.865004,-40.972775
3505,140.88036,-11.999279
12539,-181.39767,62.77982
13776,116.99996,94.243
8228,-34.427975,146.20717
16389,76.37113,73.71827
706,144.15126,-1.1996336
16910,124.971634,94.66596
145,145.15024,-64.921295
33,38.55432,2.8545556
4749,-5.2827954,-191.10086
10586,-162.133,-79.30354
14663,97.48707,-145.6822
12610,-48.355007,95.53644
2553,106.268456,-21.522486
11975,99.581375,-18.730354
10499,20.500616,25.273804
19761,66.38509,97.37622
18462,-21.466154,-11.35028
9644,-0.70821804,-172.68982
1464,39.420704,161.29997
9419,-101.97752,-113.661476
16413,6.693244,41.645927
4281,32.56323,71.373276
12873,-159.45267,37.902187
15480,-72.431946,28.814045
4559,32.710243,15.3099785
13186,-88.16949,14.87302
16439,61.07885,-103.761635
14447,84.110466,66.16468
19158,148.912,-30.471117
10674,145.74165,-14.269889
1781,3.9450853,-196.66129
14603,-100.345245,-29.74444
9460,-115.9378,-122.17996
13475,112.25222,-75.01741
19998,-21.777767,28.887993
20538,-41.43122,53.31844
8754,-66.33893,-7.8944087
12398,-26.087486,165.3259
7736,-17.816208,-54.534275
18613,78.642204,-36.067352
13195,-93.80314,19.29401
17637,-116.49925,-125.05459
19053,124.75746,32.186375
1200,-57.125385,58.219025
12017,100.01097,121.04071
7531,-50.676163,-87.9497
11431,-174.70792,-57.767254
15626,-138.14113,96.502945
4130,143.09508,-64.51024
15758,-73.733154,2.2070785
11736,139.52167,-67.92715
16170,-161.76546,44.63547
14507,48.57452,-39.513065
17575,-8.8430195,-181.7849
1113,-111.1843,42.245514
12242,79.40283,-88.26012
13064,-107.35244,43.19133
9800,-76.44601,-108.073235
18454,158.64943,20.96462
3816,-142.3231,-52.73711
9030,-52.114716,51.93305
14633,19.074375,-47.140377
6543,-175.08365,-50.356197
19013,130.94028,-13.603049
9654,-90.49536,-68.06409
4142,-78.5217,-115.39409
12987,-161.09544,34.125538
4808,-77.48136,-87.785805
12024,29.638426,-52.597046
15045,23.234493,38.290833
19193,60.583275,2.3172297
15484,-165.5853,-4.1278586
7930,46.66848,-2.1769779
6510,72.03016,-54.929214
19528,82.26305,65.323395
8022,13.295627,-53.687393
20083,100.10528,-72.16535
8983,-26.789192,152.14314
18598,51.47665,40.09563
3538,42.63208,177.49144
9982,-2.8242474,-192.45082
1238,79.04494,60.84869
14129,95.91344,-47.89626
9942,-120.53939,-128.3592
12480,-56.820908,95.87398
9657,-65.74815,-81.88308
6220,23.135954,-41.317
11020,75.97368,-5.464612
11565,1.1112999,-57.843086
700,124.7912,36.212456
12824,-125.89973,76.49275
14828,57.262577,6.2746215
11750,-56.237865,-41.36531
19150,140.78699,-19.110336
2119,-103.47307,65.391594
10849,140.34015,-24.058804
13056,-136.4126,117.645676
14953,53.012836,-89.610794
19228,-134.483,-49.15915
14703,103.20896,45.096336
12445,-65.67313,-19.626348
20726,-166.74806,60.705414
11748,17.161587,-81.40982
15020,61.525696,-103.74057
18689,20.600616,43.882847
9316,-2.1164048,-199.55914
1341,74.60431,107.666275
2863,-93.0767,75.98513
9274,-4.994174,-189.14073
12867,-163.67609,48.832962
12652,-56.949142,0.6756663
6437,55.566208,-118.05503
15423,-78.13343,80.12615
11272,68.49774,107.89661
6410,6.364014,29.972546
4618,-98.74194,-79.9479
15639,-52.79739,26.820107
298,41.993248,158.7769
12097,114.623085,-61.50263
13110,-126.42967,77.294754
5521,-59.773575,107.50074
14478,40.53815,7.097049
7633,-95.511925,-53.79309
12606,-52.532444,55.377815
9577,-10.774449,-179.99289
17114,-22.15884,-51.65636
19414,176.56456,5.4231195
17420,-36.412735,-120.84372
11739,45.526802,-1.2425898
11419,-177.6588,-51.496513
10859,64.69042,99.06645
6214,-20.301664,-11.265752
11760,59.41794,78.62652
15621,-162.81367,59.486057
12916,-58.591927,111.19456
7734,-98.48263,-126.81788
12314,-125.28606,109.956764
13278,-169.23569,-7.181656
14845,-146.33167,-57.396324
8,64.83919,-24.981709
14384,130.9624,-47.026554
15429,-25.024586,152.87091
2600,-159.93488,37.63935
3254,-159.16519,68.78481
8465,-145.83704,35.17544
11690,94.03995,19.61867
12923,-61.658386,-14.94386
12945,-58.439384,57.603664
10774,108.151924,17.902853
9367,-59.944363,-81.97786
14900,11.11536,-52.230476
1985,43.949062,179.37366
7163,122.14419,35.71959
8857,-70.18441,30.942965
10771,104.81133,-0.5171231
2612,-87.706535,41.69532
16152,-39.38404,98.709854
14522,107.61776,22.686342
7715,-100.45554,-80.08127
16410,13.400358,26.601654
8881,-36.505978,92.94179
3796,88.589035,21.905214
13800,107.02299,17.853998
9509,-110.49989,-138.44557
9192,-90.826096,13.295881
14888,153.33977,53.506657
13944,111.10825,-62.47306
4356,43.170662,-12.538785
14133,12.775976,24.958742
13654,44.472572,-111.746284
16350,-74.01083,27.815376
11996,99.25232,-45.935028
15736,-61.304546,39.15267
10434,6.5497575,34.261116
5603,-144.63507,48.267044
65500,-113.56571,-115.691
20518,-132.83621,111.42938
18787,123.53762,44.086433
2895,-160.1814,118.06495
13051,-67.99288,28.711798
561,20.794418,-49.145664
9946,-12.225348,-179.88176
18600,148.95511,60.26302
752,2.024126,5.7496924
14733,38.99962,-116.26161
13374,87.969574,22.381351
15595,-154.93874,68.50149
19612,158.32527,60.07991
3405,80.88663,74.92531
792,22.560398,-50.38716
15525,-106.25157,3.0622642
16087,-160.28468,-6.351816
20481,-45.47035,53.587387
10882,82.848625,-97.03028
4804,-117.13165,-140.9006
13121,-148.94386,64.33828
3873,35.387707,201.50574
16533,0.86217886,34.314857
13491,32.23314,67.93859
5962,30.292942,169.1626
16312,-60.32335,100.78977
13693,51.331577,-113.48444
2011,26.518578,33.61734
9931,-100.45588,-80.53366
8406,-46.52022,17.338787
12385,-162.50406,56.995693
15914,-59.68535,69.25194
12881,-162.20465,50.148
17311,85.41495,-58.230003
12730,-148.83226,114.9755
13672,124.85034,-0.6277664
8130,8.958809,22.6998
14771,77.71084,-91.58947
9315,-100.45226,-80.16808
16637,-127.45791,-8.185323
14477,-45.694176,47.26787
7566,-108.43895,-133.24011
8908,-30.132418,152.71236
12833,-108.88391,3.6712728
18437,15.569274,34.144405
11860,86.027534,-85.191795
4663,-15.178386,-186.73935
6404,156.91245,58.922718
12261,148.00986,58.98292
20219,130.96939,-18.891697
9219,-115.389206,-139.85866
2941,78.643616,-47.540092
14037,77.17733,108.26437
10389,142.37245,-25.59493
18982,181.47057,2.786436
5664,96.00954,-149.58801
14054,167.33725,-26.850933
8012,-20.613708,-52.541798
6805,-58.656017,110.71415
15940,-94.48624,57.995262
19071,32.453415,75.71269
8758,-94.516426,42.399563
8232,-68.83818,24.005594
7438,-160.38391,-88.3885
15285,62.77699,9.66182
12141,73.95674,104.30754
12533,-59.323452,-10.249709
20133,115.02233,31.312246
5101,58.872738,78.39257
13973,47.37399,-110.43909
19923,99.28618,-16.247597
3431,85.63443,-22.528967
16992,-20.761555,11.415424
4863,-92.72236,-64.14727
16016,-147.14743,48.892273
3253,-128.16748,122.827385
12418,-136.2423,101.70395
19423,109.97037,-152.2192
20153,77.93907,96.10287
7956,-0.32653168,-21.688684
12076,39.395664,1.5548458
4745,-9.488009,-173.43004
12236,55.46868,13.401171
14704,156.21736,-10.878119
20004,14.137939,22.16427
9978,1.7732729,-201.78647
13614,68.01258,100.48837
12357,-103.02895,1.6024991
12835,-63.631218,-7.4733357
12666,-52.146973,51.911537
11803,-20.145144,6.7847743
11616,160.60095,54.17313
6073,67.96032,96.73582
19672,109.60849,-151.64915
12775,-44.087185,31.28024
4789,-79.04176,-93.90442
18652,-14.502873,-52.87045
13830,-12.052257,-73.78837
7994,-119.11615,-45.249516
20102,20.94112,-85.45969
2710,127.75231,37.926952
16766,29.907497,-59.20151
10928,38.69947,-105.70327
12473,-46.334465,31.689854
11625,112.600105,-149.1751
10755,145.62347,-41.947624
6710,-53.211967,95.30392
10660,30.615776,75.126945
6638,115.10018,-146.89908
6138,111.18196,-78.66794
14785,-9.502974,-97.59415
7291,70.58467,-25.447262
8794,-46.771614,97.89861
18824,90.693535,66.94964
15130,54.910633,34.14334
6696,-73.79184,64.51672
297,89.67849,-10.964235
9607,-54.205223,-93.19926
12137,29.76958,-101.40272
8259,-97.93986,31.151085
15575,-103.70663,65.1457
9637,-10.914776,-177.801
19048,-7.4936724,-101.827965
5565,-134.02184,39.80867
3784,-7.121081,-184.24571
18932,135.4927,52.46331
7124,-31.468983,47.776047
16316,-46.071674,87.52877
5180,34.498478,198.52551
15574,-29.98463,152.34178
14852,124.82282,74.136475
16671,-9.568693,-72.37435
12933,-159.60643,59.325138
17639,-88.19552,-63.75809
6381,102.39375,-24.975933
7361,109.84511,-152.20578
20265,178.71515,4.974396
20112,128.58745,13.773169
9628,5.3253865,-195.58492
9999,-45.120422,-86.05874
16314,-107.15336,39.986717
11210,78.016136,-94.22352
20191,-135.23976,-50.428925
10297,66.27013,-35.04737
15277,74.31836,68.3468
15049,77.02271,-89.98964
14978,-19.146498,-54.14026
11827,60.879395,-42.72755
12148,115.17165,-44.582508
11177,128.47777,96.5202
17749,-89.24891,-65.85478
8442,-39.00491,87.521614
9676,-42.43682,-121.18262
3699,77.23903,11.782219
3955,72.39756,94.96319
9584,-77.35618,-112.8646
19261,58.248886,77.608475
2506,-58.9323,-82.71861
16083,-146.82573,117.17765
4003,-116.55591,-44.092445
9,143.0805,-63.265846
17432,-80.70646,-86.404976
8225,-130.31328,97.32551
20559,-83.87257,39.396946
9745,-101.8683,-104.577034
12711,-155.00932,34.387917
19995,-51.004314,-45.510498
3066,3.997735,-6.728239
13057,-75.69434,80.37656
5003,132.53778,-33.59901
19911,72.342705,91.24648
16740,31.431494,-31.359062
10481,-139.26924,-56.76118
14675,152.9982,58.318493
12493,-101.62395,-20.437168
14562,114.86547,-151.10367
14962,101.25726,121.436646
13330,12.219984,26.269665
12669,-30.593933,157.27032
49,17.983807,42.307034
11676,59.79815,95.61334
9940,34.6602,-93.43597
19552,128.18909,13.460184
9152,-153.31464,47.418736
7030,74.5424,108.71174
14855,-40.17025,-59.4903
10114,-93.38076,-64.26118
16315,-93.12943,57.687267
9034,-66.607735,-13.200427
19265,65.66731,40.022964
15489,-157.17912,116.98549
13216,-50.114323,30.845613
12695,-144.47713,103.510056
17576,5.6739216,-193.51147
17307,152.53017,60.880386
14110,-2.136668,-85.09847
4145,12.889245,19.801289
14532,122.27765,83.049095
6487,-113.47007,-29.477156
1637,45.458103,178.51282
14691,34.083637,93.809975
20466,4.827544,25.108534
12738,-97.79656,81.5086
15675,-88.906334,45.167995
15422,-22.142673,151.62872
11697,-2.2241645,-30.834558
13291,-52.07783,-3.271749
19555,24.409039,-54.007404
17302,178.72491,3.1339984
11712,121.02127,-36.469936
19759,122.56144,-7.700307
14787,101.52038,-76.02325
6525,21.08569,-48.0144
19197,166.51865,-26.689552
6216,-2.0179696,-8.665434
11615,104.429726,125.90969
11039,145.06479,-56.315704
189,57.99348,29.756256
10753,-59.962498,70.91414
6129,-0.5976741,-31.032389
19850,126.324844,96.217316
17552,-101.878265,-83.185646
14183,105.939095,-0.9701963
4723,-44.489555,-95.95663
7580,-116.45766,-140.61653
13996,70.90299,109.34568
4390,131.4338,-61.099586
8957,-55.45764,67.5676
11185,127.41806,98.975784
18879,49.047035,-30.682856
9920,-36.379265,-120.74312
6810,-164.07515,-8.5578
3389,137.42268,53.231632
11047,127.35752,14.058098
15229,123.066185,75.08138
16416,-125.55276,-11.326964
175,42.101555,160.01233
20078,36.98625,-77.50605
13678,150.30908,-73.75992
7157,60.302097,28.746212
11618,31.351269,69.05627
6058,110.45127,-153.41608
15772,-151.3611,66.58505
5669,-45.685936,39.681313
14387,116.73522,-36.735073
6423,65.98217,27.953014
6344,-3.0203488,-81.01373
19990,-174.53389,-49.923035
6957,-158.41518,-88.66347
3704,65.50929,-56.21612
9890,-99.97866,-111.904785
13950,32.03582,-110.40265
14088,52.60655,-28.815622
10232,-78.94532,-107.6874
2610,-144.7757,48.45351
9602,-48.045918,-83.61156
8285,-89.26244,74.84993
19280,107.1051,20.620699
3895,35.62508,200.7851
705,-142.35995,-72.42866
690,25.071272,132.91893
17279,27.284811,98.832275
11878,105.600784,-73.91524
17227,126.596405,39.441105
6868,-157.26279,119.76393
16667,66.009605,-57.03208
5523,-161.50305,113.60012
11964,58.69237,-37.76133
14256,2.6036305,29.613142
11877,81.01671,-96.58846
15036,-0.17954011,-8.957917
18924,46.47231,-41.964348
8715,-166.48537,-6.207515
15375,-56.776646,70.17314
7598,-110.13622,-126.0227
5615,-45.988735,58.315624
11635,67.74796,93.43324
15261,14.456453,24.237707
10135,-36.348118,-120.91959
9994,-54.458622,-80.15306
16989,126.32992,-16.376657
12790,-144.0001,103.063545
17392,110.731606,-150.36214
14792,79.30145,39.608093
18601,76.53804,-91.77668
412,34.51114,168.75441
9665,-75.42204,-121.258156
7984,-110.87722,-43.27075
20198,-5.805692,-86.74127
10002,-41.72611,-92.90228
12145,99.38478,-21.692297
10558,39.50688,-104.1666
18933,128.89627,-16.696331
2902,99.46377,-21.853352
19029,123.498146,72.03663
3573,-90.29388,-108.74319
9408,-118.312706,-141.00635
19926,77.90694,-92.24098
16587,25.656435,74.5095
12974,-60.98635,-9.575568
5609,-66.363,-9.294978
10113,-97.56414,-106.54584
16247,-2.3014326,-8.004802
7634,-99.18452,-112.88354
15554,-49.51164,50.18418
4483,35.09845,199.3717
14951,37.3734,-112.28571
3575,-145.63533,99.28125
19922,43.256405,-110.072845
21535,69.875694,105.87423
7364,60.863842,-28.735239
14594,116.07367,50.84052
13873,144.0392,-23.35911
12743,-120.86206,74.254166
19103,50.573856,44.20991
11637,69.03473,-70.350945
10480,81.24726,15.465332
15504,62.123657,-2.5109591
1653,-90.28715,86.896095
2685,3.471405,11.408405
90,48.705692,37.997944
9808,-70.88494,-114.12693
11261,60.807766,-103.95905
18730,-0.79091036,-30.10147
9704,-0.9362826,-180.91318
6059,143.86325,-54.80737
16709,29.669476,95.953
2752,104.71236,59.90203
19890,39.718723,-104.3171
3460,-74.723885,-88.16043
2631,126.30634,35.48636
15724,-113.00592,27.881226
18943,98.5939,117.27578
13482,-18.209637,-54.4316
19303,90.78526,22.071596
8221,-49.122585,70.14962
11907,-55.248383,-46.551548
7766,85.17654,-47.782482
16903,140.78941,-12.351323
9683,-5.310416,-176.65909
19175,167.17026,-26.02794
19357,144.48859,54.80271
14180,103.87035,123.66804
16496,160.73293,22.721481
15410,-128.87486,35.40756
7216,43.590805,-1.1865999
16160,-100.88396,61.93364
3502,122.449905,98.38675
8843,15.703676,73.30743
14519,137.58817,-21.7916
8745,-165.75269,50.119606
16171,-83.14275,24.872578
5050,142.71205,-63.513878
9925,-69.927216,-113.77232
19791,15.891851,37.068626
13170,-104.65402,88.88864
6299,-56.90913,-43.575024
15540,-55.98075,105.37073
14380,68.68633,-61.705822
13370,44.03757,-6.644353
9929,-81.78474,-86.458374
15076,8.629942,25.582535
8311,-78.66307,53.60483
19078,-9.784252,-29.591497
7313,-175.68523,-56.09887
3330,-109.49508,34.796696
4376,76.437935,-50.366787
12485,-39.80494,80.25634
10409,146.19069,56.973167
16120,-143.59427,34.498627
9680,-40.62244,-125.9493
19237,74.47138,102.00628
11021,59.642887,78.674805
8760,-65.42923,66.66595
11919,-93.3369,-63.29594
9329,39.56024,-33.15922
11669,-9.093992,-70.04463
3914,67.58734,59.285786
10099,-76.28613,-108.9249
5465,-99.61937,-22.291403
20113,88.49854,72.44027
14390,74.407196,-85.28542
2049,-111.041954,37.522686
11169,125.13811,94.74564
18607,18.897276,-79.316475
7235,-7.833222,-105.37099
13659,68.86253,58.15626
20231,125.10096,59.145344
14457,-168.47015,-58.33058
13313,111.85933,-78.79329
12885,-50.77359,31.207653
15459,-125.69131,73.44981
11864,-8.091871,-107.12723
13295,-138.63783,117.823135
20582,-75.59909,6.8265038
18577,-58.522903,-51.20609
16923,102.76926,-3.202052
20138,155.37624,23.841597
16818,-51.72954,-49.925205
3362,130.30118,97.21672
1323,24.196148,133.88185
12614,-46.956028,50.52101
15467,-132.34479,32.403732
8775,-158.35182,117.36339
12797,-74.099045,-12.263152
13427,28.512138,74.33156
19353,46.75435,-38.945293
8007,-155.62428,-89.85358
6831,-94.580635,-146.28294
6377,57.97136,-34.246803
8790,-137.21754,116.979
5055,21.6258,39.535397
7844,33.161987,74.38487
19632,-134.52522,-52.302937
11686,16.938585,-24.963879
16912,61.939075,11.0246935
15802,-106.45455,-31.104359
11016,45.959774,-118.11409
18911,83.69067,63.389256
10894,-2.5955017,-42.235584
5690,115.16899,-141.74722
13117,-39.432915,67.80599
3152,85.4461,-22.480906
12316,-44.104904,88.60556
10105,-116.03929,-139.40802
6979,-23.637161,-51.552063
1914,34.310192,170.11018
19116,66.63563,-68.26816
10853,155.61212,23.85967
6539,108.36021,-152.6081
17131,122.802055,39.290314
15254,108.10443,2.4682875
10828,65.24542,104.00647
13833,16.912458,44.10729
12656,-101.06078,45.689377
12376,-131.61044,3.9255214
14870,-6.254773,-103.423416
12683,-136.761,118.36972
16982,105.00561,-76.756226
19984,81.469635,65.74091
13246,-48.562542,85.19759
13415,67.06725,-64.54381
9812,-81.002426,-86.02721
13350,123.0576,84.22341
3228,-55.452446,-6.137472
14348,144.62259,-41.22342
11795,-3.1120412,-44.404156
8462,-132.67697,32.002216
6429,-135.46577,-51.42514
9050,-100.03035,-40.129124
13456,48.78462,-38.469677
1335,34.693596,145.13313
4002,-117.04404,-45.01552
20557,-42.801853,60.799324
6234,48.4151,-38.538517
19611,-170.46924,-49.684433
19254,127.00762,101.00733
9617,-48.551937,-90.14307
1776,-110.05523,42.527443
11716,72.120445,104.4161
10632,40.931156,-113.12995
9447,-117.69654,-140.38452
10920,70.129105,105.52385
10510,42.430138,-111.31648
16123,-93.840744,80.2045
7997,-109.1192,-42.70672
19557,17.13382,-37.504612
2831,-89.9949,85.68253
3789,76.92668,27.104752
9133,-52.380863,62.892563
20621,-42.028786,86.8527
8765,-105.23576,2.485189
20062,176.67717,5.314054
19276,127.86351,97.98642
4782,-40.718037,-122.51099
13792,-19.625513,6.3420134
15143,-27.094051,25.730349
10429,-177.65552,-51.47899
20543,-135.8251,104.66433
8081,17.471495,-49.966873
8048,-114.99173,-35.76022
7800,52.946754,45.370808
6325,71.78518,-14.301096
6819,-138.93399,100.58732
10651,68.77905,58.30018
16800,-125.39789,-8.848294
8966,-107.85592,-31.386515
9085,-119.46853,77.18325
12511,-83.51293,40.63755
15782,-93.91548,80.15124
8266,-91.00213,55.157215
13526,-8.903923,-89.71128
8486,-181.23468,62.827694
278,-162.78476,-92.606285
20128,94.27767,3.6215212
17310,70.11823,102.58688
6897,-103.17658,-21.500853
12900,-74.23011,78.3688
18838,19.753847,-81.87754
10855,3.9790814,-77.370995
3734,-6.1971507,-84.37225
11702,29.554909,99.0606
16465,21.848827,-86.813866
16615,20.05827,-50.21054
17648,-94.429474,-55.248722
16303,-50.39354,27.208563
7351,62.17513,3.4738872
19121,44.678867,-116.337
12793,-110.650925,46.1754
9283,-41.714127,-122.309166
15744,-125.525024,68.25859
15560,-55.18116,38.299
2019,19.92676,40.495064
17370,-14.864862,-16.197056
7065,30.920208,92.066536
14073,76.8613,70.21083
8047,99.67519,104.71119
15924,-160.97719,33.098076
14419,104.69253,122.70982
11924,29.070436,71.530556
10831,48.455612,-26.704765
15892,-137.99747,24.371494
17308,-4.208996,-38.701668
15735,-138.4336,24.584045
20564,-154.71938,65.525
7021,52.317085,-87.54102
14665,17.135406,-81.781975
9731,-93.5124,-146.45186
15512,-95.907005,60.087498
13616,105.69922,-141.78331
17123,132.83319,-16.92069
9538,-78.0726,-123.37688
8155,81.72974,65.28741
4999,81.40239,64.25054
8363,-156.35355,48.037548
15026,93.07323,126.071655
12288,-46.560997,97.87801
13588,4.19042,29.540794
14599,41.243755,-36.906605
6493,10.901167,-11.378713
15146,32.731987,14.914605
11354,47.777477,-21.944427
20091,127.59784,41.665447
12665,-56.39784,105.077255
1720,-24.922977,172.39352
14161,154.99168,25.037584
17741,-88.73623,-115.723206
15305,119.226265,32.596573
17402,113.445595,-21.337933
12625,-55.725132,104.46426
15473,-137.82593,4.309194
13540,122.403206,33.254593
17074,14.386993,-39.025887
13573,43.14342,-105.851006
14288,90.87796,94.945366
13353,-167.79558,-59.103886
11153,-18.539684,-55.24493
15705,-39.026955,86.01301
17244,99.60705,122.03323
8016,127.774254,-60.33671
13178,-60.932247,44.00122
1789,81.28978,63.29074
19037,-154.00948,-57.590607
10031,-96.19927,-108.359924
9694,-2.8246505,-189.45464
6775,-73.18695,32.87117
11339,14.908043,35.38743
13564,-115.74078,-38.979233
9110,-146.85234,114.266365
7408,-162.40611,-89.20395
11694,-114.58725,-36.57837
19245,-14.079377,-57.21519
13801,97.86787,-78.917015
12874,-62.252716,-3.3915443
10028,-100.01344,-79.352295
17397,-101.73757,-41.53385
14921,-11.375635,-72.12251
11324,58.057854,26.271458
9407,-78.57924,-94.90024
10668,151.77998,57.57463
13608,2.9223833,11.673898
6431,12.454688,37.80622
9244,-79.43312,-109.9294
12657,-37.718266,100.76988
14609,54.186,-26.338638
8764,-181.183,62.035282
19879,101.7114,127.45807
12664,-46.97484,98.40953
8076,33.354313,23.483797
8054,-142.77895,-53.498543
5041,-4.979547,-29.230612
6864,-98.52222,64.660416
6332,-165.2545,-86.84051
10730,102.70564,40.498074
16645,35.012203,-109.40801
10633,-3.2479818,-25.996546
14922,1.8535918,-27.950481
14630,58.828487,31.458248
17250,-155.56555,-89.89803
10689,55.55319,-114.19906
9860,-8.000834,-185.41512
1503,39.27445,161.38753
20508,-55.42752,-0.022876851
6913,111.22842,-20.344019
790,-100.19442,87.76543
659,108.04212,17.931522
6280,105.58151,-141.97693
17551,-113.90475,-134.60913
18571,21.894587,37.98575
17343,51.235977,39.616688
9846,-23.073664,-186.68687
11057,143.26611,-19.294376
15385,-58.344387,62.86126
11900,30.63019,82.22314
8741,-48.630077,94.29499
15061,107.17175,-143.86595
13244,-189.96683,64.64764
19609,62.12726,3.1645055
10150,-108.69892,-144.42212
19097,126.18858,97.110535
19797,105.982895,-142.1316
20605,-35.08021,97.86528
4465,3.126644,26.04121
7276,64.99588,-25.299194
16877,92.06215,23.025229
12438,-58.685425,96.114
15330,13.692198,26.387379
15761,-136.08885,117.1343
14278,157.316,23.27658
13853,38.850315,-126.70427
12180,132.31525,-47.472424
14758,77.62847,69.9131
10453,153.5589,61.656433
16934,13.756457,30.239695
12131,83.7807,-97.143394
9065,-68.798874,23.973228
6078,-1.1892165,-9.860248
11562,-113.36672,-39.560352
5473,-100.15297,91.43236
19165,127.44982,98.93427
9359,-37.50196,-85.060196
17480,-108.743645,-144.405
6984,72.15342,103.208496
9236,-77.10867,-110.90426
15365,-65.59917,0.08174201
1249,146.24025,-64.02146
19270,6.4113703,39.110817
10847,-158.79866,-86.302345
10553,53.055653,43.473103
11440,110.59831,-132.35222
3144,78.4059,-85.77275
4324,130.47565,-19.946383
16198,-74.791725,-4.828367
5779,67.36391,-69.07492
16430,96.85162,-21.75576
14062,28.407404,96.529175
18721,137.34106,-25.56878
12100,142.47049,-3.8505805
6504,162.78552,20.954485
747,45.154583,179.38445
7256,17.082615,22.951239
15876,-71.935425,-1.6100497
11508,127.75392,93.447525
11777,41.525658,-55.725132
16814,-143.7515,-67.52617
7642,-97.9636,-13.188411
16079,-81.93434,36.117718
7760,121.76341,41.951946
377,26.986897,133.96033
12834,-77.8489,80.01077
4565,41.261486,-77.90177
7694,-115.12103,-135.70862
9502,-81.21178,-123.19648
11058,-145.202,-58.14454
7113,47.533997,-116.85584
11011,70.66769,105.99632
7272,142.43675,-61.917126
14274,40.719242,83.362625
8982,-149.34834,55.360672
9972,0.65371144,-171.32687
18485,157.5424,56.608032
18680,74.08147,81.84748
10248,77.79273,14.340566
4732,-41.357452,-93.853195
17104,16.552488,24.975904
13063,-93.719955,80.881035
20584,-30.847404,150.64816
15461,-158.99297,71.381256
12660,-166.71436,-6.179997
14033,128.71536,99.08134
12807,-30.194082,147.70766
9431,-92.85681,-146.96475
10181,-16.288969,-188.40317
1932,72.075615,2.9871671
18469,32.280807,96.590866
6433,22.280916,-13.937023
18625,44.458424,-58.266365
6774,-62.458103,61.02723
14861,141.88414,-22.658567
19548,135.1283,20.996967
15648,-56.805763,-41.107204
16751,111.07113,-141.4323
8084,78.267975,41.65957
15145,60.93521,-103.719826
12616,-62.987026,37.60786
15281,105.17873,-78.26333
13920,-17.83731,13.613077
6403,-45.546913,46.11101
12560,-94.89123,31.691994
2118,-149.90564,115.03622
14155,101.60855,119.400986
15799,-81.81824,36.125637
15567,-35.233093,150.5246
13399,76.17575,68.32822
13495,-167.61444,-53.234303
17373,98.66713,-14.834854
5640,95.99805,-22.768923
9522,0.913018,-177.16025
7519,-49.241367,-88.589516
11205,45.732162,-110.89501
2714,56.73822,32.691406
13165,-137.57118,103.545815
16644,142.52803,-2.1738775
12181,32.141872,-30.712002
7654,-99.24262,-79.18744
10993,-16.48633,27.362236
19607,119.12578,-3.2588968
19114,-119.12128,-29.207062
3084,-43.953518,-85.681816
16842,55.398003,13.444881
12769,-93.27659,7.6804957
7735,54.784096,-0.033666536
6664,-67.88601,-10.83194
5675,79.057045,-34.690125
13745,10.951311,-52.2371
9475,-102.017784,-80.53667
6561,85.11431,21.20781
6793,-104.898094,88.8827
9060,-98.23914,88.73591
12978,-158.51018,31.856306
12192,123.026146,34.756367
14745,-3.5711238,20.572163
7891,29.365705,88.87952
15491,-146.76984,33.84911
1589,36.11729,199.60345
20319,42.05995,-70.906044
16551,19.038475,-84.62394
15808,-160.23792,-6.326534
19040,111.91093,-60.961426
5678,82.109856,66.71261
11531,-120.05902,-27.354963
10563,99.85396,123.50669
2525,-48.05271,-89.09436
1877,-95.39297,65.90551
6880,-155.43767,120.78549
16473,18.726475,-24.999296
12537,-167.45872,-6.3859735
14659,-22.022736,28.881908
10733,-172.2202,-53.860626
6663,-138.0787,33.358902
7679,-50.19722,-91.55464
10864,48.761425,27.214405
12895,-106.291885,40.517193
4645,-72.168045,-120.02028
9778,0.7894201,-197.0523
10650,31.587929,97.12107
9489,-1.4708382,-188.41797
19997,37.035362,31.059734
8668,-99.29675,-32.274666
4776,-99.672935,-77.05496
19916,148.99867,-69.18675
3621,145.02728,-64.15036
13050,-29.549412,152.06476
6875,-164.17316,-8.456903
13679,-162.98077,-87.683
7499,-73.537506,-112.80021
16159,-168.47597,-4.267402
8920,-141.83249,107.86559
18984,66.89669,106.749664
6358,56.43961,-18.455873
8946,-95.91523,43.80893
6874,-157.91689,116.94585
14174,156.76378,-13.320829
10844,-5.2451715,-43.75816
19696,-7.7452154,-22.014227
15623,-91.819626,42.67366
16086,-73.30688,28.383673
18812,42.026478,-11.199724
16811,18.879452,-53.9887
16763,124.36969,75.80847
1276,58.83617,28.08451
4352,-78.7654,-122.38574
20092,84.56978,62.724606
8823,-48.747345,95.248215
18776,54.55204,-28.473875
18756,67.40251,-33.945568
20379,131.8561,-18.078205
4010,67.04427,41.099598
12315,-54.808205,65.392746
10296,13.284639,34.897522
17101,40.98543,-78.6709
13990,-1.8948753,-32.403492
4188,179.1057,3.081386
9715,-99.04669,-79.23541
16100,-77.492516,77.133644
11364,47.083023,26.755568
10310,8.469315,-30.961596
1468,32.227573,168.42717
17304,-44.328587,46.397915
11942,133.38983,-36.981373
688,30.60823,73.231064
19851,27.381784,96.50011
7951,39.484245,-118.9284
13790,33.030598,-16.940838
19499,78.004364,64.53111
6360,34.58459,142.19719
13340,55.55707,-22.408087
1119,-111.275475,42.37102
8083,80.200645,-89.16447
11847,14.739261,25.456532
12039,128.87257,42.480274
8826,-108.385956,1.6497091
11778,-4.930863,-27.432531
11049,78.067,75.104836
9310,-43.250385,-121.46082
13391,86.00555,-89.80819
16885,-171.1087,-54.434254
15709,-43.360302,92.31755
11487,13.412072,40.53547
12223,141.92854,33.972054
7605,-111.5827,-127.955284
19556,24.525784,-54.315353
19092,87.912384,-54.898617
11581,-110.14407,-42.421516
9793,-77.74906,-113.14263
19661,123.46904,-4.5131984
11554,30.156218,92.88271
17255,-129.55602,-48.40344
14604,72.40979,91.44329
8833,-92.96497,42.808178
7193,40.459423,-100.636856
10120,-100.684586,-114.4064
9102,-163.05252,35.82767
9505,-44.098408,-121.32168
19176,73.484116,103.300285
9938,-80.419785,-115.64882
15014,156.765,-10.702126
11639,69.29417,-62.83643
14584,-18.398104,-55.0138
16995,45.63638,-117.20506
8743,-55.036743,38.456448
13611,13.922667,37.381264
16677,140.94893,-22.612879
9902,-45.5004,-122.721596
12230,42.416603,-56.302525
8360,-58.444702,102.6008
6518,-95.94502,60.150635
7786,29.314392,96.94583
14577,40.886757,-75.28247
14234,-145.25471,-63.502514
14120,158.97192,57.259686
15792,-161.45938,32.885384
19429,-111.547,-42.516823
7170,42.794056,160.86948
16364,-127.562614,1.8044517
12650,-60.155556,-5.275699
1723,-25.318493,173.57957
11648,32.132156,97.98274
7252,53.557827,-22.461098
17624,-70.02694,-114.34176
12110,-44.946655,47.587837
16208,-28.479967,144.55258
13220,-46.83103,31.99062
19185,45.21972,-95.43399
14856,8.405449,31.60719
14267,8.110607,33.011574
15021,-19.675198,-66.71015
15379,-85.56797,16.685156
19685,93.36533,28.184484
6359,58.333126,79.003784
6488,87.942764,-40.538322
1800,-96.087074,65.9559
10134,-108.21594,-134.33249
5710,-125.939926,-13.297685
9760,-5.2745357,-192.03967
6295,84.8,81.72233
15513,-86.70716,42.210087
14341,18.765953,-93.597084
2134,-93.44699,8.555053
11861,99.95617,-42.93783
19306,-4.418519,-86.07295
1484,32.741173,169.56828
5977,37.181522,152.43402
7607,-97.55445,-106.49682
10612,-4.126988,-85.87713
14152,179.63542,4.446088
13191,-50.711655,31.661171
8846,-139.53838,108.93979
9354,-42.011433,-93.27345
14839,67.410904,37.99147
3968,-161.68936,-92.494125
2830,-122.30265,3.4658825
14058,123.67126,34.556973
6199,-62.075962,-38.834126
19630,32.43932,-30.577997
11913,52.29338,68.4384
6,-32.6736,150.18744
8159,86.736275,-48.911613
4276,-1.9003474,-8.629838
15586,-157.197,72.817986
8633,-123.32921,66.35427
13698,143.9681,-3.6869276
16217,-23.984747,148.16019
15430,-138.28685,5.0554404
18746,-2.6003823,-29.0107
14718,52.40127,-27.033901
8011,184.0747,3.9606142
15847,-33.407898,152.5067
3916,44.43476,175.21695
5401,-44.617847,85.12345
13717,65.793526,101.853676
16570,141.9529,-22.442078
2055,99.237045,-26.329424
13265,-100.93017,44.899754
18551,-42.2958,44.320827
680,-61.585915,92.545456
16142,-101.17026,63.382126
11225,95.50586,86.433846
19086,119.45302,-147.72316
20132,118.21878,-144.66904
19692,-10.24956,-98.57226
10947,95.804794,86.417694
9892,-99.22692,-112.69439
4810,-74.93462,-124.92677
12947,-57.59735,70.85305
10316,81.035126,99.484535
2521,-53.552383,-92.48142
11304,-18.665588,11.79817
11737,70.728195,98.34995
11155,6.40311,19.662985
12075,0.48311302,-74.70012
8031,-168.33363,-58.63284
8595,-132.28433,109.21222
6428,50.766747,-106.705215
11738,146.77931,60.534622
13404,85.9134,66.49997
8591,-112.310745,37.1925
15566,-131.05122,28.98529
9189,-40.616817,82.31571
14946,143.3652,-0.88804096
19508,11.448466,-47.803993
11747,43.636257,-1.2338727
9981,-22.763506,-183.19576
19655,57.513805,41.206135
9090,-60.85673,25.605967
12723,-140.09894,35.21018
2236,-25.392965,172.07793
15149,75.79415,71.78917
14533,178.88774,4.6456804
17081,22.179115,-9.877998
7208,77.58255,-36.92492
10307,-99.54016,-37.41431
11586,101.79521,-81.79778
3249,-116.13571,78.85388
17233,124.95655,37.405487
13118,-152.51437,114.29575
11853,-21.83375,-12.347999
1850,-98.34249,-34.683773
760,-111.87366,41.912518
17732,83.26098,67.58377
8326,-124.91333,69.132385
10300,94.47993,119.20094
8844,-61.69578,40.20737
8907,-126.04572,74.60911
19753,92.5893,126.173485
20702,-131.75458,110.57046
19410,81.00445,-57.457867
8659,-82.65888,42.528934
11202,10.111563,37.133614
20486,-120.32423,77.25017
19919,90.21924,118.91053
7012,121.28317,-4.243847
18791,97.76388,-23.29654
16867,45.625645,-111.07881
5730,125.70374,42.718544
18921,48.875156,-114.64793
10311,123.98485,62.55812
12429,-77.26482,41.76069
13323,-12.785922,-59.055138
15471,-100.69152,-38.672092
19152,102.50935,-143.47786
12364,-137.81152,8.254784
11574,46.478905,-39.225735
8812,-96.90908,90.39987
11246,-12.403004,-70.71168
10846,159.59785,62.913895
10319,122.72593,32.562103
16634,8.2804,26.822811
10132,-87.20201,-116.27491
15659,-83.489586,81.42618
13376,158.21463,23.716496
18857,176.38031,1.7890753
7473,-102.427574,-103.246796
6468,-14.69929,-46.730457
12263,91.91693,-149.00134
12207,-20.008982,-9.587685
14727,40.17948,-11.265033
9963,-5.255066,-176.68645
16684,41.83033,-79.28427
15440,-181.42654,63.663563
15123,97.20188,-38.97974
18507,-3.4070919,-39.13649
15250,-1.2571268,-29.01779
14884,31.739935,-30.836384
11289,42.72932,-56.55883
9073,-39.150818,79.824356
15527,-100.1891,88.543274
9878,-70.211075,-114.44284
776,-25.467878,174.24678
8933,-132.83418,45.907635
17124,40.59641,-77.54715
19336,100.93258,120.4831
14255,102.0795,125.21778
8792,-66.78428,97.70283
2841,-90.0542,85.254524
12170,152.84167,52.27809
10911,-8.038764,-102.70915
16130,-65.34398,-40.170673
16392,70.69689,1.5774022
15347,63.122208,2.1431396
12030,67.718376,-61.95737
7902,166.4239,-28.500399
15463,-53.79723,27.795237
11216,-3.1464121,-30.085339
7755,58.101597,28.537086
4587,46.070305,-119.248566
10680,178.07457,11.107916
6553,17.582796,91.95215
14474,68.24983,-65.740074
9775,4.6503935,-195.56554
17161,-10.860359,-58.002155
8936,-135.32405,117.44566
11556,30.697168,77.827415
10766,44.282288,-108.969536
19985,124.08691,96.15681
8717,-164.45311,51.66149
14732,-17.824465,-54.888813
10655,24.975254,32.061516
52,82.57876,-12.375522
14056,155.57571,56.74291
8001,-2.319842,-9.05239
13627,70.16143,2.8177392
18901,66.45176,94.66403
8174,35.041092,145.16116
13371,81.82669,100.66493
12146,-159.51683,-87.33936
6820,-135.87831,100.717354
19669,-24.707119,25.702522
19119,78.17319,-91.755646
7925,120.104645,-5.0979376
11426,126.55639,62.26766
5913,37.882305,174.74506
6065,-103.88463,-39.77494
14689,151.52664,61.452927
8443,-144.2972,106.32834
13694,-20.546545,29.629152
8582,-50.13532,61.14473
14479,100.61641,-149.92587
14395,39.373436,-103.85484
16947,-11.939109,-56.49017
5511,-101.96563,-23.63804
4309,154.98775,50.831688
18694,75.19845,99.815506
12792,-157.43138,63.453053
1677,23.228046,134.11772
12993,-186.97116,63.173225
9974,0.34788385,-181.33253
7855,-102.29923,-23.02598
18494,-8.343984,-103.750626
19026,89.84754,3.274405
8387,-62.538162,56.031483
15849,-72.896095,26.936718
11030,155.11028,51.87527
3605,-92.09576,-114.68631
100,106.329346,-140.48384
50,112.87158,-44.416355
15273,54.954983,-29.37166
10656,102.94788,41.94683
15653,-72.773094,27.924301
6835,-102.127594,95.80545
10616,52.868263,42.139202
9421,-115.77363,-124.68514
7955,67.11916,71.71961
19884,132.52267,-33.575523
18961,67.920815,37.632084
64555,9.585802,-11.012668
15842,-161.32535,60.63667
19701,-2.4251986,-38.552578
8111,96.07988,-152.77664
13312,8.80114,36.163486
8114,122.732185,-4.0223694
5722,-111.45408,-42.66337
15982,-50.26508,111.45263
1975,157.72446,54.496956
18871,40.46707,-100.93454
13264,-167.04436,-3.805807
4433,-98.729904,-126.50065
10843,113.50566,57.081818
6066,45.515892,6.8667183
12396,-137.78836,117.57053
12821,-144.50723,106.01705
12755,-77.95527,46.29543
17216,107.86343,-75.74979
15850,-148.70435,118.282875
13161,-157.57697,120.60454
9754,4.8013983,-194.88808
19760,87.32337,2.1908739
16582,44.09296,-58.08876
17314,-2.86053,-37.702835
12944,-58.94338,29.755987
6705,-39.803585,80.21088
13913,-45.62759,47.76125
18781,6.775383,-19.171307
19208,31.248783,98.01142
17362,-18.65515,11.807325
15983,-60.83358,101.25757
20154,122.8366,35.93468
19620,105.726135,-140.85823
14750,84.5652,20.745676
4791,-13.334111,-179.45358
1334,26.915405,133.70187
6779,-52.14791,27.790272
8254,-56.301273,69.57352
8149,27.120253,2.844216
17467,-116.287186,-140.69463
2027,107.80295,23.438984
83,42.64638,158.85072
18543,-7.332469,-85.5477
18803,62.040607,9.35897
11237,-142.45714,-52.99885
13009,-71.31043,24.895203
11906,121.71791,73.79519
19428,120.97945,35.174294
11691,75.626915,-90.97831
19394,155.70319,56.456093
8049,30.28118,-59.875736
19896,0.9410821,36.812126
12235,127.72429,-60.201294
14817,110.58289,-153.9473
6784,-58.39471,-42.7199
19636,140.27844,-19.506031
14076,85.951614,-89.38331
13167,-60.447308,93.75491
14735,17.697031,-82.35945
12894,-105.24455,0.8566814
13665,61.32466,30.201899
19653,93.867035,19.750603
4554,81.489365,-7.7485538
16713,45.426777,-9.46671
11573,50.160137,45.02157
13189,-76.40172,27.273024
425,44.157726,178.40976
8138,48.9672,-40.44134
12143,-159.36015,-5.529413
4966,-57.968365,-42.780937
8567,-31.171028,153.80582
19217,90.652756,44.25403
7432,3.988889,-6.913591
8583,-72.13161,-7.586117
9264,-43.377728,-116.7537
6828,-133.5165,120.36353
15530,-157.19916,72.8144
16994,46.80798,45.83714
9285,-112.70935,-123.036385
8357,-103.41643,65.700096
8544,-128.6263,1.241907
17155,-3.2391112,-38.32632
18836,-143.75134,-70.30489
9748,-109.59047,-137.73932
14931,151.8514,59.495388
11743,146.2072,-64.01425
9570,-4.043142,-189.92581
589,97.89536,-23.35361
2592,-162.3593,33.74219
18763,39.49231,-78.818535
14825,74.21707,-59.620117
14462,75.80437,-93.2318
14512,124.063896,93.538734
12361,-135.69588,4.1111836
12427,-160.79704,116.6564
19212,31.989967,93.37637
19841,17.83271,-23.960691
15860,-51.337143,50.271667
6762,-98.925354,-13.426817
13840,86.009254,62.84771
9765,-8.539744,-174.22047
1698,25.592508,131.011
7926,124.08125,97.89135
14257,101.863,47.836987
2007,-97.174194,32.53726
12372,-26.274878,145.01605
11695,-16.190594,-49.436996
12778,-147.17715,48.891006
5743,139.40924,-63.53076
11683,122.35279,39.264824
13267,-86.58401,42.144085
17547,-97.99682,-108.3064
11956,61.075565,-41.31971
838,111.16635,-154.31346
9380,-43.824806,-92.363235
16974,-14.430468,-16.597982
10095,-94.10737,-57.19909
16076,-71.84217,-7.7818036
6283,-58.168793,-41.74015
14963,122.03416,-13.509832
8161,84.22588,65.54746
10261,115.05249,-153.02643
19191,123.328804,76.819954
